feature_1,feature_2,feature_3,feature_4,feature_5,feature_6,feature_7,feature_8,feature_9,feature_10,feature_11,feature_12,feature_13,feature_14,feature_15,injury
-1.5171858241981702,3.8881203766835033,-4.430461639228636,0.7196762008884481,0.23734811948953083,-0.22873494105630887,-0.14068207794968646,1.363983416974381,0.08792121348176268,0.2792377542753513,1.8371776543685088,1.6222319410846784,0.5923789113016417,0.07843450719759962,0.7284638361975196,0
-4.0145044250780115,4.738239910388239,-0.3553425806133341,2.510191672969037,-0.9492134807566824,0.15682214683473106,-0.9820429634535541,0.7444670292033015,-3.13690958674705,0.7837794503089633,0.6136457021200791,2.982436453664678,2.0557269927324207,0.22532517954050518,-1.145638096381969,0
3.175246081675013,2.9562827039925015,-0.2513654842149715,-4.026047786079776,0.26500635906830405,4.831090093701391,-0.20238644687943586,-0.09957291619645825,-2.1153521360755727,-1.5582298485678703,0.7684192294418595,-1.0693725793899913,1.4990833435003779,0.24132320329939075,2.3842542085249008,1
0.1027085188439274,-0.5014496944012787,1.0966588167236173,3.5058452130246454,-0.4408095313485774,0.382536689588332,1.9187465946479367,-2.406175166895069,0.8296819554086637,-0.6101546392025484,2.3367030956167834,1.251924651106222,-1.0467114261406647,-1.222733254137745,-3.1762142178323662,1
0.02829686737858461,2.7327711513172566,2.402247535980596,-0.39407539723576646,0.7064066086532242,-3.8293058914664506,-0.6038016316031171,-4.592993576507508,-2.3217143611200557,-0.18501087749855402,0.8689144173470679,-2.5159799880417273,1.9047859238896816,-0.2465739131214918,-0.3453924051983721,1
1.8444631289769378,-16.272576542149835,1.4292670769427889,2.7571136071103144,1.744311252423273,-4.474035420540799,3.0226687886198493,2.165067954782447,8.764331426075861,-0.25688998392488877,-3.969283832864325,-3.7471040451786988,-3.3211407726487785,-0.02642552136706281,-2.709860300651112,0
-1.2623518036285608,-4.8722465484552195,0.16270926362385385,0.5718631579313115,1.2539317971754804,0.5309655229014396,0.27974248685833913,4.542343589173967,2.0277534431740007,-0.1965690342166925,-1.6357077916859726,0.8431614015426305,0.08706817315482174,-0.10060167515618698,-1.0043982612345181,0
2.228358534503534,-1.8058840186355936,1.3494000719738952,-3.001155679899961,0.05247805717045095,0.8836900897234087,0.8786079106019675,-0.541178294012711,-1.4695875696039198,-0.08762354625423106,-1.6404831300594986,-2.1832358724362573,3.061860120519945,0.2130803959715548,0.4449536574067927,1
-1.4413282146520594,3.08244278792258,-0.023324018474482733,1.5240871635564526,-0.5305383182926822,-0.39925463213697565,-3.0416732105801425,4.376183830830606,-0.32792301728003526,1.1059354619577089,1.537809600254483,2.5832399228930427,1.2856262332418322,0.8894709464517491,3.2061216108319153,0
0.8694447152791844,-7.989171659929133,1.467505870101435,2.730447086168368,0.18809956615274828,-4.0490117551578475,0.47254781689750724,0.7629750314314427,5.962657812895322,0.39589810694336847,-0.2483136894938014,-2.604330233593771,-2.2931729748478062,0.5075128720823281,-1.7340843150544274,0
0.7665695064926878,4.1735367938006505,-3.3828554687954364,1.2713279208644603,-0.2019999970586173,-2.868855703335968,-0.5486235767765689,-0.3449443294342065,1.047358474551981,0.14275158734642754,3.494679065647743,2.4074288080601134,0.542622980583861,-0.4959992553353133,1.9970164858735595,0
-1.0068911296142289,0.33684885826416006,1.279699621017355,2.6318954334298317,0.14944115261371754,-1.7168007964688528,-0.23736559729439266,-2.0524948076631686,-0.5382888914740821,-1.0445997893784182,0.11988762092134353,-2.918040525770759,1.767309058525111,-0.49445460282045284,-1.105051948703093,1
-1.0282009646050048,2.8157819943165063,0.32124961330706503,1.5287383952065066,-0.3347014679763642,0.5986673851005424,-1.3727289686109396,-0.5213798820085728,2.163781021524531,-0.1897867459048128,4.710571818572328,-1.4422670731202107,-3.535965585423229,-0.8135425727055355,-1.4814225218071742,1
-1.8081007265047688,5.651615818094848,0.9070451180183886,2.837508822478454,-1.7433552713511733,-2.1960521732536655,-1.3038022363824455,-3.774143613403113,-2.0976091652913222,-0.2758983942588769,2.432442060585855,0.05992707527506136,0.4049513330415122,-0.31822756475115965,-0.734829842461659,1
-2.138174652338206,-3.138347393878934,2.3360121999036028,2.0703615176046517,2.0290898599490657,-1.2098719453170632,0.5821136948180738,0.7645822121957913,-1.0419982457867998,-0.1888801367134558,-2.9914161699216235,-0.9244017732916792,-0.6797360248701095,1.1048699546987093,0.8498954646561496,0
1.0624750021751965,-7.721457253121658,2.014201054090811,0.5896371773524747,0.9903862366113527,-4.694380947359633,0.471655422387667,-0.19659534412764645,5.464554648423759,1.3919956981126695,-0.30792706810500214,-3.3354013841682395,-3.0891855422814154,0.10550074979627926,-1.7168063883866242,0
3.7852923305702153,-0.05409680415215322,0.1551950262431292,-2.3344060610008555,1.5500788239610925,-0.08894105218852144,0.7515418948772867,-1.919637220861191,0.25868104901430755,-0.9135998256030627,0.96888147260404,1.298535860738196,0.8411614860884169,-0.9130597380603075,0.3468376249653744,1
-2.5046846447683526,5.824550301746914,0.2443659199664714,2.264624004118937,1.4983115437496803,-1.2817944714704432,-3.2061104261492925,-1.6117020864493332,-1.5612723030305309,0.12606571784049764,1.7664328635521398,-0.5648522131973358,2.4031976447622863,0.695686711076125,-1.5839647628136941,1
0.30597648703935687,-2.5281475508308353,0.10236639322117691,1.4247223357588474,-1.0434994950947576,1.3932746418273547,1.6308747558888157,-1.4602955941132811,0.6254898416737734,1.684383328181538,-0.6596915565479717,-5.9061329229721435,1.32873430420987,1.14820478465649,-1.514450130127974,0
-4.174770281721068,6.650275967433237,-2.322197116193716,3.7201618038597952,1.0317987545994007,0.027835618558190944,-2.698742313035952,4.494980190249263,-0.1249925585923813,0.27118420504387725,4.856259986423275,2.7659878820006965,0.8302602327043651,-1.1199452705772128,1.1106076860171052,0
-0.10113417946682168,0.6716792691540447,-0.030056542845871004,1.7816238217598457,1.0752413069613191,3.912425304292342,2.169736823509199,-0.23731207741134042,-2.5829345756845674,1.1113760889892559,-1.0249112624167431,-0.5690529766708599,-0.8237330611600715,0.030378676412958838,2.5935879471565633,1
-2.014122756664509,0.22952223327440344,3.312920829768096,2.781406459035757,1.475133657032921,0.37614125428325695,-0.7837079262998603,2.1591443255396126,-0.5685060509449186,-3.4950452224886055,1.7503982368000306,-0.05380918679179292,-0.9052979524528277,-1.4960954913944449,0.9056829901225806,0
2.046493405489225,1.4564974627155123,0.06171505966655322,-2.184863940726779,0.8420688603779013,2.9516380881792905,3.3055821227223063,-1.03276544288406,-4.171544040825523,-0.002735556091113593,-0.2480356586203014,0.442168173479047,1.4667259578821832,-2.5188309549181844,3.2961527344736536,1
1.6633681553982822,1.3582712507699937,-1.3605345232047736,-2.546861373771412,-0.6999809002033711,1.9316676091558098,2.205395231046109,-0.4858963858400511,-2.540550980839765,-0.7769912116935443,0.00818139941012297,0.575577685022794,2.7040815493712786,0.7873751382239931,1.0500685856999465,1
-4.171036117232598,-9.776943834446474,4.588817060205989,2.5938848990378034,0.06893105230847263,-2.713253820907503,2.934289541430942,2.4495065027230964,0.9094734108860902,0.47781184626938444,-4.48428193146705,-0.256899207543414,-5.124876638408454,-0.2517790741426178,-1.0414565731906311,0
-2.790520498171152,-3.067105114293626,3.6416775074401047,1.8050910132616518,1.2429502030420623,1.9382396023537272,1.0147163614212615,0.6629197658744189,-1.9904943930450143,0.5697833505344024,-2.6771883638532668,-3.9772829580513815,-0.7482675099356388,1.172251512984841,-0.28222544099798785,0
-1.9345625253308194,3.702729744614126,-2.1494850209852103,1.9813804470750145,-0.5389121666106078,-2.6021190889920316,-3.0594035034542877,3.6405465215608213,0.4557844972126876,0.4346107155489233,1.6414058589215785,3.462035252122038,2.205536202489629,-1.3305688495201482,1.9488252979034606,0
-5.519923055143339,-5.482745086115792,5.3496736616300264,0.9696399983986543,-0.476098469442846,-0.4253273528333086,3.7553780146262996,0.39060716196559886,-4.70708092797499,-1.292429162600113,-5.461348217005928,-2.450842302298638,-3.0566299461121105,0.5627098375725612,0.34361742216212265,0
0.6887207944907625,0.9492890381411656,0.12674982700000048,-0.263489850778992,1.183375805833059,-0.38513619655985565,-0.9036442378379701,1.2464332988742084,0.14636502177383864,-0.6503153948730749,0.9641689963405327,1.0202083312243397,0.0820659760216702,0.4927839739235272,2.023905993548945,0
3.2538492552988685,1.929716898852943,1.014413019785818,-3.4303432911826066,-1.564915924160071,0.2175032190215176,-0.4293068002063227,-4.56808144276922,-2.602731011273975,-1.1030592641310144,-1.2620741590391786,-1.3159570863585361,4.375984033524295,1.3723639452651701,-1.1351047949123072,1
1.2021325126168874,-0.6353962640179669,-0.37379902686346544,-0.6218338026290193,-1.2344056577617455,-0.6924127577998999,0.5375845050672736,1.0068280189263592,1.0166150275860988,0.3627295665659698,1.3998138057761682,-0.7278992714152199,-0.3002852641237832,-1.573434838990514,1.8690716328865271,0
-2.342856952822019,7.196119155638554,0.2860621531307421,0.6502003555454746,0.2941458838891059,-2.4580492641746776,-2.9589039904986714,-2.6825619948401425,-3.3528284417489425,-0.18490661701698782,1.5859156555863008,0.49761141666897624,4.622343260502859,0.7732612214201445,-2.0287862763682702,1
-2.6228221258721574,3.2076371087786466,0.06889715679141095,1.8737960708882508,-1.529015024414789,-1.670982168039834,-1.1440775127578997,0.8588634666470252,-0.6660139279728904,-0.10750422045805064,2.029104314172937,-0.5087615623567756,-1.6553016043504347,0.4363575934111188,2.1726636231071925,0
-1.5039549562408694,5.154660759463185,1.359239374177375,0.42144331601624363,-0.5337147600446945,-3.0841258676200867,-2.411734230175953,-3.2414828174465837,-2.063702566870884,-0.43332221935663384,1.887946225526946,-0.24594480371951688,2.881631714010509,-0.16409725111239673,-2.26383209016989,1
-1.6673313010011117,1.4415963580837157,2.9173995678751132,-0.05684137926554689,-0.6468396770854272,-0.7044152201997625,0.6637701581599127,0.1984659776712594,-1.1491157356338584,-0.9245128737489688,3.738052000864308,-1.237790471222442,-0.971265195972939,-2.2758631900206985,-0.3804005077373105,1
-2.2666504778748786,6.92372210310167,0.041753765432845036,2.4884164801292505,-0.13750874443077665,-1.0538387392943531,-4.4740649028826684,-1.4671441069624866,-0.17302975587192598,-1.6930728538314095,3.3706178859080245,-1.160121681826004,1.0074580547544107,-1.0939892059513625,-1.4641927816621203,1
-2.897540796969431,-6.035451288481698,2.241973741897809,1.8300828501763058,0.6176893882633404,-5.694065213097281,2.914381540196569,0.19551621896939486,0.8462232933712776,0.3636726478389822,-1.5150412206808128,-1.2066097171683863,-2.4628321724997777,0.12100924319881162,-0.5819357836016632,0
-0.0938888300803824,-2.8644237796484835,-1.1287143983074666,3.03225999983455,1.7564932816753192,0.3467206258716411,2.242838301603422,-0.7238717005047994,1.4864857460166387,-0.9519288476762531,-0.30581108387731915,-2.6247191886308743,0.7318434220909413,0.48786683369600947,-1.7236427614902523,0
1.3702749373835363,-1.7453757962152647,-0.21342361932599352,2.0071749448593383,-0.23962788078251399,0.9203036546406467,-0.6524755588174999,-0.8945146758026373,3.3498044353542893,0.05515455734158626,1.2724795418380215,-3.486191074419497,0.5705751651072247,-0.4322833291299641,-2.7051573895036545,1
-0.8962362787569129,3.2253019853192315,-3.993490024669786,0.15289034007102975,-0.7483722964204824,-0.2292788252468152,1.3146211235012992,-0.753355880317796,0.21733273876608813,1.2346952791942618,2.678164323955242,-0.3870040467931446,0.43118109265599447,-1.8985264102225723,-0.9525617985913857,0
-0.4233352574826077,1.3005800762702528,-0.41973071788002025,0.5969688766204787,-1.814308121389617,-1.112961131290418,-0.9321607369773397,0.14173878847114407,1.4540051907066842,0.31139535741201874,2.7623680886896693,-0.4832454553358072,1.0491862614241065,-0.42676282883856803,-2.0395465156494983,0
1.3750789857833938,-13.763166715807383,2.450259433910608,3.9146508581376374,0.05705383682536383,-3.7851501562894208,1.2141111035990537,3.1349620575429054,8.610133342967362,-1.2972115391662733,-2.0275332132458876,-2.1080058942610944,-3.564354554780491,-0.08155079508977878,-2.2897021982457937,0
-0.7585530956868272,-2.5371625019028947,-2.8902094873479944,3.3445923796472696,-0.7676701543048088,-0.8112978875629995,2.367099863289803,0.18349642730920546,3.0029233378034816,-1.1491833674036658,1.133105090413236,-0.38555140747138217,0.008091651335274674,-0.028366504429595287,-2.9013039502514477,0
-1.9002954188639611,-5.856349913576218,1.1441960148077277,-0.16180632358712566,-0.9876583295984417,-1.544025057918314,2.118226320237867,3.782979178643496,1.99688485719507,-0.5049782350072989,0.12842776680981216,0.24427877274300047,0.061295153426111915,-0.6822389947743331,-2.7392350904663854,0
-3.100178863506301,9.000142339575396,-0.1074818576689558,1.4382220264685546,1.2987319394132422,-2.4604604328520394,-4.552583938419906,-2.437385818878022,-1.7298374356771136,1.3180612898373913,3.5439536946773056,-2.1052995738762075,0.6986815703756898,-0.23658408400384975,-0.05315397866890281,1
-1.4456316859977516,3.265971215989896,-1.9346319537055505,2.619634877590668,0.7693867580375736,-1.1927022418387294,-0.606161342782293,1.1910335359556985,-0.09313350216336581,0.41401294194469096,2.459519004604852,0.08737000481228008,1.7701208985259396,0.9107009710246312,1.1792185791498824,0
-4.820604974724665,9.226190370923431,-0.4529732462693681,0.8532863651111917,-1.9126784014656564,-2.5427828095087173,-7.4892852308959945,-0.4406924774863028,-1.4465507378248612,-1.2981501756374367,1.8539973942750039,-3.6338032967048255,3.610247838061543,1.3230092687080401,-1.724720757467826,1
-4.558045285857496,5.684583313017859,-1.3664421086533793,3.101150581911794,-2.7751884611081024,2.484131173389402,0.9375345074621861,-1.6255138931174455,-4.287005435167246,0.684083978776116,0.3025543721458044,0.14003632956328116,-0.08196457482495556,1.7924508231385923,-0.9650878281412466,0
-6.553110822152458,-1.4411879715919718,3.74834536169605,2.2050912447107676,-0.7328131611036991,-2.7975068193606902,1.0673800352072418,0.27615441609430924,-2.3874577449752215,1.6484126076944867,-1.8543507199518774,0.8152256762188892,-5.7286600912610135,0.6594585244393549,-0.4786160014131755,0
-2.4863084174135666,2.910317473004937,1.1536139172049698,1.5235851302481025,1.6447816462163891,-0.2427196922535766,-1.8019194869433917,1.086806757193648,0.07712529522080071,1.3253722587901913,3.3409150201762903,-0.9103634953104921,0.30387114350327904,0.9561734355606442,-1.5437711853875848,1
-1.576352302315717,2.6087902817585893,2.187330824730466,2.589769752479305,1.2396945300642426,-3.1618539096850315,0.45818292875037114,-2.85557662159441,-3.4289605964154166,-1.9982866765377374,0.6606075121494637,-0.40092127037425107,3.663497585876108,-0.013346464769981237,-0.4379951914709377,1
-2.553159165410514,-6.452019209563131,0.5507858195171855,0.9263003181377488,0.9680296071963479,-1.5571507726744418,3.119575627618292,3.4506807294904585,1.8957096167045477,0.8348357375846623,-0.4125694167739016,0.05100578519718568,-0.22105248988110326,2.3388229415282447,-3.052991832903775,0
-0.2949270099464374,0.9603090701217394,-3.599240723784429,-1.0806224912522557,-0.751856743969934,-4.241334862035698,-1.2946077725717768,0.9722862267740168,1.3471310763372228,0.3195007664155189,-0.1592676037954961,0.9682086780825211,2.887706567654169,0.006118664141802973,-0.01023350586761751,0
-6.959604636825451,14.182158693601759,-0.9891065586391026,0.9668266316842071,-0.2430121306258299,-2.1552567413829045,-7.236003328538495,-0.4621451577790632,-4.646425563014073,-0.6653358034334415,3.457478481759825,-1.3449422889389526,2.948968432995996,1.7106586725909851,-0.0199146966733319,0
1.0284203893787665,1.6283751354875207,1.7081471303554678,-0.8304716304934036,-0.022813694047922984,2.631874737096523,2.191840527890206,-1.7379083353473523,-3.9100789526163955,0.7580800102973402,-0.20775668983362916,-0.4563185667266434,-0.40587199700152476,0.5036707734621725,2.9864715905846384,1
-1.043185556120579,-9.613875174095778,0.42656459844639194,6.1775677174025105,1.4416461833422005,-1.4781953498293425,1.3077708107554888,3.9670406153325106,6.219477033130738,-0.9769318210905635,-1.7961830618361758,1.328093457546783,-3.296092277634934,0.2886096512984931,-1.932319126497041,0
-3.1715208452961727,3.8629292049221906,-3.8428512469739644,1.625690922813505,3.136686048322273,-1.1779209544037257,-0.20150362878682038,1.625941791571397,0.9824737412800584,0.9256669479078613,3.633182156434057,-2.3176116503367714,-0.7544354368389308,1.4314530207878553,0.6296087676434828,1
-2.963415476573116,2.3243945842573823,3.325646399556618,1.73083810127909,0.2503986972793056,0.5990905943716789,-1.8700126304955738,1.863159807727483,-3.0107698188990804,1.887166061671248,-0.1271593770770365,1.3562723699839878,0.4939897360820724,0.8261286338229519,1.1868641024867492,0
1.1394172837187422,-4.465574979238669,2.872379069790142,-0.4327363966742541,-1.5413576550114785,-0.96158284371944,4.317999288202042,-1.749732598507797,-3.3956115639078712,0.1311527053774716,-3.799797594379972,-0.5999687052554012,0.32295783972881487,0.975472955671135,2.9081133324046524,1
0.12622710564153428,-5.831608738761242,2.568351463626792,-1.0148271473769062,0.40146596758452824,-2.53378250235788,0.8619872481761524,1.9795808569984445,1.8350681261114843,-1.1721730470264382,-0.7476119691404555,-1.6187279968525161,0.32233294119673417,0.4790770554974521,-0.8791708900267353,0
-3.6906069100920726,-6.313057475255888,1.8385345932497879,2.360672998318687,0.7802224746014357,0.42037029674653126,1.9161723951337875,2.450407989629778,0.6280980885315822,0.300416099551269,-3.5601572816466676,-0.6267340820334772,-2.6979528415069742,-0.5530450077169359,-2.058716448905807,0
0.8234413334263451,-5.86043294208044,5.186483190214421,0.05038682782388637,-0.28163051597274696,-3.1893236109218117,1.3418430936869057,0.2994078332245673,0.6584189850332394,2.195012029127749,0.15576406920786812,-2.6918397653180772,2.411326024688672,1.667211600851755,-1.4784722422827086,1
-1.5132656555667987,4.756420033936524,1.9398833105229358,0.6119884567734244,-0.6417010304225171,-2.3594261658470463,-3.5444659880412863,0.6500405810020381,-4.117941268330144,0.4941762894237535,-1.5050102739957842,5.607210935454508,3.4968110960550804,1.2107577396175906,2.2261416945386205,0
0.12197262910620066,-0.7693707415646468,1.0549093384735515,0.1352561960526244,0.3536795955057045,1.2130126354559014,2.4697095173732233,-0.9110001934955937,-2.5619612875663296,-0.1267892516659413,-1.0630506335379035,-1.1402158871938854,1.1413440852841372,-1.357632444948907,0.9242484078385645,1
-0.23161364004719576,3.3870718947669416,-3.4112511186173466,0.46439261369038154,1.060828686985884,1.9346155367654507,-0.03529808051690497,2.2562177148061604,0.7415785775725018,-1.5314149822432306,3.5143557183707155,0.7202172745591439,1.2745939341715025,0.07226790976889787,0.2586633366089486,0
-2.763459300354133,4.987012117033583,0.06769063341822945,4.257227214701558,-1.2055286046107376,-2.6394838612901954,-1.817134970823887,-3.8910402315105355,-2.201726972856741,-0.6269837737716375,0.26319667891437737,-0.4534261537031712,2.4436744789143914,1.817368329781848,-1.9105387594778458,1
-2.855565080633781,1.6071219513734398,0.7099828614374593,0.16382813315698286,1.0959361476075746,-2.1220656353646303,-2.53539265482161,2.438135365403808,-1.0486453315656588,-1.4995960965593678,-0.5359460953821533,1.6417385357575267,1.5954114639461408,0.639020475468985,0.10391484204130541,0
-2.613367051972718,-1.6047604253452452,4.639794153910136,-0.3476217785839171,2.030953617349149,-0.8562057714658083,-1.2288477123254764,1.665757229739473,-1.8935308501863373,0.05966189369697816,-2.031032329578565,0.10487916746438919,-1.902522190241049,-1.2949739740960864,1.0381351070243912,0
-3.410356296720373,-3.8395183687165155,-0.49587974879345165,0.4832105888941136,-1.4126820670069118,-3.103118366713132,3.6464788175280862,1.164709800158806,0.2141308377614567,2.336146099599624,-0.4348358372688945,0.0854276012764199,-1.0768769923127401,-0.69622838037218,-2.2128076346759573,0
-2.6145091597363095,-4.617371134352534,4.27916587903869,0.2638711349258618,1.161908619628045,-1.029945780745094,0.7280603351518179,1.2131203061315525,1.206920962890718,-2.2366451532207154,0.19401801957227338,-2.5136870596739764,-3.4333013224426736,0.20845721705236636,-2.4156918695493332,0
0.6008510067703797,-1.6266985057601495,4.50480338457875,0.7651393787501743,-0.6015115147698592,2.9746684459939607,5.154238754658412,-0.12309766165464642,-4.931930354123236,-0.7621051933876727,0.6750554318053132,-0.6882642719426031,1.3355191006004083,0.5228712669142984,2.6130991237185057,1
0.07755014155060058,-2.9456315904883548,6.9396853932803495,-0.6497627778027333,0.7459322245237815,-3.4097284163992,-1.326790065585568,-0.4069456785174854,0.3875407259460411,-1.047532781037,1.5144399670343973,-1.546577561748994,0.7392381900027258,-0.13684317485809858,-2.2189526237945683,1
-0.8490249151997836,1.83830986346219,-1.1202364171662502,2.5553247080003216,0.4223396021313532,2.295110380912566,-1.4943171822201242,1.444660413371957,1.809982207840784,-0.15295072936620885,2.762060621999919,-0.8967740626590193,1.164427194309292,-1.453633898718295,-2.326253416519222,1
-1.7176450571985409,2.5102005880716374,-0.21992807119462987,2.584095507815496,-0.4261719075656856,-0.28699543459220767,-2.5384550850137693,-1.6694085441626827,1.601369096641738,-0.3599486648132468,1.7729381024696416,-1.535162051740965,-0.08445986523750104,1.1672470934456998,-3.797451626019366,1
-3.061640169700585,5.10695116080982,-2.898099395105383,2.560009873418525,-0.6038860500530543,-4.330544207445572,-2.6882704545515947,1.1793919024981474,-0.5271988958022551,0.2310591210829541,1.2754739175608178,1.0956997839471403,2.50374473560787,0.085668338354177,1.6619111726355213,0
0.5783778827599979,5.563206554721916,1.1817382127141034,-0.6653150851242116,-0.2978741232861638,1.894249087997595,0.5845526489752882,-3.62983871463961,-4.653702880003448,-0.4589051641234932,1.1798924272480042,-0.5792977754273498,0.42181562207729306,-0.5100381745143354,2.2623263096030533,1
-2.3962640525557375,-5.538340857104685,-0.9967906289529251,3.8825515412901743,0.9085910951875514,0.3136579447103218,1.9922679584289784,3.1744897733720894,2.767285468194098,-0.182967040566501,-1.5916188073483688,1.605847286541,-1.6952270388632242,0.4572126362119861,-2.394329431517675,0
1.8654552558484003,0.44541565733904237,1.8328097723567056,-3.1025961756594533,-1.3838288039246018,3.1188913884020826,3.275284070493921,-0.15230472165337305,-4.5688583011878805,-0.18303448499368985,-0.10184866156533068,-0.9048192333206069,1.9613548638706693,1.2981631514439038,3.3127284638869616,1
-2.0975618805072695,-4.3324596340920145,6.39037390254085,2.031936296282476,-0.5514328123964021,-0.40422796557052787,1.6614085875792979,-2.192232120695473,-2.8929845264206544,-1.6661892380266072,-3.8335663896241403,-4.453649675107949,-2.928760835248609,0.22622628142460888,1.1738141211896833,0
-0.37926457560494264,1.3352813382609214,0.16269814164805974,0.7997729102929774,0.8926644189355497,2.671331017639992,-1.4411180430378463,4.904496772796274,-0.194252617734634,-0.17702945591481717,1.734867257677395,1.3241339440168716,2.102905648401423,1.469643886658424,1.9712933223176934,0
-0.5525039485229517,-8.11940822258177,2.5690078933784557,0.7625602548999061,1.8262204784611338,-3.2538255137031946,2.6512390349032726,0.47910985469247036,3.741132398297443,-0.5230839966946594,0.09306266870836821,-3.9945064395142635,-2.3577418719465935,-0.9076577082414645,-2.752208453405915,0
3.7913265775847265,-3.9843633017249704,4.78526341360746,-1.6611755472311271,-0.4405169443598121,-1.6312288860773891,1.7835706191432004,-3.015220240203288,0.46459617250915597,0.7670441288752773,1.2583425386604636,0.40318405290444725,2.191189657280016,-1.1877781917985912,-3.356707424123856,1
0.5293487383290967,2.007883993232182,0.6187688307515973,0.1606710752954541,1.0135261350909857,2.0760309531496572,1.5271210262629293,-1.0886213829666807,-2.7261734398057436,-2.125453597944143,0.4180587923639414,-0.161634694571408,-0.5717816297219622,-0.34418905182977283,2.6514172456563503,1
3.7595561184833635,2.0498341639688107,0.35516149220106996,-6.2509894593149085,-2.4237473182779774,2.8517795775525308,2.6732289176667043,-3.254424654219588,-5.180983881780136,-0.5793405695758157,-0.9685808047783508,-0.6742322450203051,5.358308743952143,0.762510580763997,0.3087141115294667,1
3.2431636306822,0.8007144878389357,-0.47882248554036444,-3.12993559613336,-1.6749163979182211,3.4396874221870437,-0.768449236990115,0.9843774585320828,0.8105057878850528,1.0868180300688906,1.7162530315271,-1.2327255471167744,1.6346004859088419,-0.4550087457211382,0.37832513153032377,0
-1.1187872009199507,1.324144550439582,2.1404539144485897,-0.18535223634477482,-0.30368818967683764,2.789858306926474,1.6169419498383006,-0.6232958337435545,-3.4216608584826402,-0.9037487179106557,0.21870366802545216,-2.806860853528266,-0.7345803168059932,1.1726039587430066,1.6465219478413378,1
0.6866791374825243,-2.348138900234512,2.1488628062631254,3.998031237935554,-0.2654463782255031,-0.8041682889343806,1.3909478722259898,-2.9609555698570222,0.8894679690291745,-1.1378321507929698,0.3068903942681598,0.8131901322298369,0.4423748858241454,-0.18840581615074903,-3.352105427707431,1
-2.206424045589684,2.2249547557651947,1.8967575717526972,1.8325116376309145,-1.1038641902121418,0.03897154272003811,-4.296634165758061,5.5846765288786,-1.4200315926944864,0.2649486011968721,-0.34535158169078994,1.3306555630060317,2.8827428730350295,-0.15221095100560478,3.803106535353292,0
-3.8450802410639358,6.529694194879538,-2.9422891640299937,4.151115365256827,-0.5102497897285304,-2.1411402298099165,-3.2040948252976813,3.5857034476502982,-0.3522958508731978,0.287994312427,3.396089781069753,1.5537765201273104,2.825905070346743,0.8468697346842523,2.0145696703998404,0
-3.0633828433299257,6.077961198182148,-0.3039367998461664,3.4755371235074373,-0.2413010217013114,-1.467663061618245,-2.8541799360194773,2.239079818984099,-2.526630157651748,-0.6375679253228755,1.745816134153841,3.2571648527983457,2.848188480831401,0.6449549840273966,2.3655309780179836,0
-2.992886190819147,2.7788474152336313,-1.0586204083626818,3.7039314735500706,0.9756112764618219,-2.357300899863448,0.5633801662407074,-0.4100166503887912,0.5177487876153644,0.7850470229128118,3.8895105016874734,-1.8684612824333517,-1.124372090679946,-0.11146608277941604,-0.25538153601338864,0
0.6242789031633418,-8.158314759975505,3.699515547814145,-0.9834829761900794,0.6623463197532866,-3.0177538891436946,0.19058853232430795,2.090188651842093,3.149655449907362,-2.6005359274290236,-2.3009323593657447,-2.016570233687434,-2.580852575025664,2.1284677685016002,0.3650845526616666,0
0.6508468138539727,-0.33866280583238384,3.1361990199920005,0.7663375665428116,-1.357824006633294,-0.4102781601655574,-1.3775633928872217,2.007361470094625,0.2618717514902632,0.5523771930093442,1.7052791902466153,0.015383196757594586,0.21922585656896132,0.6221409737006393,2.1202027421751684,0
1.6435333055860588,5.330663406194487,2.5083811629003123,-4.164585031754566,-0.1580940368591912,5.155245587611832,2.975565472807573,-5.273500363461019,-9.606827158925114,0.861418359876257,-2.2023979225086037,-2.666510408682915,3.2710030075175056,0.14727985576747896,3.438273119040656,1
0.5078806322007825,0.5121964490284092,-0.38735100334844175,0.5588007915121196,-1.1220331706229165,-1.7981276598522815,-0.9792834725426459,1.6018428620407004,1.149474721208936,-1.6030394844354783,1.5563021993280886,-0.09339686361053445,0.3299214576400955,-0.3654177211002216,2.368920914947685,0
2.4136097503588148,1.9853709783044033,-0.047606588379531134,-3.698454284016531,0.9673343646781669,1.4923311830833443,-0.36484613644869524,-3.0268708221435086,-3.2689473691063426,0.7579230340112385,-3.14458888476652,-1.6691292408111136,1.3476995650653323,0.14258629209557436,2.670017815935391,1
0.053762254711498425,0.453133220196214,2.203802325863721,-1.9905280761991109,-0.1534498511268846,1.8943049547756639,-0.9701847395820181,2.4137348552802984,1.5249978782907483,-0.3295518779954617,4.6186135187958826,-0.014937008326086243,-0.24188522876204366,1.1507032746667285,-2.79085260725014,1
-3.094397697627307,4.146734725617901,2.0200302946414075,2.814053497828284,-1.6128509347641686,-0.4266687822459172,-3.028467022965651,2.825072430761587,-2.311060181066189,0.6056862111291927,0.9653030892496932,1.9867105556323503,-0.09218450614910978,2.0129558494339825,3.4300438060930145,0
-0.1437835571532864,-4.989853581231518,-1.113358038279339,-0.0844553475413734,1.7832298917445188,-3.18881072040453,2.4126918612842267,2.716472979929554,3.4275089567264634,-0.6274774843811537,1.9901017182448837,-0.29763422504916726,2.4227348542763454,-0.5628043312978913,-3.2537381494665993,0
-1.0422293546716896,5.593207611779565,-3.627735052975607,0.6480875909219277,0.2521921506980921,-1.5861537015173497,-3.4423188673713683,2.8987172214842944,-2.1695821100504378,0.31509094321570386,-1.0137131363013476,5.255782643475501,6.117417195693906,-0.8584916002454605,2.4418251579282693,0
1.316189802582766,-3.2486203420608746,2.7838859652117494,-2.815741390166373,-0.7243075637838803,-1.1684799748228274,3.5874361219848265,-0.9886654400500487,-2.8401272046469948,-1.6061208808681247,-0.9539091395224517,-1.2738415311687334,3.832268262499253,0.9965812952746222,-0.45867903738484817,1
-0.9028214383779144,-9.56552288207486,2.5396877291820585,0.07267535976529871,-0.2652287522247021,-0.15493787985673269,-0.04097043672481204,6.1498548557169395,4.065577257418135,-0.6145293391735335,-2.6349114436785115,-0.5965999471844592,-0.3381002035833034,1.4413991103217594,-2.111589291515699,0
-2.7515581661828445,4.447878314111651,-2.2037375088392293,4.655387225595842,1.6209327853331168,-0.5143834575279151,-3.990111526241512,-2.0304993890411605,0.8016559829951979,2.519332791243617,-0.006668631398463409,-2.192210241006104,3.013396031956518,0.7667182826202803,-3.846326990114676,1
-3.4500022031562936,-4.181301817641852,2.74992302069763,1.3686718128495965,0.19977622183509458,-0.29581312755199796,1.7233633341397492,0.04726525889504751,-1.5725616565666656,0.17931850115980313,-3.9673113934658297,-2.1092661856040036,-2.6310016049239326,0.19542991602651863,-0.49616141445254747,0
0.4797849399133609,-3.385038582688012,1.542109766281131,-0.5382007471225668,-1.6270019227815473,1.177312245255859,3.3823133601676814,0.5213343192842097,-1.4757471577196442,0.44952508816021125,-0.942972485136112,-0.9312374928358567,0.8875657371298579,1.2626258523490483,0.3848799669709513,1
-1.1869777075722385,2.2430507073804415,3.771222176603213,1.9328818928757674,0.0938329453855689,-1.3516752080502403,-2.011419847196817,1.2578436472598198,-1.818288521237455,-1.0687269542063265,1.292979272778626,2.3395299528479128,-0.8647239665794504,0.020708683685403476,3.0885786118885625,0
0.007986825942636555,-2.1328288773510535,1.1502432788990573,1.756870400472675,-1.1335708210474553,3.2978156214038075,-2.6950752817412944,2.3434962583492025,5.8268099105179,-0.5586137731311284,3.3328139077304524,0.26013132164871067,-2.9516982691441918,0.6042883913587814,-5.755996614354827,1
-0.23820361620195452,-0.08502524525867926,4.534647894301031,2.827769149913084,-1.0541990277827717,-4.625273634878324,0.596620867596986,-4.752202219460342,-1.9010434046545466,0.6407463809986538,0.4576450008400952,1.2199562478534527,1.926745604166425,1.4804921526690804,-2.5310779678579625,1
-0.9724547676152706,0.33717037749451656,-2.204425031804424,0.12543654378333113,0.14500631736136646,-1.408781096444063,1.3881855413745257,-0.623180883362235,1.4092140617892817,-1.4247459093461803,2.2456172335430944,-2.107295339984694,-0.4130343548110167,1.1754406449558652,-1.705034502639903,0
-1.0938827275036966,2.546178949992559,0.12382480609004443,3.3577180474671886,0.8246903502108671,2.610546577013131,-0.14507306722904745,0.33836794487268484,0.24150773077423415,1.7858508911882716,3.3597327692888954,2.5428432250346455,0.5665117615487391,2.1885813919915176,-3.150261720468772,1
0.6172780374181472,1.2068932488962174,1.3510273993063402,0.6477846153563873,1.4556748574583571,-0.1334413079712422,-3.1071972518691204,-3.3056361861515273,0.19146100086281967,0.25057248907487145,-1.7856623982361504,-3.0594089841282424,-0.004394584774670696,-0.7013281001381633,-0.8027091645642752,1
0.8507591552587767,2.7383904121972473,0.4313491237068501,-2.470414386384636,1.0480836645718858,2.763866388873219,-1.7891274271403366,-2.6841845636676176,-3.474674764966423,0.24582232667529963,-3.7089242378616287,-3.9120656231707653,1.2954135610564776,0.5105926708043899,2.168245155689431,1
-1.7155154693637567,-1.6482205380889134,4.092933733559921,0.9443944740049495,-2.124445143093358,1.2051956209174888,-2.814467310866549,2.0525866388349217,-0.6316724004407381,-1.3544896173623504,-2.4254693736117336,-1.9098508038873838,-0.39677655790737054,-1.0082860679643277,0.5509800205564646,0
1.562116110136347,-3.8309797431289767,3.0748434239080957,-2.4377583689660574,0.7635226679048231,-0.38091941559159803,1.9879450579006814,-0.4692161216982109,-1.5616199852321186,-1.1574449523659558,-1.935978921260797,-2.114848893109032,1.3251577212192565,0.9598754612848892,0.9162823072254628,1
-5.941579326756929,8.57305444528842,-2.4323476880272263,5.292223963070526,2.8671068171879743,-1.1320274234165058,-3.669731209578043,3.334032864220281,-2.8399493287604645,0.14714181929870035,2.0276967104208277,4.258675534346981,3.06514914808242,0.37885122923497444,1.2949919125031433,0
0.22956286018216443,-0.3562717907846459,4.013989601608888,0.8605555685546014,-0.42491353860859626,-1.725153493110665,1.9194980297052164,-1.89211188817539,-1.3542087247381942,-0.23657293869461854,2.6912691962781325,0.6632390426746126,-0.2706577348009531,1.89158033839359,-0.7124160426770739,1
-2.9156738618778686,-7.277250456271089,0.21406142634507663,2.4901227500545673,-1.2357060240221238,-5.6434451001894015,4.280507475069159,-0.48762208416036845,2.4462695556677376,-0.07530442074083482,-1.2048858712889254,-1.94267204742175,-2.3469525382228924,-2.8485270886516063,-2.9785339574354945,0
-1.1367850356517248,4.681804875804313,-5.469407686552094,1.3088333058772776,0.0858070999233881,-4.525060569982233,-0.23094269167444792,-0.9654519008750162,1.2208294445647858,-1.4889875026379256,3.0903023599562642,-1.764082525910423,0.29121059774562075,-1.3489503447179714,2.2019206320448053,0
-2.2216631544109413,-4.3901766896740435,0.9505046847804901,0.6848190281931341,0.7694573108029035,-0.8370381118199469,0.35607052635278014,3.2019809463853157,1.3625603467759704,-0.5615120214444915,-1.4926089478069193,0.056521866774432716,0.09433297902953686,1.5366558287399776,-1.9672692490323853,0
1.6244763957575477,-3.4883152762325538,2.7364868536336706,-1.8950532131260793,1.2474967235682737,1.4094749768154933,1.4251240706539807,0.8628486803067283,-1.0994148058564723,-0.24708649670328767,-1.5251740797729372,-2.480611174899742,1.0507826547170274,1.1545902476091912,1.6022441381539656,1
-1.7403666404526295,3.500138531321389,-0.5334617870317623,0.3680060745455651,-0.4150138017965702,-1.591147780896271,-1.615552262018354,1.3673715207751609,-1.1572223168511473,0.5972003706314267,1.111933806466237,1.5203349610373795,-0.08283696966880383,0.4133487785502528,2.32697108759107,0
0.29484228971936743,2.3088392398641853,-4.174766607735892,1.7531581049745957,-1.367871776945431,-2.4459409666170115,1.6451229262345644,-0.8186262697977083,2.6247151132382003,-0.6989028820243047,4.972304167321038,-2.1186003349030575,-1.0517625829034158,-0.6221409545721348,0.959300898098092,0
-0.6054047730480803,3.548174340073138,0.8529432112472497,2.1252586552553496,-0.2834759915543116,-0.8164277491501892,-3.4751205231148505,3.417727415680517,-1.0307486763151208,0.4017256377261605,1.1253611960277325,3.444762019090352,2.328417745026853,-0.7198135509932705,3.681383340334611,0
-3.19853702222611,2.1798079402886383,1.2522746573601258,3.5264114680883365,0.14730521396844534,-1.03481807050482,-2.0764967963670378,-0.2494969848728006,-0.6509220041375634,-0.014198069764662404,0.62601927867862,-2.227732137905268,1.3401891622273343,0.1455258782069742,-1.4688198909088055,1
-2.3190253127286424,-5.176094955919202,3.141753223186696,-2.9934264884070068,0.3842319165190897,-1.0668453570280176,3.757818619808046,2.6988460364298463,-2.645852499990427,-1.7313068096727535,-1.461223169444505,-2.7762347790221455,2.8484482566433513,0.2932713754434303,-1.1947714081579894,0
0.05766540133301379,3.003778557392813,1.2174651768152174,-1.3765292675848293,0.5755161215440671,4.894214664919062,-1.0566988899876377,0.6052156934655337,-2.570965412993332,0.20552699821646023,0.10854205476462653,-3.901015629300036,-0.8272209676421998,0.4985696910042263,3.3388991848893563,1
0.6689765711843475,5.15638683592408,0.7879554615590099,-1.3634178196840425,0.1697564295368713,4.904401434430605,-0.5659922735361378,0.7895718933001765,-2.4104435645255515,-1.0075108556332457,3.8957821018635057,-2.4473840700676512,1.0996467919253654,1.3740565511599814,1.9743038601027294,1
-0.26912827964399777,-0.013019532630659919,-1.8415311142135646,6.910913101865152,1.9509289970681247,0.5056931612158002,-1.8766180583295327,-2.686838741965393,4.591467376983313,1.9122004206089338,0.9756363095073289,-1.3326902108237955,-1.053195548415137,-0.47639139613554427,-4.592487609011468,1
0.3934206362012951,-10.19602763919168,2.568866046936445,1.322210247434965,-0.9529688335074052,-4.056835940954858,1.2904364675557423,2.054793549645397,5.128944610865071,-0.327327440521436,-2.1239493509775653,-1.115690062210106,-3.0326482725624877,2.003311880382046,-1.2759461496873443,0
-0.8672554441123116,0.6808426510316401,1.6200911111897474,3.7863293148481145,1.5763575462909234,-1.651592725759993,-0.7654282106749168,-2.6700606424805224,0.3196317744620324,0.5928475982599956,0.8150058328742247,-0.3337208359110131,0.6394204601565253,1.5120486152893071,-2.603710211447905,1
1.9285633621316522,5.400943911671675,-2.2629807314220103,0.42003861056452396,0.5974628578813526,0.2769124839661352,-3.2893105422664233,-5.223376656676999,-0.36938637482902725,-0.19291537109138282,-1.5040037324901214,0.24762679230853823,-1.4134524338630565,0.8752814266351764,1.3266632817667658,1
0.6222708597609101,-3.9511796909107244,2.7799827167052227,-1.4021872243036315,1.5124557258472144,-0.2914506736609064,0.3039522975828084,1.5655786806187817,-0.07133134212145566,-0.509438944220231,-1.7494530748355253,-3.378892672275863,0.17893167477848393,-0.7732760851111978,1.9830865148732912,1
-1.3644644592402184,2.5258555551726545,-3.399795709727837,1.9105484827585615,0.3936348765745664,-1.2120965228803697,0.16408445241175063,1.6495531277134754,1.9390333802815294,0.8138405706506889,4.015566018343573,-1.0126153997827325,-0.3478373234725547,-0.00738886988032359,0.6873713681512459,0
-1.2497093128691965,-0.5161398694555728,3.4282884462294954,-0.46138977691825045,-0.3157055522269598,-0.3652390892748498,-3.752507937717311,2.3853512777445127,2.041984875848549,-0.4866953488295139,2.2254709427905475,0.2325504847789419,2.2526919235399725,0.09330993806096685,-5.1697225243113,1
1.7391587474633345,3.587885587474185,-3.741507507932877,-1.3074387024209835,-0.9376077796473099,-0.997853136175802,-0.4142161996243392,0.042576820117914194,-0.03674910815207086,-0.5136490154488385,1.2081895390496127,3.514943811636068,0.9316083700087131,0.5914325993210678,2.4628530693680535,0
2.2870738900371244,-1.3817516643306766,0.23859112624511103,-1.6391468233129896,1.5645812410574145,0.34912844005182286,3.4239375835258303,-1.245652876944273,-1.7954229931217869,0.9343287467259975,-0.20154130149895733,1.287857672557276,1.8337993637899483,-0.9245552194693161,0.5629766888261437,1
1.6710483052827756,2.7133823748518155,1.1202696069146887,-1.3328575656082142,0.3233938550656872,0.6174605134089901,1.9872983812686444,-3.086234831512918,-4.094871219720659,0.5558564515518563,0.2533372837746022,0.3824684879362106,1.4017472484283091,0.050090148570797105,2.3208317707936694,1
-0.7500967471393918,1.0842573830734625,-2.5036185659793846,-1.7927057907811013,-0.4446994797449462,-3.6660956359204695,-1.2499115911008576,0.7736781416127297,0.7094176138683506,-0.2323618768563049,-0.42556140955546407,1.6274249449129148,0.5601801647984818,0.29172716706737095,0.4721203487138148,0
1.9479431792363768,-7.284421097863248,-2.822510382520779,6.118802305123137,-0.30565009508908053,-1.9028013277891,1.5174390304683412,-0.21696335662428456,7.762716414482481,-1.18096361784702,0.33956566399638777,-2.991282380221632,-0.39720827514177826,-1.1874061548536818,-3.324556696422608,0
-2.7649453495295555,7.803684901411539,-4.066002553680071,3.494398098956889,-0.7469903782071803,2.594268229961475,-1.8791337155632846,4.046288546282208,-1.2032384652196668,-1.3047857514585275,4.295679644677154,1.1969568847608179,2.3600812208367126,0.6004330767310017,2.8238648187294286,0
2.2413762639296335,-2.434039149443079,1.775459887314774,-3.038974296377466,0.6619395840707996,1.8566487876234308,3.6778279906172915,0.5037855030614686,-2.301559351367386,0.38485056468220186,0.30137572574847926,-0.3298046901694529,3.08858285567434,-0.7829430792723844,0.2924304857464648,1
-2.8007494449675487,7.402295627657315,-5.024659473684352,2.499891559694329,-1.4400105363200304,-5.329950313606668,-2.592813960735842,-0.618323875640757,-2.0436928960310596,1.4509763229499846,0.3608292227323857,3.6621660574710284,5.94916298702623,0.37669484867638603,0.3533946468224334,0
1.7392638317600833,2.020845163122807,1.7418234749865675,-1.9299158705893307,-0.7912271766469846,1.4637947263634947,2.0128433547630626,-3.407882478422796,-5.045454948373273,1.3769337315886618,-1.3597746579255958,-0.9515936919896747,2.485529581234326,-0.942870835389692,2.1628226805234707,1
-1.7811433154920104,-3.9093790001903153,2.4993842952097305,0.385145509424907,0.058460456834025704,-1.3627534877371617,-0.5621621236956256,0.9165602341968727,0.3041700664396149,-1.260974758908604,-3.0154358852312146,-2.452136320134836,-0.9725528696056076,0.8963101857786598,-0.31755694857005934,0
-5.140968996803409,7.319760214424287,1.7667888885920826,5.290504613365254,-0.5758402121980103,-2.3852625774617167,-2.430529862710017,-0.246889407322749,-4.0410749283750915,-0.49337592749735265,1.8679766995443015,1.3328635661270785,-1.170456786499121,-0.3618139880845252,3.594147162449534,0
-2.3123619838564755,-0.8557720495730381,3.1029914826665568,-0.14413515310281322,1.0654147782383516,1.6903608459751052,0.2676898908037275,1.0307273560951675,-3.2093814987523506,0.455902633167647,-2.4058954434592867,-1.614379406342737,0.354320777971445,-0.7658840683206206,0.6122501532102285,0
2.146676610035382,-0.8667562172604224,1.857269117070954,1.514577311925795,-0.7461210125850355,1.4662266791624718,0.45071680856166463,0.30730762957480384,1.2589060303391473,2.9427526460054367,2.5110848373242645,0.7387184568042047,-0.63892868955014,1.402362653450225,0.41995163496633037,1
-1.3002227926026084,0.26260596689311916,-1.4529145544333952,-0.4151755313327137,0.33776031993531075,0.5580930380433098,1.4052672606924124,0.43618020634732435,0.7589008664764411,0.43001338002358463,1.7902421541463345,0.0038704583549582505,-1.7799802581205775,-0.6469428195881666,-1.6683832402170364,0
3.571591142688247,6.044873806910262,-0.7103455340484071,-5.220501647181891,-0.7780089123665535,3.6590981017509367,-0.38538131833354106,-0.6222405292472122,-1.932567339659712,0.6846249963118912,4.986788996973491,0.3272894325895499,3.3226153631528144,-1.1393116720675505,0.34269411767975577,1
-0.02185931208494929,-1.8702365835896875,2.766801475816914,-0.8576257645049523,-0.14312639747134004,-0.5211676205945154,-0.18986258024122704,1.0347152439058882,1.1544914219146534,-0.3694171712863648,2.087371542032706,-1.7649761544063662,0.3729056059663818,-1.7373280625641925,-1.9214761088472587,1
3.8855112246023773,-4.4142813739036635,0.15992370713042114,-0.8439974810164845,1.2577384675036598,-1.8389809955576988,3.258847775247924,-2.3538083224002166,-0.06805116049972626,-0.3744549147013793,-2.8318725544719854,2.9842382959917026,0.31155369007055467,-0.718598402347532,1.3500968241629068,1
1.6697381368088937,-2.038323842842614,-0.4427126535725914,1.8210059179521108,0.9605613534832284,0.7474058400484003,-0.19180158792387725,-1.5213241330906342,4.499618585479105,1.3149370453402958,2.1713580568532755,-2.721907833052197,-2.1899221822733415,-0.532487096099794,-2.9677582385462484,1
1.1343081691781554,-3.6318260017059827,0.7993212468500775,0.37595834147227736,1.2431035778482933,-0.6375538174372859,0.8658225906024128,-2.907334846927295,-1.164875103943903,0.7461740537000482,-5.790825578655909,-2.046085862527101,0.716389472912127,-0.949279506705735,0.7245195350731083,1
-3.1358587780398874,6.176237528558608,-1.151623743250929,3.568829700497884,-1.5814754280421814,-1.0293964265734008,-4.604706069671824,-1.4538254438060318,0.33229243354191756,-0.6331869405492045,1.7170243882118186,-3.2548130498148176,0.21562843214187755,-1.3339215427176985,-0.8005869484421007,1
-3.2230013870133964,7.249280366104854,-0.6182906055059956,4.457860662472679,1.6505209030879733,-2.9236834653043378,-2.9049020786679787,0.60540114472372,-2.8863255936327445,-0.5248291214389753,1.8277655939069857,3.6824558158985794,2.6968689639541545,-0.1722021645792605,2.5408526054120064,0
-2.7023810845521083,-3.374414462543559,1.9131949669337551,1.1983611743224978,1.6766353406369636,0.8262615707305279,-1.2362631275410836,3.491459228664657,1.649494328247836,0.9383913340595865,-1.2664246484318846,-0.3151682176037873,-2.1737267154269007,-0.9218586799275783,-1.5217731921021642,0
-4.8608448712217776,4.296963878607691,0.23788731509802585,1.143209300324928,1.0689184152380338,-0.7061415937002905,-1.879770155301521,0.8046071628059489,-3.235306613326493,0.09206229554656235,-0.6784944514024689,1.9848455861285912,0.6504583438832633,-0.1545588198877396,-0.7600238829675048,0
1.822065747930343,4.367271788954861,0.3668077052713403,-0.4981704603413857,0.5636343254431193,3.15682742076093,1.3539976684296928,-1.8452404095953767,-2.6778962679211133,-0.21428730736333237,3.314918110838044,0.39936235959662136,1.1562439615622182,-0.4924413839212625,1.1260212600763224,1
-3.614609367648129,2.2154244488692254,0.20124931434200155,3.3101910177132927,-2.5315831285012456,-0.7096171162476667,-1.0735750478834767,-0.9618820261350582,-1.6252095716898765,-0.2461598243185216,-1.3275419209070825,-0.6191718021769999,-1.1938476787790218,0.5661209469499078,0.05175146607397019,0
-0.638399664659754,3.042141412768868,-3.9945065029418725,0.31339202521729925,0.5646507215035573,-0.7008242496778,0.23114023787858984,0.3870361880387141,0.29910579218752714,-0.2623525541600184,1.8225477073883982,1.1799675792217013,1.8319984972317616,-0.8389855627296565,-0.494716182780929,0
2.8400951922620923,-0.5767209207491689,2.4232130913294005,-2.0737915530821494,-1.2551981149158307,2.0498953458799063,2.5184220335420333,-1.530649717585882,-3.147724663819304,-1.0492147690071647,-0.46692772346275535,-1.0401349803492435,1.3171490276176914,-0.9396155812790263,2.691548318006353,1
-1.292885240630187,-6.772773301490357,3.7372574206912947,-0.3714481816229467,0.16013489698287253,-0.22949600570764672,1.501769454441375,3.5448301057035514,0.5234992136298899,-1.3473432191594377,-1.9944082640376282,-0.9010823706530998,-0.3772628436686103,-0.5836255854546498,-0.7785587962031537,0
-0.5805738064115453,0.6837794693716023,1.7302633058024695,-0.8050856513642733,0.8153168852079051,1.9371348005150324,0.17511384669429741,1.1091280818674334,-1.3064334855824558,-0.7554833935369165,1.5796819551485677,-2.9575647153287994,1.5560021942959086,0.2066596984944911,-0.12934900475284317,1
0.8519715801218934,1.5513383267156617,-1.0280152230831705,0.40886618363062555,1.846603072081053,1.0537856124476939,0.6705384687798452,0.9917517881792093,0.31796646008060614,-0.7312129895363679,2.571922812116375,0.13714301263673057,-0.6874529426972025,0.972052012923891,2.177496545987527,0
-4.171944285439537,8.843920953276019,-3.9433478715911745,5.7879292564966045,-0.9121932712061199,0.06220747684080674,-3.75807051340855,4.5288775019898395,-2.305383681083571,-1.274197480440803,2.5105693240880678,4.930691438777224,5.945455819256851,0.5248137030093496,2.014337497321339,0
-3.5303273277966527,5.9775869634606185,0.4914813186426925,4.96489089014933,-0.40946805857805557,0.11799743529759321,-2.068938776729632,1.8795443289246774,-2.2183174356927116,1.7631521146499791,3.173888103700098,0.5606766679321522,1.2904074782001593,-0.015538158736520495,2.2911381446870207,0
-4.437451185390168,4.596575206980559,-0.09625929971079805,1.781827384195286,0.5346365326374684,-2.0613151328139887,-3.282796414689078,2.190776964421088,-2.3710784043831863,-1.9624295127285525,-0.2172099080582941,2.400633487354521,2.173441154983715,-0.008033603559272125,0.4034282596898875,0
-5.761862165544244,7.077709837491628,0.5064156363442582,1.8299890100707445,0.086459090042442,-1.8634702781591022,-5.737736832558745,0.9713063355964198,-1.9122189012412472,1.4791278884554424,1.245157358897642,-5.431763480190641,1.4942571837961276,-0.3602217713060356,0.7027564076443253,1
-2.1310503978590165,6.3863259686931375,0.030909596177089327,0.9868569901189596,-1.3865950065571653,-1.2675287254929453,-3.5589149961856426,-2.2802000324861167,-0.320373346850855,-0.48210251796892406,3.2913280497004065,-3.080267619011733,-0.17225875054001083,0.33659203890206146,-1.1048494050500324,1
-2.8039067856858324,5.0128943211970425,-2.6094854508756553,2.006754062034682,-0.2410589338319876,-1.1949757778988919,-1.5283959659970439,1.3271180195998198,-1.073713315524601,-0.2571006178105865,1.614107293686043,1.2609730452770718,1.0964672663240091,1.1638710455443118,1.3396513031439266,0
-0.15002113243224113,-4.443098713505631,0.819258658754463,1.9766270446822898,-0.06086837742020141,-3.298689545448961,0.9688415818757518,-0.25296202070816354,1.9595427980818954,0.402164556572795,-1.516636675386873,-1.314988756269301,-1.2733586300894328,0.24126737526553343,0.2515534027226263,0
-3.579293019104649,4.6695195086327015,4.916668496982162,0.5517581307564007,-0.5501448983483982,-3.3324895581291525,-1.9049174058210425,-1.3808565113667362,-5.137961201224438,0.22598746010430507,1.2748227151317908,2.0040254336921612,4.134018880631698,0.16392595343337207,-1.964819128244311,1
-1.7328167382478794,4.082143222257737,-2.600587851024617,2.084537136281122,0.47894018893263096,-1.9885621281531993,-0.03402915325462308,-0.47755770449683776,-0.11943689643612403,-1.0076730647877605,2.8809073662796845,0.9030992051264803,0.43079167516061023,0.9712184131925081,0.06477738815199485,0
-2.4067194986095237,6.263629701680101,-1.3297534557086128,1.2071297260203542,0.15085343680683233,0.36632425534502233,-2.112425442683328,-1.0706957991349983,-0.9566636264545927,-0.7522096843169965,3.0750363174620867,-2.6809517721575262,0.16487785289254542,-0.31170421420774647,-0.32148501942152086,1
-0.29378701570919796,-3.035122361738411,2.848812551512868,3.4753529550871978,1.5570271522103123,-2.372280205250884,-1.0338368763752626,-0.7858538858109255,1.8427562689269927,1.2350557355075837,-0.23548072569954703,-2.604575462648852,1.3727465190752304,1.0351221657715732,-2.108419856742837,1
-1.1496797204012077,4.160161200983187,0.227343954289996,0.4395684576683061,-0.8830551216083591,1.2054506854214933,-1.7917698778711098,0.005194973502212763,-0.8411182568036123,1.6338702782782046,2.7757293513445953,1.1669404149779141,2.3656916635591436,1.124176785112353,-2.8169880481843608,1
-3.8639789988700706,-0.22971759299234212,-2.428078509774974,5.32693517771424,-0.8160641884917624,1.4056187627901244,1.4797087792637973,0.7405598592896709,-0.03595302050971239,0.9991495946171859,-1.4636096110151295,1.4909609244484612,-1.5827941943719037,-0.42035532657652597,-1.5676796173980059,0
-2.719295160248899,2.1170441610007984,3.9744257392369784,-1.235902951572108,0.2626834579468364,-2.732240474694403,-1.7451486698953913,0.9403406257884916,-2.0639024352173365,0.7583074262749673,2.4485957491555825,-2.5373733047593916,1.699105991010126,-0.5107316820164134,-0.27266906179288863,1
-0.20191138610486026,2.2032779522004127,-0.7616586861301595,5.06276829653442,0.4303095645066175,-0.8408938946500741,-2.2042865604422817,-2.6314977191478173,0.6159983592001121,0.460638122953821,-0.09921634072644459,0.5742288567292952,4.207824648329571,-0.9354550643937929,-3.475464663971153,1
0.2582916875328316,4.943232156660305,-0.5783015563341483,1.6022431857020956,-1.4005223910307123,2.1234146188152634,1.4295539741838246,-2.9867195038362593,-3.765991378182064,-0.6614541099507707,0.9410535224616567,1.1057758903992898,0.16332941264940137,1.4980502845365953,2.1696562454241453,1
-1.1208431847104572,4.183541386465463,-0.16082762056117983,1.2333171808720393,1.2881305258291558,0.4179991903566902,-3.8705080502519067,-0.7381184766612143,1.51095774798974,-0.8119732927283112,2.933722053426157,-1.4056777690911737,0.7532399118443964,0.6401534423571412,-3.2180450207811684,1
-3.291742049602303,9.504809279123938,-3.2410459644370917,2.966718593233346,1.310144387633882,0.45530250631852187,-3.4027580670807707,-2.54260336359192,-2.011416673912998,-0.4699229996242097,2.151902364070458,-2.646549576811622,1.2886690870902031,0.4151496326090667,-0.06494721829453276,1
-3.917649344026693,-0.3574501048821935,-1.2052941804356228,3.4881980537697466,1.3627595622962556,2.778298111907973,2.136314162319168,0.7901676040175544,-0.7137915165341603,1.5818760934989877,-0.25424259154816076,-0.8075086051588123,-0.42546572603869404,0.18911584971103457,-3.2001438022693396,0
-1.6988323090643798,4.931947067553385,0.14788263084702868,1.3110860380722733,-1.2321580247480433,-2.2044137746244448,-2.0452343077986237,-2.631160133766765,-1.948052961503138,-0.928763000450845,1.1603112413503622,-3.708212111710821,1.9642348508876983,0.1116108572446605,0.6070415022250986,1
-5.8226124851069265,5.0618895256552054,4.942938744437565,6.4441551092325104,0.5667863905882048,-2.2107617279369904,-2.0964639206252342,0.8998690369408207,-2.08851772383668,-1.1460679421083284,4.6875903870048035,-2.3062144951504786,-4.812481974000855,1.3365940755444992,3.8532704607997963,0
0.681141046322534,-14.879266844381673,-0.7274492618047526,3.9025213936461407,1.411105009112135,-5.921119251982734,4.6309359159770835,2.279084834357308,10.414800183150659,-0.933634216589443,0.008073782213922076,-0.3776893839228306,-5.081665757853843,-0.39613472036556435,-5.084159248935784,0
-2.477079517074318,-3.735209297070602,2.0841912788923187,2.0962724994270774,-1.8896977865979003,-0.021776913038882295,0.28268022727143816,1.8665020127419898,0.9323137861579701,0.02123306577582116,-1.6118437272498631,0.22926900519524396,-2.8500810825270246,0.21960168181354867,-1.0197804793519818,0
-2.4750178604912914,-5.594968099729712,1.3923722177615396,0.6499716758920584,1.7839141981831486,-1.6408012356423927,1.3082514084151582,2.0305152028015656,2.237293452257505,-0.5834935934697638,-1.1270681324495069,-1.2897497275068004,-2.815580065617824,-0.8959699672367043,-2.1966800132692637,0
0.11306995838917966,0.8487028487346155,-1.0325783658712298,0.03708779739692725,-0.5068873498672227,0.8511393156238749,-0.043890851290432575,1.8251010032991957,-0.025485617422182746,-0.06933370814930177,0.8708118026838002,2.2856560648281885,1.2712072348818424,1.3719520506791563,0.188859901820843,0
-2.7996000472669884,4.674401364969451,-1.1738885957258822,1.2705905209110266,0.8056914739222492,-3.4456148567632674,-2.978223639911959,1.1680463218206492,-2.071923656522712,-1.0978762882546842,-0.38157377152961414,3.0875215969515692,2.978985108429582,0.14292212568995877,1.352558695430425,0
-2.0890418012327974,4.440526279818176,2.419219305732938,3.0914222603392902,-1.0595975050106248,-3.775349843819302,-1.486357540764313,-4.649427081907921,-3.637881998350935,-1.0224559007493514,0.046579234455095486,0.460645406474794,3.9205313610915624,-0.23862971487182286,-2.158301598782896,1
-0.45354004683797844,-12.367049204556999,5.630385450923711,-0.30563199565288435,-0.15694480527717874,-2.1492075502778487,2.9144259402128663,2.340799773917851,3.013334651043998,-0.32051772366596937,-3.235571810427813,-3.9224821473221705,-3.1489083645787463,0.1417765607994892,-1.6477093114826022,0
2.931786978341007,0.8001350684847863,0.29065387851107083,-2.7438912245906075,-1.8369831612251455,1.3948759213417818,2.668258679307378,-0.8281704979269556,-2.1460580318002878,-1.0811884780389913,1.5617812558247577,1.0677721555226758,1.7295272776306552,-1.038377642700551,1.7336070646389623,1
-0.5742015409311955,-16.931950987203415,3.142572933938282,3.2989695795004836,0.024777746496761215,-3.550004383737411,2.2072096531173164,5.856996815335587,9.059155402968116,0.3962679165655031,-2.95995106111515,-1.4915522401524919,-4.332946357349037,0.24611772945040425,-3.855233516158159,0
2.3567865957619882,-4.556258893762177,3.913768908741985,-2.696410567773205,-1.636827842152863,2.2317511297430856,2.3760585000576766,1.8106633520046604,-0.9143100389574914,-1.0678762269316586,-0.04332183705697501,-2.7646294401822527,1.4262560942743248,-2.8463743163268136,1.3111498988768007,1
-0.7878726063898003,-3.6415345081945705,1.8131394108412129,1.7459434214926173,-0.4775999513736513,-0.8391722554488311,0.6229619624476151,-1.102627373540075,0.3694612973012029,1.2994312150704548,-2.3474311652146227,-4.8416634395048135,-0.07282803079106182,0.04819217725982952,-0.5264137342088379,0
2.9516461782639665,1.3883270620487593,0.0938524478563385,-5.681663317840988,-1.3235943920134368,2.7373671766690575,-0.5027009207719946,1.3326753625202525,-1.1075961306376216,-0.9839480658825546,1.1192422625396423,-2.1111652029380354,2.177560253970984,0.6453846717568814,2.161506788884732,1
-2.469433828350811,2.0760257785559943,0.48141732882624466,3.7090201201168402,0.3989371941674486,-1.4906059839570616,-3.0396692621197774,-0.6732023411429505,0.5856283924724695,0.33073003509746257,0.3492050503593116,-2.8695703459214474,1.4228066590710622,-0.828067193225987,-1.5675384140186626,1
-1.3889207951841618,5.588698688089942,3.076806025794795,-0.7395005140120353,-0.06636983921005428,3.998331593544453,0.9216297494512093,-3.190595661235126,-7.627392752614437,0.49444092349360613,-0.5642503995912331,-4.250844595107928,1.991515037404499,-1.3066793306447917,2.5923913670978993,1
-0.6624609294481321,-6.734866897941912,1.2159427238997529,3.820442163213737,1.3957074818675057,-0.09813242087289265,1.071048734184037,2.515767573470382,3.886272684513118,1.4744603266068357,-1.0954739263567446,0.2584643389394701,-2.686536556178049,-1.0607316239555338,-1.5531385040835397,0
1.7236746031092078,-2.6929854689520134,0.9291927833142053,-2.7289207338035357,0.5892834329575966,-1.975724296984437,3.5137924846120097,-4.4133762853407426,-5.341456350359821,0.2952297411054327,-7.14392174881711,-0.5015054973202138,2.818642761892189,-0.506948690259626,2.7594515820446244,1
-2.3009938553672553,5.634483129061409,-5.756438484898933,2.0048925334008194,0.3935720111545927,-2.905695461322906,-1.2547792135358893,1.2547055086348018,0.472862037329252,0.9372062705816853,2.818648908244829,2.861019368601575,3.583723262708803,-0.09515935148561522,-0.7463996264374781,0
0.3317415464402833,-2.3115688612416614,3.6457005695367495,-0.12088302459083833,-1.0039220177014978,0.6300830128377481,0.6345161430511834,0.9144522744727848,0.8805981599666356,0.07745581479613853,2.344972885622628,-0.7614272614874149,-0.8829149594926164,0.3590277724059801,-1.534089106365789,1
-2.2549179122655203,2.0333171733094177,4.433776443935516,-0.6715309965089351,0.26303518181790386,-0.010711348030302936,-1.6012903430017822,-0.9878583677838271,-5.795988926902733,-0.6621885476766607,-4.0139778383202245,-1.210703932005123,0.2995453117550433,-0.0653107116723949,3.5584802707783183,0
-0.9425966500149744,1.742955226611556,4.065135738627708,-1.2083855120541553,-0.166317059929684,-2.092907856231437,-0.6583071423619836,-0.8579769684734618,-2.714136687949353,0.8681792730532202,1.6858562950861884,-0.24362229565186655,2.525730512860192,0.24195540232101154,-0.9674208972337701,1
-1.6859105275276676,3.095525776463532,2.0716842142365683,0.08212510139884377,-0.8929905170802298,-1.131424251777153,-1.936865400917163,-0.6724901177498291,-2.169986991962001,-1.2258637713038287,1.0954186456694908,-0.55522449934141,3.5691950272702933,-0.06779753777992059,-1.9573192113878597,1
2.007387122420892,-0.49590064021026076,3.672785552359448,-3.1823059132247975,-1.8474000608555767,1.615683861745121,5.2827322855288,-2.8560492627730016,-7.963397787954472,0.8362309764108673,-2.963703593944582,-0.8769426394279911,3.2986053955817183,-0.22659111852722916,4.449869147674574,1
0.28456919308305473,0.8942813320458308,0.28851042672746696,2.705416818858763,0.3017888307971837,-2.7506440146933784,-0.8947484230262994,0.8871562204699377,1.5626376848272863,-0.12337891034350469,2.6837889909197985,-1.0182023002048348,-1.3344098728592435,-0.2961395798337102,3.7417611650356877,0
0.6611830852017655,-8.434928868818925,2.057001538719048,0.36323613382064623,-0.890668133245701,-1.7653933176653527,2.125164142451802,1.976466154338385,4.749614482117751,-0.2753225280871538,0.6216775866392048,-2.756020891509066,-1.469931165861285,-1.2570530746434425,-2.976143114228993,0
-4.461695455109323,8.9479650948428,-1.5067612263977241,2.9483124218599714,0.5171063770094092,-0.5938643274618427,-5.035566155336237,-0.878279618919612,-2.051468108052094,0.7672254636495847,1.7693580555176098,-0.7655436950837861,2.742174876803052,0.09530903317565519,-1.6056692458438369,1
-0.7678884028058991,-4.006274485862453,2.216947256728202,1.6846619099618705,-0.7415926390940565,-3.6108506641285625,-1.2668333760953665,0.588441191448131,1.9179062934740534,0.18702010769393745,-2.243598322537082,-1.6074819253808241,-1.9952114816668491,-0.3741045275639198,1.1785847168829098,0
2.5375047767451475,0.1607533124236111,-1.276020355865563,-2.203633236716394,0.058163898972263255,-0.28736553270601584,0.5174002922443512,0.45641448874950163,0.7152406441722203,-0.5507008819672566,1.300648710163695,-1.6692623350329496,0.3139262825890776,-0.21858020408792528,3.0445378902778666,0
0.3778409312563593,1.5075964459897642,1.1884034600797249,-1.5639867815000295,-0.31916448321816865,2.6858726769281276,-1.7300019252560244,-0.7407472497298014,-2.363393446013229,0.27098821468719997,-2.2766780629334598,-4.665089582367232,1.5956762897373717,-0.659954013146598,1.9017832255108362,1
2.6870677794473963,-0.23584868982986226,-0.56012912429025,-3.1539105757301433,1.1787240865856219,-2.9934067471105017,0.2046300570893984,-4.018186193154246,-1.570501345079894,-0.7355306659075819,-3.203669308141585,0.28363683013179,3.3385576104148784,0.4876176752337977,-0.1451988499873671,1
-4.89562334473651,13.9188096279164,-1.4980425695065342,1.6340155983251223,-0.19620166007908182,-3.0701607533430533,-4.793337228986753,-5.071350147855975,-7.101565209334709,1.6839933375190708,0.6120855903091549,-1.9585985120872886,4.663218898029914,1.365058321512224,1.4023542870532628,1
-1.5889009944120378,-8.64972029486864,2.18559036245125,-1.8899754133103914,1.2092795388889936,-1.7095452952747445,3.2397718451158055,3.406836453724701,3.567273153458849,0.11906207824307634,0.5851589426619492,-1.5307273151428495,-2.6728474889543508,0.32474332035109527,-4.097994895205926,0
2.538839463880021,-0.7377186073012709,2.396694615542393,-1.2284780640052373,-0.31627654319091747,0.5352629183979043,0.8204035906709164,-0.26563483916985553,0.40449776335962645,-1.9055733529725303,2.9952568131778348,-0.495704851088383,1.3826496105116275,-0.2903032687351907,-0.6475862407234194,1
0.8721883786833128,-0.7680924837252152,3.468173025215525,-0.9243878359415014,-0.3101449950106793,-0.7082039819138473,0.05226838006620871,-2.4115653069866765,-2.6936776682519605,-0.9596073122118406,-2.4614602466585547,-2.6327539221558833,0.36427888035324285,-1.4002452287511766,2.2341919545453433,1
-0.663309885131786,0.525943765316804,2.6497293561948556,1.0870425566290707,-1.1363893507323315,-1.181039359767129,-0.08073973640143195,-2.769296753039562,-0.21944082318538619,0.04801781715807684,1.651233959664543,1.353344937455617,0.2553012436957578,1.5697195874208587,-4.484368454393867,1
0.3275754582504673,-6.302495135454691,1.1368567098874913,-0.1884645002436598,-1.0254698443982604,-2.526722095992133,0.05129181409438277,2.110021926503283,5.081129578229127,0.4995007969689037,0.8111191680551046,-1.8202832562098097,-1.4140807106780346,1.8338247289999745,-2.9292124010594227,0
-1.061423551445018,-3.1305455289158512,2.89575698976396,-4.246927829505623,-0.3842200453459713,3.7975745492806072,2.5011080753757216,2.6875708793464623,-4.180008373552729,1.813463857298551,-2.7698403354507075,-6.159638869608817,2.988635776435466,-1.0869238165005535,1.4274107829329767,1
-0.13959434949630634,-4.45255884874771,-0.2765163023766457,3.074688391333847,0.3030162924749628,-1.2759669204137984,-0.7778330165570777,1.5456809916938006,3.684740518909048,-0.5808791381772977,-1.8851988913729054,0.10898860485652162,-1.801612684557152,0.6765487604029504,-0.34953087013641926,0
-2.907215883461368,3.171712418415474,-3.582343694106962,0.7396365755773995,-0.8270375650347882,-5.0537739354213995,-3.4304094455051244,2.6426134862124715,0.32832419184529166,0.5190327410915175,-0.6816632120863129,4.791395326713689,4.212993107554258,0.003962181121075194,-0.8722140294464236,0
-2.5560888992042528,6.570321812539228,2.1186546007516287,-0.1606447423174926,-0.614981753410632,-1.0049968758373107,-1.800574134776075,-1.8607921931654754,-2.764863649317042,0.8124349008239216,4.041416860654602,1.1717973903038024,0.14756164751456735,-0.21724932841809785,-1.7836649258364123,1
-2.705449144373814,-5.149513733990916,4.640164949653637,1.003838394067316,-0.39075176990461724,-2.36057067451547,-0.15060080063415304,0.6603337640767124,0.8258579829477383,0.48107036951077237,-2.2896888578973047,-2.4863851663159404,-4.52353311856427,-2.3380087167915513,-0.1936749457060103,0
0.8186402477700434,-2.402253237531656,-2.4435021978375304,2.371625176163292,-1.0207402102082985,-1.390600994838466,2.732999871138646,-0.1578272043986504,1.7874658101366208,-0.8667302333337176,1.2452521698961663,-2.0131963424148065,4.161645524892392,-1.135119419411239,-2.1031987024479237,0
1.15415749819251,3.759765106911507,-1.4594984957480885,2.631467968829937,1.9259273205022611,-1.2535967537663844,-3.085750515477666,3.2991969788238595,0.533120481629516,0.24729405348683148,2.333354128009363,3.880660033529635,3.8449428564017607,0.4839119423794722,3.726099573843653,0
2.003821630900447,-1.8263344042009275,2.3804411954041065,-2.7418970424591027,0.8305051886334915,-0.32761733214637645,4.642503149319687,-1.6218058389081846,-5.000680734924082,-0.7770102302049039,-1.8006533795503072,0.008565034276239336,3.308433538292003,-0.9535247258366385,2.771706591058575,1
1.5302590243415526,-3.2018117424247006,1.9177681184211401,-4.268817591992938,-0.8252705451962018,2.8192012552297854,3.659348960081504,-1.4685663412041152,-5.443224484421244,-1.3644405588512607,-5.63383738808509,-3.2810321956903987,4.067994261278095,-2.018260153329028,1.516037195006984,1
0.6563469457683095,-8.89000938267922,3.1688962688316935,3.3121050190602643,-0.6272574628615696,-1.168232020623974,0.5386436444756186,1.4200223239185725,3.741056370423307,0.1626344699001771,-3.3992455424758985,-1.5900443257122276,-2.7185199108827205,0.6105283942093266,-0.06717084183126976,0
-3.3546990435456108,6.414401432746183,-1.3764324340600944,4.499026790755406,-1.3822859041360303,2.9511829530938556,-2.206919310015283,4.437808511391696,-1.5691582148084213,0.22417948485379244,3.7343970501243318,3.7355865702431332,2.399765271584813,1.0421398926351775,0.8966651591965041,0
0.7244274027535131,-1.6424808182560773,1.2534539212570097,0.3965259321554051,0.3125248158232605,0.90040341579564,1.3170145544187295,-0.35421267724907923,0.9895773454507104,0.867153129040598,2.0546910974873316,0.1414822605111128,1.6537943102393131,1.1034975012723258,-3.9255686203208247,1
-5.193041178549174,8.100444263405915,-2.471573914082658,4.476222207328209,-1.2082514507975155,0.9000399446837113,-6.05200329931931,2.0576425253417074,0.890751063439886,-0.5874424434240215,3.317771824361086,-1.7080464041378858,0.6598439437060863,1.1366058865331667,-1.5976822143239575,1
-0.5214008571520498,-2.6512167355234846,0.5700896035101602,0.3552278590607527,-1.6476935347695922,0.37644392757210454,-0.8532252840540453,2.6753933903414833,2.2324496114538013,-0.3868409579865057,-0.11479501760094113,0.44778456708165426,-0.804978087498914,-0.055424061982421884,-1.1925250650468342,0
-2.33825241722356,-0.8490783188625902,-0.2592613593890618,2.4805093491520287,0.18604771215121202,-0.19346874558977456,1.253925790787266,-0.0657940341067822,-1.692261122521763,0.9138266561455501,-2.6096176330211183,-0.7902394480121873,-0.07065338676259869,1.9164543210163532,0.8364394200469603,0
-3.326965390777957,3.9507338424860694,0.43461128079640265,4.577807250369467,0.5116430634695749,-1.1169126930944804,-0.6183233674163635,1.0588074566601353,-0.7722461102268194,-0.2196218407316043,3.628921729738282,0.07982079538548592,-1.3587567243237886,0.02340451074413049,1.7388038698364192,0
-3.5154020405999167,-2.1124929779418244,-0.37255503782085375,4.302874949827181,0.6519334010300283,-0.16317755135538614,0.9717808821973599,-0.3483254338469637,0.7655344054566096,-2.1193013676882075,-2.078112396860237,-0.5060218689495548,-3.4754048972336347,0.17281227977128397,-1.5796655906092454,0
-2.0635156167620052,3.922020823298447,-0.5623198004772693,1.6365150377116475,0.2027676016233806,-0.8179399363110678,-1.445721505637943,1.2766770920714292,-1.2521402884793886,0.03984930415032582,1.7883645305917324,1.3132583421243897,1.2581623700724087,0.4517753858746905,1.0139945644127235,0
-0.45782670011498605,1.670067573843877,2.9874382596214364,1.4643536070489624,-0.055904033151241074,-1.0002994934813756,-0.7847586388672844,-2.6942486475984966,-1.807070180070415,1.3934952970475232,0.7518983953366133,1.5319440889963793,2.8970068794453843,0.6129560841662747,-3.493023717724314,1
-0.25925597664497735,-0.3338276560935056,4.7365487808392,-0.46926834978883636,-1.1329780946912673,2.157048493441551,2.379683525941885,0.2013769371379015,-3.537518879351453,1.7165403158774715,1.6689412261377727,-3.121149642553182,0.6401887662678585,0.4596260372158683,1.6625574678812947,1
-3.365068455248833,4.925810152313341,-1.867032571357073,1.5772993620414604,-1.1953525586996343,-3.312920414815929,-1.6131185905520382,-0.23641048990886415,-2.3656911974130312,-0.3723871854226452,0.01340049926724829,1.6813054063544919,2.3851154126590357,0.6219522424789306,0.48968424006121825,0
0.7060555126503791,2.5627831681076696,-4.4032274711626975,-1.4921334426696995,0.015306574845510054,-1.8065024553005111,-1.41437750421697,2.267854000708721,1.0715518410961677,-0.6104923262720335,1.1046302086036976,2.765587251870919,3.521615420553243,1.0889105126652388,0.7508173873869882,0
-3.4969308486447757,6.695759715287562,0.08407139113697548,0.03943503904291701,0.7470622500906786,-0.6500818635581429,-3.97923742005674,2.1852541615611707,-1.3941677519693125,-0.3894185332824212,3.772709625022942,-3.229235483888917,2.003457190554174,0.9159955631528404,1.0094113435189507,1
-5.695463873997818,9.06632640862913,-1.546555466469006,9.183274779338209,-0.2885164751955654,-1.1951869847752878,-0.6301233938463598,0.2401998229934008,-0.8814152665989627,-0.19703686027682768,7.736810291435221,0.6555876959394129,-2.2763059077253627,-0.40209610449653027,1.5288919876823606,0
-0.3271315373253443,2.105168317350256,-1.7635089602015208,0.4200614193776988,-0.48165745105457425,-2.0596167761851585,-1.0176918817853373,0.9451622896719079,-0.11543024373553412,-1.4139691334071136,0.666774503643809,1.9990732307416041,2.2015519370441257,-0.8152803293911224,0.8806070990541731,0
3.2139542283153824,-0.1504923437743879,0.3563856133695613,-3.4426912783172225,1.0303166954736713,0.06195782588098164,2.6435735349171807,-3.2582883394249493,-3.448336366323637,-1.092701863247086,-1.8676995942841184,0.09427453650135886,3.9840461933765194,-1.403499016998488,0.7149052921667577,1
0.07653681675684698,3.1079312286326837,-1.7426092773614048,2.9590446117326796,-0.16404718814820396,0.7164956208053739,-1.8938392241396957,-2.7163195844254657,1.7009230790820564,-0.05189738682101813,1.7970243142122972,-0.15313961812894483,1.0854593212578914,-1.2368931875707139,-3.8531798540416546,1
0.7119170170309235,-13.294918894506324,4.810159776233678,0.18529968874749003,0.8745876458098074,-3.41846153400045,2.0293331319856818,3.5879184172421046,5.179923032294891,0.3612522833635362,-2.662096684558838,-2.042353469969902,-2.764786782494827,-0.25880086360891674,-1.4811433576059205,0
-3.42251977101247,9.433889010400195,-0.25353543046566007,2.403972922381279,0.49826470719588245,-1.182589091801177,-3.996668564497038,-2.129155215325539,-3.2938227963314515,-0.6905280258215071,2.5310120647399748,0.2055498372815816,2.6385076136494785,0.029671824977444982,-0.5816273761771396,1
-2.3491800578827,3.8297152713899356,2.0656212681159563,1.275074828529041,0.221025231151047,-1.834040665720078,-4.529176775874554,0.6561631222368023,-0.1930127011322742,0.7533738838312816,2.1283943510883323,-0.7376004489019642,2.8011861892095915,-6.124562755371822e-05,-2.084829438226261,1
2.2832816248741437,0.11868202071070806,0.8772291348185923,-3.70273902489119,-0.4147278813463268,1.2934127290917838,2.5956023892555535,0.38076934218702063,-2.167615837165621,0.16701797811696062,1.8689613293890948,0.3147871977243424,2.8584234456617383,0.31772670120959673,0.754283119163445,1
-0.7137949535622642,3.1193761862951965,-2.4501088477409456,0.8792892297634716,-1.5643303264490933,0.6439667011384187,-2.703400010577641,5.350933118796968,1.162304375260722,0.2826338562598923,2.5800263073337857,2.4577142863414587,2.125953224615679,-0.5013860890772907,2.3042993273044896,0
-3.7393893577539585,4.786148975208225,-1.701829457102339,2.464499212451543,0.4361230887697904,-2.013865458518075,-2.4175325386091355,1.3261206410698403,-2.134401292065621,-0.3501281715175616,-0.30183274789445247,3.5493975572383363,2.873648453144366,-0.7516362710192865,-0.10877327001315606,0
2.4558574089281446,-3.520460443973516,-0.9323513189741863,1.2376895069851859,-0.24390294860084202,-0.3088357856913049,-1.739789262971465,0.24892744231995723,3.6969558529542104,-0.009056263622981188,-2.743211518281424,0.023360760067641095,-1.7657300927665576,-0.28302160553892824,1.2194141791461584,1
-1.2059370785825663,1.1375073247332408,-0.5675830144729216,-2.5561262371295292,-0.8370749874113654,-1.2239430637972701,-0.9665900019853554,0.5445787554472186,-2.6636609089030703,0.7036038680787361,-3.0168060302886532,3.847631283035664,3.4520851995943875,-0.8129946594099369,-1.2094189696170976,0
-1.5655440200982167,-4.455456482951147,3.4964099768017687,1.3439844552471767,0.5161349660879432,-0.5907827179461121,0.4053009470777442,0.0705365456877094,0.4198979169405756,-0.501229007443454,-2.1716480598079313,-3.700817322957718,-2.2302078327629236,1.5298834884051506,-0.3741846743146642,0
1.1218953254219857,2.235012280851956,2.837025109237416,2.8477678681269216,-2.3020121801351987,3.4356121064771337,3.1536636224497823,-2.1936576593837875,-3.461093406615916,1.8079328389524703,2.4274816458056727,1.0180480916662469,-2.069967202456206,0.8460119384207664,3.1669968609068864,1
-0.21567134249051123,-14.834287904422062,0.7649493943053822,0.7852188268294664,0.39627092094511107,-6.788701475213649,4.752539422584161,1.640058453500985,9.643437991345564,-0.3292045633289162,1.0124646235803114,-5.025165984591854,-4.395683176224487,0.622664215918158,-6.387281177779346,0
0.16991851781939027,2.562557095621141,0.5887109438624256,1.1505988117513883,-1.0595884837020841,1.2634562950053463,0.1520458162110072,-1.9886265123911877,-2.9794063894641365,-1.1238827721322047,-1.0612063310770645,-1.1848089450137822,0.33799741479967094,1.023680849162606,2.829708971301467,1
0.14574233772494316,0.9114753773674121,-1.451467081359705,0.04049886135752456,-0.9823938111016954,-2.865989909411531,0.29557392409615724,-0.5079966829206191,1.5462054522091104,-0.18245000287426927,2.586552788384237,-2.417086647502989,-0.9443044274299384,0.8564135060057914,1.372292186718369,0
1.2102526090660435,-2.4636396233067517,3.276539020382558,2.9671801214201405,-0.22059852118080178,-3.14405090817493,0.7236682865748145,-3.1863961837856802,-0.3488974427704972,-0.8908226680002443,-0.6375881441601772,0.010901993648410269,3.725687540314197,0.3562865483103014,-2.4830656940420894,1
-1.7284708922820633,3.8994001866945083,-2.649773909069541,-0.2732787781603998,-0.8305905203372766,-4.104776335125285,-2.328889227887883,0.3720567321019683,-1.7092791360458246,0.6037890707317585,-1.323547584256914,3.1110079854462365,3.8946789352898104,-0.46728062016821964,0.8235255199622865,0
-1.4084809687639968,-0.9013945758804552,2.397510839783374,1.961829416974591,1.1450014785219849,-0.8440440953622012,-0.014371220182459732,-0.4173405839004585,0.29164081563313304,-0.1340514361970109,0.9408890094637384,-2.3960938146555204,-1.1497046728705698,-0.34617644959420923,-0.7177384578493239,1
-0.5369214683738606,0.47204598992209074,-5.322443930221418,-1.1601348784446777,0.02890659332579404,-5.948218663072536,1.2797920225387882,-1.6800936118490286,2.994350038704591,-0.6463676703459691,1.9221543947005506,-2.3382482148071695,-0.7109967351109696,1.3119927903920974,-0.66585984912094,0
-0.23236074235250115,0.46288029934041863,3.997556121781512,-0.6130781173967118,-0.352655486864075,2.0608778412268243,4.234422436490647,-3.8399376998568537,-6.935261476539493,1.1257274293735673,-1.7589484228084074,-2.629717247481,2.6174787611747066,-0.7712292944510174,0.874143116954184,1
-4.0217675691679355,-0.5540215388494149,3.4355079543429414,1.4818286467642352,-0.31670793232591443,-1.3683738943395944,0.35592105674419683,0.9415964601433959,-2.816115972097819,0.8403635995547787,-1.4265442914321655,0.1873460525038373,-1.5591328524510817,-1.6598678502577902,0.7230751189970328,0
1.9131751744614736,-1.7121593464380724,1.7862215902806928,-5.031614929598258,1.9381904707770388,2.31940965396438,2.387876100508902,-0.04981494803433284,-4.338427417791515,0.7231601126549526,-2.9175806866070246,-3.0811684537497532,4.478431984618963,0.47918753078696064,1.770101484156812,1
-1.7898518429529329,3.0476081305301643,-1.6324517405617507,1.9926274112602052,0.010051572234199141,0.1833239311014947,-0.25713939831517085,1.099727659625037,0.17677704960326396,-0.6720310766470772,2.966292361315242,1.3719059439371044,0.7829209095646666,-0.01254894461614478,-1.1619110932552315,0
-3.9608203130372677,5.274051935003692,0.6367774199929724,4.786214165640709,-0.6038936511457048,-2.9214466414616114,-4.524404639383827,-2.251833619949589,-1.1291613533645914,-0.5651313717924064,-0.00811525696376525,-2.2909369549947742,1.8684593046434386,-0.7343205032739754,-1.2996276993527545,1
0.9328873875290835,2.2817476291839194,-6.734465845182798,0.4352006571352589,0.2601485767784419,-0.5419297293818233,-1.1966960125422668,4.3243428739212675,3.0728714955097653,-0.2624275956923146,2.610053227234628,0.6069657250773549,4.46425540634489,-0.23544445787350907,1.4751424489805915,0
-1.6310383135015494,6.12782839293631,-0.680791425665344,-0.5220724566319546,-0.40742119820453704,-1.910537185969627,-3.1306536064037696,-2.651994448308256,-1.2710241556565145,-0.06810057434217907,1.8927810506366889,-4.9206360215908695,1.4549931633556423,-0.1367788670590703,0.10765492490794482,1
-0.8546535733601569,-12.003515618014736,-1.42377525654596,4.923848926681364,-1.1208492678116218,-4.855637164500596,3.8943366760914273,2.4327491347968953,7.025984888116088,-1.3371522108411915,-2.4174204745935572,0.5740620333032722,-3.1010092793336943,1.5537518857296357,-3.034125476586272,0
-2.0937867513126225,5.760154815856673,-2.182990734869763,2.3990625728445596,-0.006764593656490827,3.111852807756039,-2.2768406842835915,1.6384779833439818,0.500235351595652,-1.0271644596879284,4.1749780735151685,-0.6685628505015935,0.42062541445956114,-0.5371064154133834,-1.0452371710086399,1
-2.9271629732873405,-5.51485829545411,2.5812640118548122,1.4060253794459145,2.078156617110029,-0.13373894815487652,3.529846809744893,0.837812323641785,-1.0942761177759,0.44088101139447555,-2.365806855301281,-2.5046883902122516,-0.8179393470184966,-0.5357146329995497,-1.6561644700282152,0
0.28800792333477765,0.765788728040806,1.7065616578871918,0.139530616827219,2.451712624997291,-0.6874846664395426,2.2956770661089645,-5.263014445932824,-6.107330942039875,2.1332646815618554,-5.645169148582451,-1.151605776152452,-0.34255373099191355,-0.48933237546220554,4.645232972820314,1
0.671314123615033,-6.574024502981066,5.2216400585221265,0.5981853478590522,0.8653749705965644,-2.870606170343293,3.259649541772143,-1.2994414163348205,-2.4570248429187194,0.6777665661808034,-4.0674408950872625,-1.9531788511784356,1.1520461300207692,-0.5866940812126582,1.9640845773593572,1
-0.6348871619982326,0.752464286192815,3.6845651775336856,1.7812483563261425,0.48663595614481137,5.339571854773405,2.060995688105736,-1.3992039255399153,-4.458977885874666,-1.2003204521973168,-0.9377392036106158,-3.609883448637189,-1.0902186971058776,-1.1616473856371412,2.419202555230367,1
0.0264352831532757,2.590691476614764,-0.8192207572917991,0.5178796496156072,0.5436808988766937,-1.3603308803295096,-0.9871330327901098,-3.759297427542967,-0.09086774955156555,-0.49562767381072753,0.5042447456744101,-6.265586719684995,0.08470413266346166,1.0988707878439867,0.6485423459853688,1
-3.20452192499452,-9.429267483843407,-1.9085198021744292,4.042073231674275,1.9793336183838781,-2.2093582543842176,7.676885346258102,0.2936342201253972,3.5177561695143997,0.09704062724448921,-0.2099231135751174,-3.4572303217521787,-1.8042725082213393,2.1907855142107007,-5.689047284524759,0
3.0744247960947932,2.458177691698811,-0.26154868584475377,-4.508970843059966,-0.6522631837437548,2.171664980371579,1.035622013062806,-1.2524368406051412,-1.1976950354440148,-1.405746275890388,3.288135982489891,-0.4903130479185176,3.902007839816677,0.45858677994858266,-1.873761604795519,1
-2.922267669631755,5.274591332557382,-0.71928257315228,3.7739069088242028,-0.18043853535069926,-1.750200655796836,-1.7997755924802112,1.0150317903513861,-1.5462456547754726,-1.117757948316312,2.667912347718525,0.8632725262813693,2.6146399192993774,0.5477697760195868,0.9680042980216234,0
-4.743048687792036,8.906286023943661,3.159248507101072,-0.2713916902247109,3.2153741962128324,-3.674150123864456,-4.348917494965822,-1.8307644271477745,-4.981732304674057,0.23555221128809037,2.604129922488706,0.024660222774138374,2.9334116448741065,0.3320591209490886,-1.0718818005004198,1
1.2161238778484054,-0.09554883599615974,2.1219561143510313,-0.30602355260369385,0.761769726263774,0.6944043711268625,0.5833784149885421,-0.9208895822236137,0.11134763927183876,0.7603193157594238,2.385754978232343,-1.2240392098954889,0.20305657643797814,1.856415517826335,-0.9430209113059052,1
0.7465638030785975,2.622784916456304,-3.3752153541356886,1.2660824898873355,0.6488475406246502,-1.6184139666922674,-0.9565667483980491,2.519067849245796,1.9126813370923803,-1.0859363204038428,3.2934286660157515,0.40456749706695017,1.0282067608797492,0.3386251576366002,3.450615236894838,0
-0.5770679946591115,-0.01741030336057599,3.5988499076826748,2.1570256248808093,0.007431802439666953,1.734445885425688,3.465606750312226,-2.8273599729718075,-4.429712922116972,-1.6176638046330563,-0.35033318154941484,-1.4612492572011748,0.6501825791269424,-0.07571440360775782,0.5611835375637373,1
-3.5328902199331624,5.535874228781289,0.03638610187061908,3.3281149596319937,-0.37478379381323196,0.5575611097972475,-4.17280980713798,-0.6255096155894478,0.33036030954350515,-1.2217710884730737,2.403803707304303,-0.23499601489090471,-0.30520164588951104,0.89949996247716,-3.3037794494349715,1
1.1844022129408016,4.55329041749688,-0.48660001113670037,-3.718357025936207,-1.0071747357076501,6.060939790470943,-0.6647158417800068,-2.6658720949920145,-5.033102911163894,-0.6799359447584152,-2.751493403203356,-4.51546139705227,2.748599103046845,-0.9491176282799884,1.629671237362817,1
-4.779642381048004,7.676034494550869,0.1722109033087027,4.9915439050601105,0.440944019922617,-5.700485497239037,-4.394699628020109,-5.138196157219637,-4.395176744698878,-0.31597238536431355,-1.9220687645890244,-3.757264225305768,5.391442411075609,0.20822686215356342,-0.36292375571399904,1
0.13578666636845504,-4.7389017335128205,2.1658911678887014,-0.7872752772568916,-0.20542932949320494,-0.3253011479261254,1.9015854181285747,-0.020850060874766152,-1.472634872999225,1.6665893433755425,-4.211815754348948,-2.962492814492495,-0.07039781658134125,1.9713506490012904,2.0177977981660637,1
0.23875587489635008,-0.5107706452013984,0.4717382939288999,3.4442382369192783,-0.5184019752547779,0.30881300305709214,-1.1298731576466299,-1.3729760750368079,2.159617002395872,-1.1185509595418555,0.8908860181857424,-1.4644353595763087,0.8295996763406879,-1.574729373342093,-3.014167425897277,1
-4.944460791828293,8.190547849117959,-0.3877116627834587,0.6226622563512668,0.2943330451365102,-1.867347219972539,-5.833014012721321,0.27073311241778675,-2.2268806164111723,-0.25172434060751725,1.4650777470362564,-4.40554351379474,2.7891364948182398,-0.1588323605819089,0.016315721638897163,1
-0.20677062793906287,2.5006677872013845,-0.13788664553512242,1.0807686169557653,-0.8120248745538271,-2.1957109470804093,-2.7620640971511965,2.0615709204231374,-0.9743495578867583,-0.6184543903794149,-0.3297041541064627,3.1407607413260608,3.1400814863374964,-0.6581277255566853,2.730866096885988,0
-1.7431421260846987,5.352429132693558,-3.802450409707213,1.2121377720964612,0.6561204563686461,-4.516474947538586,-3.314206015761898,1.3981775631790112,-0.5016003889242338,0.010197682007116406,0.38064330716577666,0.8914123830713596,2.9800178253515734,-2.496829991220924,3.639501119313469,0
-0.4412076793676276,-5.489770839415539,2.167303635198518,1.8123617246491832,-0.27596309645500083,-0.880110164670726,-0.7871537513925868,2.5612261047213547,2.6431201309539945,0.28107222501761947,-2.017371380336188,-1.1037491373363815,-1.1657533365683639,0.9430406415610397,-0.14152707408577414,0
1.103275877926725,-7.974472880241953,-6.291294156904044,0.30528824525874376,-0.17821901256785602,-3.27941561071861,4.299863069960935,2.9105591542419744,8.797556219440697,-0.3015136445386949,3.6403126374745653,-1.1654587130058145,2.1366062367045098,0.29916456718847856,-7.397325680951295,0
-1.070522657239486,-7.402483598006038,2.458768677455678,1.7131096580153637,-1.0923362979510105,-2.5435444851266813,1.4930475786552895,1.6684201005326345,4.018218807067259,1.5511470813980186,-0.06399337643181813,-1.5299213511889584,-3.254373428793799,0.1318177325967188,-2.4729016608386427,0
-4.173969445122077,5.35629667923945,-3.1833453782030974,1.8067581888016007,1.237710696149668,-2.6467035358658544,0.14089043881252827,-1.6393875876482373,-1.7513999579966189,0.15256924874093414,1.6418695764928344,0.35076183651368775,0.39942838899576016,-0.33413323884336144,-1.3721333169709133,0
0.18566612035445296,1.3687822330481318,3.2720982067377795,0.1630184515976154,1.0561640438100357,-0.814721449041774,3.374601612098025,-7.413257850283265,-8.707338331220615,2.9336057061712726,-6.050678576997408,-1.5021156650357426,3.008152885611163,-0.07692575577915453,2.7826705783957078,1
-2.827870101796019,4.316616186169977,2.7074794335828356,-0.169454632398508,-0.9321312151135317,-3.7678725581015007,-1.2719346477521503,-2.8250589663259955,-4.21344336934771,0.42248462193427205,0.4195647916727139,-3.7609151440943425,2.011211701249243,-0.9654921909980355,1.0957840694979057,1
0.12766442592635419,-11.192408191633753,4.887893026990014,-0.540483125932171,-0.23140800165325723,1.3189967505339864,0.7912990404446544,5.022373701993995,3.4272748866997587,-0.11362693451922978,-3.1696381958671953,-3.32900259870829,-1.0407191315148339,0.9302917092896185,-1.7393741503397542,0
1.2223358545347538,-2.523268716475898,3.063094846828342,0.5339751531931858,0.13315452817161547,-0.6810002537715188,-0.06162209106669558,-1.0039841546201265,2.860522507903164,0.6200518676390839,2.942108243562063,-0.9080098112046471,-1.0068096058042046,1.7363238088498891,-3.728897833056794,1
-1.089183621456835,6.411545585128899,-0.9704205391037277,3.7566584625940913,0.268461899866732,-3.239092296665943,-2.631924939890684,-6.725209305850381,-1.9561755429440144,-0.47099942075297796,-0.12808433360397609,-1.6627141907080123,3.0050954684560285,0.025755350923262824,-1.8945939571295014,1
0.2720805696757391,-11.346280127284423,2.1329002302783424,1.2297790853928459,0.5748264844618621,-1.2466298202449022,1.2156436103183137,5.077140068064564,6.210664762569407,-0.008232364569510726,-1.394277416420733,-0.5988322664349701,-1.556396034703227,0.4902574444285194,-3.0467879645526015,0
-1.4152324673425696,0.18101458434647963,3.7159315677988456,1.6964911422167774,0.6981236054063564,-3.7041538610622022,-0.007413885666850417,-3.7252306152557786,-1.4350588921120473,-0.8006777428791878,0.4214979991591261,-1.7359142108890921,0.6979764514931336,-0.5215431781275682,-2.248347981646866,1
3.0974830211396776,5.570057265085025,0.43910527497504304,-4.90232832058478,-1.0034765607841956,5.724150056899515,0.8620793044062062,-2.9214892775276793,-5.571636651947817,-1.365054443070417,0.6721003806492298,-2.02802263598431,3.894547591228761,0.9889229171420731,1.637332242303591,1
-1.405314550384737,-6.3690906104205345,0.6070478055275268,3.5192047248829925,0.5388387035370963,-1.910752234836811,1.8991350554508712,0.7248781340055067,3.3275098289179916,-2.244181542168122,-1.410653735738514,-0.6414388691937853,-2.9463853554344643,-0.6933299046018816,-2.0795651704845644,0
-2.588640102241811,5.225465279898738,-2.318326970022536,1.7914158991212399,1.0346573698682087,0.5667495021821001,-2.9539535520643208,0.05589577169338389,0.11707445015292485,0.19176563310249223,2.067087718820335,-2.742978758137199,2.15844585386488,0.4864990167320297,-1.79868747609265,1
-1.4994278739118254,-11.652303466380072,4.802909713224841,0.2762855043409682,-1.029129678078305,-2.657913934821373,2.2931041457963515,3.7608837607904846,3.617471404509707,0.07163127677616955,-2.697322882839189,-1.1568232648386947,-4.189865430753082,-0.5043120335043169,-1.7289249400712665,0
1.943539766028006,-0.46596419773033826,4.063319728166896,-0.5200548197224435,-0.7997979377203086,3.3659091372200045,1.5432374226239298,-0.395998921791052,-1.3583192290646582,0.3540485085875462,3.0041499019562474,-2.2811846920291354,1.987703800215067,-0.1447323989185361,-1.0009702096486746,1
-4.64198359963984,6.789451397704744,1.813116455430992,1.493237137048172,-0.2810782435201214,-2.885464721871957,-5.258720434089122,0.43459877480885134,-1.7730975974977359,1.3675257539154317,2.805063487312349,-1.0128482278912583,3.062449627689749,0.3085902189498734,-2.0388190030549853,1
1.2171346584976113,-11.01324961374802,-1.287685262414196,0.8349600909792977,1.5921979140381801,-3.445033612995797,3.432672613187255,2.2288261596780368,7.071280958127642,-1.4198575345849727,-0.39936463420451784,-3.5214756334897537,-0.26994391684475927,-1.3232573567685475,-3.85720748389886,0
2.444192482098708,-11.940789637332172,2.7502316755467966,3.651278785816635,-0.702541629551626,-2.6057136833521444,1.7530172458011775,-0.5734355067798278,6.937789505154661,1.0421283086144433,-2.1807218493506495,-6.588703251275758,-3.0691151536883803,0.4845771927942285,-1.635326788022806,0
-2.1393099707094176,1.5189256141184977,3.3805144040686086,-1.6564705728334186,1.2671281427247396,-1.2275390859031434,-0.48649544284558677,0.01837805637764145,-1.4251187515674981,-1.0227782409877522,2.766308727867715,-2.697231683279673,-0.5396541667314625,-1.39380444589965,-0.9124912760436548,1
4.105223196369608,-2.5566538749219734,-0.4001050965006734,-4.6874464679449215,1.23779650381161,3.3751662156171447,1.9221819725572795,1.3377923551059583,-0.06852740734846542,-0.5874512748557071,-0.6779159320220681,-0.06493691183115313,1.2755619580229314,0.7373226156755405,1.5410187565396107,1
-1.6078593638825636,2.5188114186332284,-4.335892115157415,2.1399792653439293,-0.5148196623973748,-0.9544208463511281,1.8276840768654612,-0.22521360571288151,-1.3867328010466653,-0.2345229260809859,0.2770615380150221,0.9951804498736685,3.9440718253716858,1.3383799037639572,-0.6869744228641024,0
-1.448157162149973,-5.01849840148356,1.9954102589592324,2.5335059995636904,0.33689236469544814,-2.798759300488088,0.11529662253539219,1.1777619694731896,1.5737810544825477,-0.14996202289627097,-2.6061785957646944,-0.36182432013691224,-1.8513054105036701,1.5788561203734834,0.2715676073280311,0
1.1420094104299225,-3.9164611675776686,2.185129894627078,-3.3096948522916656,-0.3844681126994213,1.1411587249101496,0.30162315511096516,-0.47475827448692653,-0.5732236842687055,0.37181681099472264,-3.3546165383928175,-4.402767930399326,1.1384097377600981,-1.3046459986144672,-0.6363705645646709,1
-0.6735179130319419,-11.646738857164559,3.0237252599611786,2.9047823797729952,0.159036264731735,-0.22734355067330592,3.0501080508544236,2.913797470483189,3.2497131295174837,-0.44279093792784774,-4.216018158822826,-2.0696581288158966,-1.9255129467364325,-0.841734068994101,-1.73726046893732,0
-2.473773168995095,-0.903351484744119,2.332775972471262,0.8655870048797921,-2.690275631353535,0.4725005355797276,0.5079943448536051,-0.8705215545719112,-1.5194476149948386,-0.22425879143948552,-1.215387725309621,-3.441474489023172,-1.054568900614628,-0.2722221717726958,-0.9842189267761718,0
-2.8796448130116814,4.879243928989968,2.0212242802082248,0.9558858910124581,-0.5461833634418188,-2.530195366132265,-2.9157275755772067,-2.010372505300328,-2.0021501345841424,-1.3542929263269372,1.7558812019085919,-1.3900935462542563,1.6317518821136217,1.4544569567083374,-1.786743631208577,1
-2.572253914504071,5.115802581823696,-0.9873033881242919,3.9071199371552856,-0.37098070946534056,-1.5471011514398305,-2.1672826280392914,2.534778069494594,-0.20253793900551761,-0.7405815402049029,3.6582571468211134,1.7281009260215012,-0.21119020038859793,-0.7237887891138806,3.0856633294094293,0
0.2982640943393431,1.26494532597936,-4.037824519894884,-0.28722426859608774,-0.6859472539047468,-1.654522740484864,-0.6701760736428669,1.5623351054515722,1.3294462805887668,0.04180145008551258,0.7823022778753901,1.981559788997731,4.4040347377529345,0.27448290762842115,-1.376084914181031,0
1.3539677337504088,0.8242159212414407,2.8230835541036696,-3.3489368042493517,-0.6900745939435349,3.499591806546384,2.6298383348731953,-0.3058877240901512,-4.773646105797187,0.508192939171904,0.42769301435131934,-2.8965349404960694,2.744106780567267,1.9286338008939643,2.2589876309486607,1
-2.62803423409545,4.707679196887357,3.0214152325604884,-0.9946778471194082,-1.280987923737443,-5.593703277972168,-3.5879294955780177,-2.1365501083615097,-3.9573045283772057,-0.8857480618759175,-0.10644494507690494,-4.629720655381147,5.082582359271629,-0.8559684519638542,0.948829471863676,1
-2.0264664070504868,4.431098455889004,1.3477484887650106,2.5189065088382305,0.6895068283290587,4.230319939325735,-1.1635789045494085,-1.827102468745105,-4.8222615709993,2.6613186517578353,-2.926645432154975,-3.861631074400295,-2.6506068321346445,1.6361813010570987,5.394615702833452,1
-5.626629543936922,9.609597870191642,-2.5620084225964757,6.380655042205612,0.035058417871113794,-4.268354036020288,-2.7679369595566516,-0.2725816231201119,-2.8041152756430368,0.6799398728347459,3.1750697872349822,1.3940074700592966,1.724084943857204,0.05096771759968127,2.4596958006505654,0
-3.5481859248938665,4.050191106946785,-3.5562400956771674,0.9398436174969771,-0.11882084272908042,-1.0692831988131282,-0.9802820768603674,1.1833070537820403,-1.5272886033511757,1.4999400925363118,-0.10979633128887545,-0.6258472537945639,2.4088026498028965,0.41762151637174566,0.17448115725258817,0
2.79445323284816,-6.601045421865389,-2.2528845185290485,1.536856024851684,-0.33342370828241286,-3.4159080498125256,1.4711629945248736,1.4242074947547623,5.345267910676218,-0.591374223391938,-0.2800784048506284,-0.751520628511392,2.227933675318593,-2.44152857091847,-1.108265535126336,0
-2.3433649308355307,-11.68170653222206,0.2417525595637784,0.15646436193568336,2.5111325476900084,-1.369214685464287,4.8826859836114185,4.977466328143766,3.177303156624515,-0.3125670580213269,-3.1671285734556642,-1.079498459954998,-0.5223484812426621,-0.019931561657245033,-3.4991391719064833,0
1.6682774254479398,-2.547405310371119,1.1492828131968449,-1.970793056018402,1.1442051586579316,1.3632961158173253,3.279900551628756,1.14433563012705,-0.9954873664948406,0.7941159345735455,0.707580630834737,0.13525866569759026,0.7186033477316693,1.0829568290406753,1.0604534462799897,1
1.4971208111980492,1.8216641419070154,2.659905216874014,-3.293346775543812,-0.9130491839967317,2.9405011605569644,2.716232899186552,0.5023705036824468,-3.7017179306513213,0.4400506606935736,3.640539969280545,-1.3211603859338452,2.8813824704583046,0.3757821336847739,1.1677852225898073,1
-0.6824591318056353,-3.4896093444719436,6.191358373956472,1.1611287580782663,0.015584572569658653,-6.350836292085704,4.184380668585618,-3.5654586751246553,-3.833984186308614,0.01225543063154155,-0.5643298888492772,-3.318382484853854,0.34251324949252226,0.17087352874698206,2.707545773666756,1
-0.9267442543825476,1.738351801008679,-1.7811132888249293,6.316000313471291,-0.26840762407496166,-0.7004755269925309,-0.45053878026947713,-3.8830436991451096,-0.10494796288517486,0.756540787187405,-1.3489051802914136,-1.9652601396144094,2.624606736381791,0.706902280626921,-1.8103978931529774,1
1.002293148008801,-1.1761960012692316,4.024166718769827,0.16022350386944173,0.08300105205284822,0.16445417887646085,-0.1700028649777141,-0.2141342209975361,1.8785038527154032,-0.8947229994386405,4.1956400529082245,1.49251798457126,-1.0160402305169622,1.1182048597593914,-3.7797229780570687,1
-3.135148492793412,-4.007410371203676,4.229789792851818,-1.3649464120283805,-1.3412098118670472,-0.05770605270080931,1.6679083237308114,0.8054128154401018,-2.2592704023897014,0.7711919053297392,-2.4122479241947534,-4.282831601321657,-0.6109909375145592,-0.2903718440159333,-1.182250940468675,0
-5.027764328288619,2.4383978196042495,-0.2782020023863021,-0.14236991080100392,0.6943993421472372,1.9574131499090868,2.1826389423314234,0.32445447161199104,-4.051444266473299,0.17073711062069657,-0.3286643409539769,1.1139219195872494,-0.6864433671053619,-0.5084835740185372,-2.316973657405793,0
5.194338894374851,-10.410394616916255,1.5969287792042273,-1.2830924456335064,-0.29744475464423265,0.6721691358616235,4.023826222071257,-1.7467816213022034,5.525385233400691,-0.9012997076203142,-0.1529312409846968,-4.772180727004383,-0.5740041107655571,2.08407127365249,-4.3064228016241195,1
0.3740589625944959,-3.5434277918570527,0.9350641198371045,4.027368645568643,0.024923486154200765,-0.39255176062544384,2.0717188260024475,-0.4138130093063086,0.9209085249239058,-0.48068040997651684,-0.2628801222518784,-2.1241639551938514,1.6796002758631947,0.8199007767588492,-0.6983850073844177,1
-3.97685387778887,2.2343871238130344,1.6129223655190286,0.4682582770440542,-0.4143867161090352,-0.3260715230343667,-0.30562413173384706,0.9312124765927635,-2.430428116560703,0.3548565402577775,0.7471979725963775,0.3409018123617926,-0.7322665678140616,0.5104399780009937,-0.6947967048638052,0
-3.064692790760951,8.883814776095356,-0.9644687711067257,4.197052976964884,0.24724706637930446,-0.7971810046695084,-3.6678300397179773,-3.2268295206842206,-2.172804659820445,-0.10420691361502854,2.503164420384583,1.2563647786426353,2.4732057328820902,0.6114134689150991,-2.480298061819582,1
-1.4735305150973899,1.5850614305292432,-3.7848200669628738,-0.609590818117169,-2.2212335007751243,-1.2654356358041983,-0.005858918658412593,1.3517202777092776,1.2256265191439464,-1.7632509319919358,1.3666033384511342,0.1122769364954479,0.26508606638003607,-0.06426512842961017,-0.6693347429563308,0
2.9210920579598136,-1.4424034977887508,1.034554892404574,-2.30983895022702,1.896582922486307,0.3860659757361884,0.6027973382201323,-0.6606262902817882,-1.5383639717522,0.558124013083395,-2.6467754667285073,-0.49092794066855294,0.2217694259832257,1.1665772055734005,4.099746457483359,1
-1.928247833435032,-4.112532797206144,-0.6446549833317139,0.5563244551153789,-1.5742096456021195,-0.7129910556151136,2.368055582868819,1.7682038712302997,2.2381679794497833,1.2630280698169032,0.710549946667459,-1.9183150189228675,-0.6169582360634507,2.005768294509637,-3.2152994600758094,0
0.7937290949118854,-1.2074066577619182,2.795906797186584,0.015713487729310138,1.9251288835335925,-1.063565500646019,0.36877291935593703,-0.9700196567664001,-0.15067773240029694,1.4474548323462046,1.2331135846742824,-0.7048608929444785,2.0699162258355304,-0.5846618786742426,-1.9279314508950143,1
-0.7964710206027311,3.9437021171430797,-3.502709012353116,1.1294286409116652,0.09280454605642857,-0.034830757479223484,0.04039293271500144,1.1529219863207671,1.006889139568757,1.418396868514863,4.104647559643352,-0.6616749032030658,-0.40387440443310885,-0.3054172200310214,1.389696997001398,0
-0.17663738001315954,3.837094537500801,1.7320390773827954,0.9845114914463426,-0.18240870073591886,3.0781227813048404,-0.40328900784040767,-2.9274942975259517,-3.4358166431850385,-1.7625271113450138,-0.0034640840027033715,-2.6710333988834982,0.34867275831261857,0.7040512299670544,1.0157118041095776,1
-0.489978575843524,0.851605213642262,4.599400152263838,2.03264349496505,0.3308528782627462,-2.4318690088243637,-2.1659596594895767,-1.4104852132419226,-0.2842814009332074,1.7002886422979921,1.9631143384211764,1.2676849055500559,1.929526027330684,0.8421578363798933,-2.893691470650049,1
-1.3995329297413557,6.529263026077116,-0.6140002827925606,2.7208174461690025,-0.4249114100828423,-2.403604453538769,-4.167982329796873,2.18535296711683,-1.9713827781587174,0.423553396035471,1.3630117315180552,3.215229114666878,2.7518544016389064,-0.5812559499755355,4.828349398540137,0
4.790358194527467,-1.123241851140405,-4.394114256505297,-3.4219987417279407,0.7881800091451439,1.3772950486909683,0.25785580954611165,2.71325187320822,2.8005851515832165,0.4284546815603274,0.6424303281781159,0.9406762097021663,2.5781601360383037,0.9444998536241601,2.362251109197429,0
-4.276406126597223,8.33847386556115,-0.8962195738660164,2.7280767643331174,0.637886057426405,-3.1113123640128153,-7.641738275237977,-1.6472416102299112,-1.0751118236720505,0.30211305729642507,0.19499755469954194,-4.484016995961895,4.500294514241888,0.1801723554969488,-1.530175361538027,1
-1.8945518940617931,1.3078050138986235,1.2438270984211843,1.3826461434780124,-0.38336882422806395,1.7407386684919706,-3.9296900678638944,1.3574677479536303,3.1836151916099884,-1.1381506450830399,2.8185988931910484,-1.7481763255920189,-1.9223493675409662,-0.21201289233454176,-4.026215443758613,1
0.9605476884503685,-4.215192389324178,3.5476055093724024,-2.112182981999163,-1.1759798037671092,1.2806780546307344,3.903784608585336,-0.1808300243731542,-2.9588479453742353,-0.4165940456521597,-1.5892001563405551,-2.6930767591289144,2.277604942533277,-0.6875238319049674,0.303853082076337,1
-5.339676727639443,-0.3198379779018751,0.3650212807021842,0.2831821050058543,-1.3082191978963706,-0.2524554047048613,2.642836403368946,2.1280117897304853,-2.3460651487321527,0.31140835118933086,0.05942186882751588,1.656809401078168,-1.9476570611247763,0.9305107655361015,-1.7271017128519497,0
-1.2970492894921328,6.455276739436703,-0.2921891070728566,3.2244209852387273,0.9066790317028058,-2.04543479623983,-2.2287021446471185,-6.254416908862883,-0.8709544973733132,0.9892860763940897,1.9113887618489502,-1.1650299494027,-1.4060889560468537,-0.4021691573943628,-1.6491159544686549,1
1.225865190516592,-6.750026623936767,2.392987595410435,2.3820799239411827,0.3215446393179984,-0.016678297130435338,2.708998545527894,1.5633016879585204,2.9283846664083986,-0.7518936299033228,0.8600384979149036,-3.6776154895277635,-0.8233160853443837,1.3335668221983452,-0.021385101801063566,1
0.4115311571415545,0.030175681588155954,3.113890786219736,-0.3127291755577044,-0.36848491357670143,0.4722473029894225,-2.3716268353449976,2.8929107412689894,-1.8150951994023345,0.6403371109296716,-1.591041663887943,3.7196667549376303,2.047438572327423,1.5708864739950257,2.3626665173380026,0
1.737547808759854,-2.019317313622784,0.26780474546515287,-4.314988992047203,0.9452600778941374,2.1002437049533627,2.604215327600637,1.0502534736478686,-1.8767559218215653,-0.7223336238502043,-0.6198113735554271,-1.6971730555443036,3.725646218036641,0.15463995862634736,-0.21269739782787722,1
-2.3345403315794693,7.780419793062454,-0.4971555267651797,-0.31176090899792763,0.23070615645769357,0.2337333216864852,-0.2367732238301019,-1.8693920091183038,-3.417869744181498,-1.3520364270678293,4.280525145541013,-0.6851980770985612,-0.05099722369015636,-0.9987968750056726,0.5250633799439837,1
-5.513093150664242,6.8258426522564575,0.5936794561481928,4.536288788750097,-0.8408128015597823,-3.0701987330830454,-2.308697245719789,-0.5359688802532516,-3.248542182162836,-2.0556997739562166,1.8378332633026981,2.0372360675231436,0.5023020869458367,-0.07083390752525513,0.2491849001708497,0
-2.260434445867501,-10.735990305907341,4.5824737492656595,0.5137818389201693,1.4692134397269894,-3.5888805330270626,-0.4939282859925793,5.774231721512101,7.088039742829162,-1.0491287298878536,0.4528570487670045,0.9498267447878277,-6.031641412895011,0.777508667265898,-4.099760932958729,0
-2.747888861018234,3.63492163340815,1.6670450938953187,2.5680696590243324,-1.3596790876860898,-2.452345308819477,-0.6593388158815999,-2.126460898653632,-2.936635676037392,-1.2956283394719723,0.9725606691903287,0.24252857624025803,2.601123249344415,-1.2212870056654783,-1.4404042291190597,1
-3.063146810464157,6.040960424695582,-2.9758190226748056,3.25830172187582,0.13008693626173806,-2.6976962099627073,-0.1605052584175759,-1.443177635009567,-1.2419230576152076,0.4198746227917677,3.208741112995061,0.7621213755514614,1.4120977025207075,-0.6405142243559804,-0.5297297637200336,0
-3.6539825005846236,0.9788841034699997,1.9305737533101035,2.9575934256483043,-0.2306561688680487,-0.5954029598071832,1.4576524378665887,-1.6045473631071343,-2.8692773431871825,-0.08490732353535393,-0.41369372872355625,-0.8726733551192875,-1.2432072595649974,0.06183167201811978,-0.5513639106180797,0
-4.1699223412343205,1.6953455319299697,0.4833947402106846,2.5732075310269824,-0.1321617523553239,0.4807958443627267,0.3550047642337082,0.5142101145046195,-2.3516291903499464,1.8875513502558465,-0.3357310205675923,-0.05736228155650469,0.10286008752978715,0.029432700419992814,-1.113686182475973,0
-3.7870725245828636,7.206993626283384,-0.40126328987219173,5.182153514402055,0.8566918703252376,-2.356005836439781,-3.8750208221135605,2.6616337686923686,-2.1117118115907494,-1.3301895155535037,2.520354227565912,5.4877794053808735,2.9773587995444677,1.7960442082661843,1.8839523366217756,0
-1.0016419838834625,1.6232456580163594,2.9991026217676815,2.5375838330733522,0.21403383781103172,0.9667022589598755,0.4297178469945788,-3.247313615481465,-3.5355999966069747,-2.4254828985526866,-1.4336162198586815,-2.627306335042113,-0.9765352114126773,0.8639742784118608,1.9358150986925549,1
0.11851848907436513,-9.705435000527093,3.3240391419564004,4.2046064467720505,0.5904523007847245,1.9723860077091286,1.5399725213071722,1.5810043838415277,3.2183451385878,-0.08160192434705991,-4.0888980450130425,-3.997533795367329,-2.847456491890463,1.1398566043617029,-0.6479076582214733,0
1.9866289929396617,1.3040174856413795,1.9805753181978507,-2.5741213168933506,0.43185549346161606,0.6296428279106494,0.958962236962388,-0.7052924344710819,-1.996131317969974,1.12952342945363,2.121783326208736,-0.8820504670342398,1.8779057099823664,-0.5746029215340153,1.2301999278130802,1
-4.249987795474905,3.2724442680315113,4.374277731016427,0.3496421538237302,-2.0172889772789793,-2.1162349546535255,-0.6098231329454473,-0.39732388905603644,-3.922374332320059,0.6176208143407019,1.9675102286376935,-0.7158774269280508,0.29884036432110284,0.47859110986974274,-0.6808349397092537,1
-2.518067969932083,6.976598793025654,-3.346535792126339,3.9429395522050292,-1.4231602771485647,-1.8503709991648953,-3.608416963159215,3.32749026630856,-0.5923532019861775,1.2168367914244393,2.8677409425079485,2.4413697778441668,4.097970995310606,0.09942845822903407,2.769973587042947,0
-2.587419558318025,0.014166340553513002,0.9598973771650758,-0.0011908995301415093,-1.1559097824245792,-3.9432409217945006,-0.12698741514879797,-1.7385453505406092,-0.3380051774761272,0.24344071424013,-0.3734622652653756,-1.3380076468199738,-1.9857402393426704,-0.26765577000555346,-0.9413566405059144,0
-1.237407974754721,3.5569270675965057,3.0270193756921677,1.2511754981449155,0.7339078818646241,0.8096069927548075,0.8946288195056528,-4.541025022878063,-6.174935241582024,-0.46575339307746244,-2.0333371465735546,-3.201212118895093,0.865509650138602,-1.1460919604530955,2.559200354752611,1
-0.873440125027524,-1.2958515185440547,6.376081323101228,-2.7801446332472137,-0.6378040674775352,2.972447906326008,-3.0978076445458864,2.7405572359828847,-2.4395429628188348,-1.5881299259955441,-2.4432468463935155,-1.9715277572767618,-0.502084213732637,1.3350518667941367,1.498230864617009,0
-1.6259225428568247,0.031931132317255057,3.1985324276649068,3.3614999784723207,0.24877116004719282,-3.0491759068884345,0.20285705269036147,-2.16283081345949,-1.7602119195079022,0.5686345835629499,0.06143863495488744,-1.382726486988761,1.912019784335786,1.1172299977339137,-0.7714628063613783,1
-3.51676071862452,11.148128771868278,-1.0289409945114816,1.2225567023382387,-0.17992915293206393,-0.016649327109781176,-1.3252514371369042,-2.116205865909526,-5.1970083968534135,-0.37086202780500893,4.482859615275844,1.7742737715956771,1.9744317924476542,2.089714963125961,0.40140530181932266,1
3.2771322632980553,-3.772673900262871,0.6517311135447286,-1.8329461625852685,0.24176688988430992,-1.6103914380136715,3.6137042158619446,-2.340257147660115,-1.0485486030488005,1.5875809128423666,-1.981693633119256,2.45265378102174,2.3213910897210788,0.2733196445119271,-0.42892354798068966,1
0.4491697713874512,4.197789149371154,2.3542504381874676,-1.469914884736726,-0.2327733766931721,2.482410133382129,-0.7694338336935802,-4.064939322812089,-5.0168343689015185,-0.476909927597322,-1.5249603925429775,-3.9877055913105437,1.7285746430151518,0.3363385616655311,1.6736978198446795,1
-0.9031604169404601,3.9068817871441754,-0.9566034667406054,1.5675452703889379,0.6579868297749736,-1.9729543937370684,-1.7454571858228167,1.3049475013868834,-0.9126756845160705,-0.5296301127017028,1.7355000354156085,1.5521934944285707,1.924471794761946,0.7317184758621317,2.598319058852378,0
-1.997063213662624,-2.8104124457895416,0.48883742762450577,2.203060081100257,0.6959612553036046,0.6144862752996163,1.8643848066590891,0.15315906416052294,-1.599566815194729,-0.6371947172595566,-3.547713286925121,-1.9615970681121204,0.3908091305240826,1.653440108825843,0.28153488086855005,0
-2.4682088483041658,-4.600128858786157,-1.2348767607953341,2.668013977620552,0.10428632223219882,-1.6086911107158617,2.597692991453119,2.486995605731865,1.9537731650326726,1.2905109976279934,-0.7043540259376873,1.0410440651698072,-0.6100962262423657,-0.5446962871197124,-2.0727451783879944,0
-0.6803920543178698,-4.752031204981714,0.8723661535813152,1.914100125655122,-1.4886726837818571,-2.1598390738787057,-2.216967159078944,3.1288441438949612,5.552810570413078,-1.0260618308923926,0.2190374055216533,1.0290737365517773,-3.2280853071253057,-0.0004091858982701808,-1.9664902203377344,0
-3.2834219997126612,-5.371076103282442,1.5113962357556883,5.1300237892063265,-1.3178109369901527,-2.63029474369715,2.156099267267635,0.5344126106199103,1.42407368079939,0.08189667520079116,-1.6699279338024247,-1.654176195527851,-1.9274597982947752,-0.3090602585769696,-1.5316190876800044,0
2.439470693403492,-0.5324108840287528,-1.1096722939815171,0.43904511447911587,-0.5921141213350033,-0.47910802671756625,-1.1705672242242304,-1.6049092143277084,1.7320808310110365,0.8488738302850475,-1.1267059461514706,0.5144824883875438,0.6615795145836133,-0.8099168567891817,-0.20895903247902847,1
-1.5507004808368594,3.0346450340699858,0.916160804238559,0.646301586203505,1.5363175738180468,-1.3591170384096083,-4.061495611629733,4.091142988198007,-1.4110990233886544,0.11939225039419937,-0.30010346789994524,3.998651592399155,2.6331868699002374,-1.4585764078459824,2.8628082569627233,0
2.6185554702789338,0.12045322369883744,1.0335852735740951,-1.4461384636435182,-0.6746205243566907,0.19368750941009627,-1.2963261538012465,-1.0113408614831603,1.1164349041474622,-0.4685199292600519,1.0440089474374559,-0.664362434363268,0.6008801214044914,0.17057558147702223,-0.23296867645787844,1
1.7256002527202559,-1.6687661284995694,2.073157812518045,-1.545322397351906,-0.512104898348565,2.629735855811865,1.566068386283174,-0.9462802063431677,-2.860749414540118,-0.14967537401326075,-2.836815789856341,-2.6661268661460036,1.1650424357773552,-0.20650805869988326,2.4490230112278097,1
-6.43807277588277,12.087249681721447,1.3681543637057405,3.0461293382081402,0.9230148192330175,-5.152557662608358,-5.10909492936967,-3.685660629250702,-7.5618550722433,1.25353405777955,0.276388979150467,-0.7695578159895657,5.849193596489363,0.8952352166635325,0.6131094747053538,1
-0.6943840473131602,1.3983986591001714,2.9063068810431623,1.4988242974390782,0.5056925012974529,-2.792642186553615,0.5129219244584693,-1.5544256602397577,-2.000909472746508,-0.1948928116726721,2.157312084612548,0.5097729538372757,2.7004112112598415,2.195973052895957,-0.9257301259402985,1
0.7268833960580502,1.6534017935835523,1.2977731800079346,-0.8719838743962598,-1.838269734397389,2.002571139469664,0.9417082285013613,-0.4153307629231453,-2.7440104900135016,0.2970012942647289,0.592867430205438,-1.3288930161635188,1.3163460974083814,0.10958225043835845,1.9911577829173612,1
-1.888546377159949,-6.442028123114903,0.6250211614709079,1.7064820806865935,-0.18661322172860464,-2.8299268784398217,2.376955631158813,2.071696842862376,2.0952090639204854,0.9216912981427697,-1.3495707259148468,-1.0521496193603974,0.08750355179697356,-0.8512233916631263,-2.18432716169254,0
-2.373255185576487,4.179469905747833,-1.7713323858659402,2.329271060042435,0.08124707623980247,-2.5151777607340176,-0.8027624794779072,-0.3661038027043899,-1.2680720786971211,0.9257624504569774,1.2649486723795618,0.5758455991308897,0.9465946570728401,-0.5493205302832531,1.2155926977611156,0
-5.071120818672542,0.015079774941121546,-1.3994888454670829,1.707448874548285,0.32820896842876396,-0.6875309308719083,1.3546611142134712,2.737413624268111,0.3603055587417073,-0.4560416742859714,1.3879751814306744,2.9183924329128192,-2.1458569362297677,-1.2482747560297265,-3.1835038805168527,0
-1.9188314627573468,-6.31751392567225,0.0725252615047065,2.7728564844205033,-0.3771557828112729,-1.0784277370310682,1.780588671763795,1.4942315632701397,3.1391443709610596,-0.4482872642453222,-1.78651960226066,-1.5681202835669112,-2.483906593696611,-0.5691697776807892,-2.3042727215564742,0
-1.280653040758797,7.14933569110926,-6.710167883898009,1.847697788561018,-1.2340001207399278,-3.9182265092598816,-1.7013265370405521,-0.2226577336505502,0.6385102046450362,-0.6250421346000665,3.128097164153405,2.2696455580745676,2.7102942648458086,-1.7658314961745936,1.1083398081857356,0
-1.5539028444962435,2.4825908649316326,2.182477978266791,3.167536503387887,1.2522799455158922,-2.8356519137720486,-2.1588716069360245,-2.2154636261758407,-1.5249412931272885,-1.727561037636336,0.23555745689051122,-1.3533392284743182,3.3422021624006284,-0.8545094777299357,-1.180856347413675,1
-2.2808093292619267,0.44138743713577666,-2.3941240406247255,0.9077912662654922,0.43052961167703435,-2.4054159087650353,0.6882743581270621,0.4409428803855384,1.4861284063279745,-0.13013906688012547,1.9224516329266241,-1.1344278729775037,0.10585401242738568,-0.35835093235555227,-2.076804835741668,0
-1.4716943176566033,-8.523222593431436,2.7106124118984507,1.2913602769323755,-0.385715369038408,-4.243448128702691,0.6383502664362019,2.2455897722017504,4.046942478729534,-0.16126950059797882,-2.4205888110544262,-0.03198925307349887,-4.9185193132726495,-0.1012596884565111,-0.6892372752325745,0
0.3938870963124921,0.5377799520164159,0.723063028147635,1.5108553240149445,-1.3686710685200578,-0.19698321460231139,1.373594719226001,-1.6055315075753964,-2.5277622733464287,0.4997262729846501,-1.7729199050515465,0.37088022673532084,-1.3498947632135034,1.0254935862662529,4.191712129487344,1
-1.4690437778048826,3.188551912370459,2.718397086485915,-2.3523399765523125,1.348870470548737,-0.3626056929659769,-2.9482640884805313,0.436938223574183,-0.470567179622549,1.77088220766044,3.261444324393943,-1.8855431213140688,0.8602205001355199,1.1749332426280408,-2.276780654403383,1
1.7867294522479118,2.5841643806867953,-1.5237671486455078,-2.7521717628083717,0.9743993553013208,1.0205589281953849,-2.854208146086836,-2.455106232537537,0.11611806814612803,2.9987341055024648,-1.2798202601107225,-2.037909381050513,2.201017183533506,-0.2682299353397865,-1.4704029001053405,1
1.356276715339588,-6.285310429440045,1.2810598367776422,1.2427858637919318,0.7597708591258453,-0.8117303317890996,1.1104781989009678,1.170358521535824,2.713938788071183,-0.5392295367895669,-2.1778045695322357,-0.6169212620082886,-2.1875453628419694,0.3706139719478557,0.9918634519941177,1
-2.8691480340670306,-6.871172752574892,3.156488248888954,2.2828185624891515,-1.674569625673907,-1.924270766852226,0.19186528362168143,1.357423894078798,2.7421951993503355,1.3542881995844298,-2.8368202859295097,-1.7356928722533003,-5.457993547991995,-0.5104985587635958,-1.4044612558702358,0
0.17274769374785848,-3.1486776705649513,0.7474750556116333,1.1936555019395563,-0.09912051915662319,-2.605413482943423,-0.7041505023869625,-0.8773398365973071,2.592500080770439,0.7803955945851848,-1.1221507986114352,-2.816181439293519,-1.767150820284884,0.4834947019642914,-0.19074139281357927,0
2.0370537738089616,-3.6176186551152507,1.5642516387196854,-0.2801700946966259,-0.3919536681786087,1.408787613203022,1.5253486915288246,0.9933676878051783,1.348046712661873,-0.8652106003537336,0.45675419544845197,-0.42818438640137924,-0.6129211071855605,-0.3429648364467441,0.16188397350999884,1
-0.2778975460626485,1.6782783515083501,-2.1065274357289425,0.05326294204603532,-0.20191360028107427,1.6323759221890146,1.4271817706644003,0.3916542917324546,-0.43682319276870274,-0.6147369469659352,1.677374717050923,0.5135921017502597,0.7340762864983065,0.2214170617242611,-0.5531152443532297,0
-1.293412929538396,-7.006391677646637,1.2717422199902253,-1.0959689922163247,0.5603619506667351,-4.099107655641577,2.199056802598167,2.7253104030330473,2.089758400497717,-0.011102590622834349,-1.0931094042195415,-1.129743308122103,0.2774609609729559,-0.5450275729224316,-1.6733831329437934,0
-0.7255769415619532,5.080725975769611,-3.039434327599951,1.0878159197311386,0.2519788109060436,-3.5967412958042404,-0.6759645568719488,-1.7185104739497823,-0.6973960189743613,-1.557717116529638,1.9816912981189365,3.2922831068221403,1.1522138465216103,-0.5483756196343702,0.5335451127402215,0
-0.7756294443525342,-0.15704379102336152,3.274075716219831,2.2452885620070644,-0.13722517655853597,0.69717148819255,2.0445411300551326,-2.7876246750172555,-4.226399115040592,0.9329016611095905,-2.180015681169185,-2.8406528377226237,0.4227242444995123,0.2894549488591364,2.1684791573552475,1
-2.4721807723508427,3.5505689624789674,1.3168006657646436,2.437640878802046,0.6874563978780281,-0.5099369227094143,-0.6854280164314891,-0.3149836398123995,-1.8008369899436631,-1.5950322169562152,2.528873829772763,1.6964005892713527,1.9378282226604464,0.6514480508711067,-2.1804859010834576,1
1.1419755246159111,-2.1300781895775645,1.3205795070141804,-2.8442829902677182,0.4736497774134741,0.355490076974613,2.0891209570503415,-0.8690942906445333,-3.1549433040988637,-0.6975165706361199,-3.2063302725342204,-2.334422254792139,3.091377601771471,0.15068585788386077,1.3472628282253492,1
0.1888631787481989,-0.8352642355724187,1.5357025466596055,1.547702117925427,0.26205818255743474,-4.400752092009,0.3782015150963456,-5.887421382157231,-0.7555446426592604,-0.23901221118687904,-1.845048059755423,-4.35158579271386,1.7374699436583776,-1.4231031108824657,-1.7012729816844598,1
3.806330315615557,-16.80759532476401,6.145102075786524,-0.7822256761206665,0.6791921419241791,-3.1958566162415294,-0.05261296587016995,4.970859602511623,9.788731802118908,-0.31083914827499803,-1.364392533467696,-4.573072373776396,-3.0330396702805986,-1.1351601296858251,-2.3775620483599185,0
-3.030306285954903,8.78249682045499,1.7591911415049934,-1.1206266268543588,1.1690109258638153,-2.1365480752592245,-3.4595580713087237,-0.991882884620464,-4.735900348095448,0.42745540469694027,3.0082528574547975,-0.4911214670697519,3.4372736724390136,-0.05326255999368678,0.7801186578891262,1
0.45081711898938726,-0.9048691537554745,0.8897502327281561,-1.3069449695056727,0.24041121366865606,-0.712492681502435,-1.6305810584776697,2.9023718847705693,0.8458857724118973,0.42540862941858476,0.11499278254798817,0.11815562800746249,0.4420848133244055,-0.8261699543891778,1.899874923871364,0
2.022230693134895,-4.897386544628785,2.888356619780713,-2.034339284895624,0.9974209381243507,-0.8896518456509401,3.63082395946591,-0.33413086407608605,-2.733280834314367,-0.3308235227242045,-3.148036613918218,-1.2581046648626562,2.2411151155675126,-0.2084926310202796,2.676671526903193,1
1.6028992091950787,0.6451723816180215,2.6454088449005084,0.29191557951433866,-0.816740866122912,0.14731680597561936,0.5798090875260127,-2.7724256251627577,-2.0859661821328803,0.059942889397168415,-0.2110729259218742,-1.0196750911637897,-0.05361990391400839,-1.6295392999652172,1.900515650580429,1
-1.5519126396982694,-8.267926146585676,4.550899257736784,-0.02287402955838269,-0.6400996517169069,-0.4202340002577811,0.5848617918702279,3.2772055561446276,0.17650334009083427,-2.050139042555353,-5.2839907500527366,-1.7955988752105765,-1.5294057169330677,-1.2187111007693654,0.7273278743022673,0
-1.062973426066661,2.2622168745828817,1.9652822817815516,-0.5816913196494315,-1.1422825087264428,0.7162091515248701,-0.9565122773484716,1.0245557659270657,-0.0059831108358962,-0.9276351508875105,4.033710750756396,-1.1189233193396573,-0.6375198404730518,1.8433871640718587,-0.9463211591274661,1
-0.4019645099779625,2.6474696586184914,-3.476639303549101,-0.5051970386557323,1.359137683302019,-2.2174990675108455,-1.4888870362406705,1.255874608672811,-0.5568326738318908,-0.43915533394681044,-0.5751214979842754,1.8399059161909823,4.925119696714934,-1.094545975119,0.3158354025033203,0
-1.2957701249395384,0.5284461432750538,0.5206166598878585,0.7664824616241567,0.9873257354530744,-2.0055068021490547,-0.8407929065900428,0.8454442789004004,0.0716368862128695,-0.36350024436550565,0.5719490441324062,0.47427223348359027,-0.28079627731712886,-0.09735099429059582,0.6194515491101642,0
2.0100121489824296,0.8477444260026149,2.0133323186352214,-3.9593191838610573,-0.4718446211555048,2.741924740377516,0.7402750883847111,-1.3335728484741893,-4.101123792444236,0.32962553117474036,-1.718258878631692,-2.624808726859609,3.444101582091638,0.2775539701598618,1.5612951797106152,1
1.4643709907617126,-1.1524361810348112,3.319713760322043,-2.203565372833336,-0.1340487665021912,0.6953867628520929,2.834377652096581,-2.6867679404492932,-4.778108107965216,-0.6147406161178844,-2.342924689289557,-2.212574900142622,3.1534127909264518,0.0944272243535302,1.3062536400869298,1
-3.1904162786391406,4.7494584606103905,-0.3649602229982465,3.0762587123241336,-1.3054620222731739,1.4437855829815827,-0.45137395552113824,-0.06159386676411471,-2.186297391455779,-0.3092842933129496,2.169783628621995,0.41072241601933945,1.0833857992306886,0.8076608876780496,-1.1881034801713322,1
0.6897116417947174,-2.915968246634699,1.0232610072127988,0.27117044779860255,1.0644562081406352,1.4285685746102688,-0.5529230173616879,0.6000901844437232,0.6727269461671858,-1.6209600494536405,-2.358308341316633,-2.833534470060003,1.023431465074419,-0.1210414920675384,-0.1426571651824775,1
-2.4079679250578385,0.9809422833809821,2.7703576073725777,0.9868964661664926,-1.3024560839920498,-5.137596367120893,-1.7660818837826293,-0.6699253006516299,-1.7427980961138414,-0.2781685735538712,-1.071477074512449,2.575506834810244,-0.24205580863064347,-0.0588698552423208,0.7272742881978115,0
1.6351525859651799,-1.2909545116224552,2.329399351661892,-2.6128952767896645,1.3494731052616238,-0.05937386210141038,-0.13961667653818455,-1.9483033688160345,-2.2400329709744202,0.4499088888312278,-3.1866822488915725,-3.3260740995406213,1.5298778195144822,-0.9564671437396102,1.7770999348505558,1
-1.5663698694369765,-4.735051887127509,3.287830712926046,1.830776215048402,-1.160373451068,-1.9700979179224491,-0.6357840454838781,2.0091175883308443,1.7004431053819786,0.12155008278515436,-1.7429006257339728,1.0633755208876678,-2.8599347286046903,1.0755000211306371,-0.3097017039894556,0
-0.8045573037379015,-1.736491888362597,3.2920518236472565,1.1903832652966435,2.235684681425518,-1.8600685540314812,0.8524052967525977,-0.08578417529503413,-0.219536421067349,-1.7073059417406735,1.4087004470433422,-1.7278249546173852,0.266371524137901,-1.0704829008734056,-0.5915871017253056,1
1.0103356292578214,-5.327955018189723,1.7698455764610002,3.1848932598746384,1.1985736708662522,-2.919793545264397,-1.554593823450804,0.2784027615720308,3.6777707136469995,-0.35296423074220423,-2.8479142186288984,-0.283282778555521,-3.0525280405045896,0.9333423042072527,1.585298549848397,0
1.832902049945822,0.5270604631298118,-0.604688013774481,0.3394342209296861,-1.4093568568365213,0.5566051011594754,0.2936138901143839,-1.7879942201414885,-0.4963464641434585,-1.194627603196189,-1.0307108865337635,0.6352016650237671,-0.09448522868857001,-0.09605508617007594,1.5095108830300883,1
0.9641654151007528,3.284366470904211,0.3958523851738882,-1.448821546399792,0.09898648704025091,3.5982273794866138,1.709227846839984,-1.6406271938905008,-4.210813982312352,-0.6568732822933941,0.39792966046755374,-1.001995360994146,1.9630503556352032,-0.10743975483696008,1.6518883540240183,1
-1.0462560996500145,-0.5660219656257962,-0.933333638336958,-0.5854060738006917,0.5604542529498073,-2.8971435704939585,-1.1032271560508915,1.816850461031618,1.0053504519846788,-1.5887503497280266,-0.32849193470661486,0.40856372610179825,1.0107176503412487,-1.0793725126406546,0.11976461379874825,0
-0.3100331382241379,-6.1588581980848165,1.716482717612498,-2.2975505288255467,-0.5540155332467,-4.707125673121832,1.006324370107301,1.8135909584279244,5.449037478518465,1.662412597822257,3.6476100187389076,-3.1218586311643026,-1.4508882883861396,1.188599180534435,-4.684520098241231,0
-2.169081710944864,5.062926055956454,0.7024106912089138,2.1810619408281564,0.5356375884651636,-1.9784636372149,-1.7869233319553732,-2.248361562303847,-1.9547959955710013,1.4165838233446926,1.9495711389473507,-0.9411920054354507,1.5180062919691633,-2.069439259214251,-0.557648684789962,1
-4.898357532329438,-1.4940909723288227,4.262567565873873,3.7057272964912644,-0.9774753331527154,-1.0812732405433936,0.6934769569845384,-1.2932430759394453,-1.9488914862040625,-0.5291126672745058,-2.030002883922754,-1.0587610220793588,-5.4496786724362405,0.33615317011402485,-0.26379532160487495,0
1.4542515215474843,-2.0628258331926608,2.368299329757483,-1.1977332918652257,-0.35432234024909864,2.0862775100121516,0.3072800463086238,-0.3404398558247317,-0.5048688012982011,1.1066253091372844,-1.139430143268317,-2.956884772056318,-0.10342798512069162,2.2096286521908626,0.7224855692889938,1
1.961309478631676,-1.2803753508295834,2.7609698858029352,-2.533740286179386,-1.0041094072061187,-0.06679748646117556,1.8359118643450067,-1.9658610266577083,-2.9835338317478937,0.06351326128045882,-1.5337188909628718,-1.6341250006152532,1.737056738713131,1.9402542934819118,1.6990782602669723,1
-3.2303233666891504,4.497417484538877,0.7536467335035253,2.0400174524272034,0.02808461703859529,-3.5546326897523333,-3.7325147251752266,1.710140294566176,-2.424965161220893,-0.4785053803239208,-0.5872799367476675,4.442488714434548,1.6028019472865687,-0.761418967877422,2.2289039767725107,0
-4.696712682739673,7.62496331131552,-0.6428342649292229,3.9733493772951793,0.10895371727080708,0.0753521789203091,-3.863205794920135,3.471360249695155,-3.7373154985394748,0.09546046755882846,0.8834224339561444,4.266595290272983,3.393186060292356,-1.8722450622452576,2.231216209693709,0
-3.1734936572704617,5.68282722597782,-4.593438674071024,3.3462122215392496,0.41567197409657614,-0.6465907715084229,-1.5910457191592147,2.8954456331907292,0.5294888914141,-0.9883710624141014,3.7947676212512396,1.3341728549257794,2.7412624327925244,-1.6738979283487876,-0.20470854241215375,0
-1.8730716918208468,-10.089691192296806,3.0935153532160626,2.2295394111102302,1.1392418183632884,-5.322996610683644,3.2492137650558925,1.1160910123136616,3.4215279332095077,0.17492346744196388,-1.8979311617964323,-2.389512929115074,-3.1553426358909102,-0.3064518000111888,-1.875557848774893,0
-1.7274008110044157,3.171912116959476,0.39369364978106414,2.961875381073456,0.055789628616553615,-2.8442873759849,-2.6438275223597087,1.7509009336534491,-0.16027416022323715,-0.41495587913281295,1.8413845163381461,-2.366105494021536,0.002511001920622924,1.0639558450458475,4.822345068183056,0
0.6577433571950166,-0.8879132449710064,2.8568543749256783,-0.6075861251269896,-0.03146222449536458,-1.4046713476977715,-0.1721719293596522,-0.9593492593834615,0.1908010988296675,-0.2830155277044124,1.5923505549762507,-1.595400436403222,1.4100735223574565,0.30028689158750516,-1.7259643945124707,1
-2.70957417514533,-1.248945068037666,-0.3388554502119818,2.41094907518389,1.8540238004386018,-1.0252698833131992,1.1467460228291366,-1.1297889162117243,1.074138645368578,1.6956098601292395,0.049513829790350794,-2.241209021893607,-2.713532646331532,-1.5243590701971772,-2.2076781512038455,0
-3.8049561149325637,5.458821656884335,2.1859491995346403,1.3442191202218812,-1.5057096623793076,-1.5056809796558372,-4.496289790616904,2.24344225120474,-5.0139899743944865,0.3801773876054463,-2.3137445899151987,6.203084461549888,3.8210915334635773,0.16868085941050945,1.566280225711804,0
2.2066873357615338,-3.872939866054694,2.818952556769906,1.0337589568226035,-0.7124285899365972,1.719960830765575,3.548022035552769,0.15929306662500076,0.5462433949973778,-2.3193981398964385,2.2180982769677287,0.8375682159558759,0.5722786340831411,0.6249100884688427,-1.5570282872205312,1
-0.592849101472998,-11.617777173146514,3.0504116760952713,0.3095437576979545,-0.45902325049431536,-4.022078113718512,3.9227212630973134,2.964547034548125,4.074277208708841,0.5503036740090902,-1.214582806530217,-1.263055341706024,-1.6216530216729308,0.43535812704814747,-2.9004977335941255,0
-3.199563287248739,4.057376560445375,2.1570216843108385,3.262194749169929,-0.6813999126996095,-1.351173555291837,-3.176483080195891,-1.5217066356564735,-1.2857205227484307,1.9746523622218093,1.270366350862397,0.3302409180712085,1.7721471114180278,1.0539854833770739,-3.2769529181154575,1
-0.7575105920507166,-0.10762930022301082,2.420556437986817,1.1676780920466583,-0.6076286845249997,-2.1811635026439555,-2.29901186681342,-0.8670502025980609,0.15442748387833233,-0.40624287290183475,-0.11425414523650934,-3.0869122405346694,2.8885261199816603,-1.2274587132122954,-1.803732154404429,1
-1.902250053561934,2.395800850834033,-0.6931342422557453,-0.2552661721435756,-1.6141682645056854,-1.1404703137361696,-2.113943264357167,1.3338400803418713,-2.067739955714005,0.010697207125230437,-1.9248661346676101,1.9191303199126382,2.8551502261582318,-1.3458804147600452,0.6168139333133908,0
-0.7704958290614438,2.0090840457664685,-1.000176012201964,-0.226693633287121,-0.39187652711255944,-2.35723411364207,1.0475910646029472,-2.5744629959590233,-1.0622119715986078,-1.618111817810499,0.6428823008203558,0.3432129365911092,-1.0217158960129695,-1.2987196349893746,0.02988886090893428,0
0.39966392105545934,-7.965597237650265,2.3749363063653774,-1.2936158111327627,0.935268755244199,-2.1619690216472653,1.7766923728135313,1.8799852789337526,2.389957948567495,-0.23436602171943766,-1.8789890032516727,-2.928972517935885,0.23697296033248882,-0.5331372677397601,-1.496833770762368,0
-2.2837453739790474,2.6896070580143965,-1.354032264625506,0.6388139860115466,-0.7259519002992479,-2.3686265193488967,-1.383703246888252,1.468590114973946,-0.17109046216075496,-0.012993678683590195,1.404545112290962,-0.019779645809747004,0.9860610608439089,0.03207432755718716,0.7008353085890511,0
3.7355077057266888,-10.611925743807452,1.4632190482471539,-3.2222921172307633,0.4683091756212118,-1.2604641037566306,5.188869206210503,-0.9179042294262462,-1.0308011046428498,-0.35738766466323224,-7.869222695377077,-0.19378936737599717,2.6236015024671357,0.21795817563740372,0.7546694945946028,1
-3.600101432571604,6.9109657508966995,-0.044877260688745535,3.7987682673709235,0.3286782423480826,-0.9480894363268156,-4.002512059310458,3.6055530300033007,-2.6502110279726914,1.8146734477127877,1.982580856263168,2.6869276325406872,2.8927814280510695,0.2036604227261782,3.601654692356857,0
0.11930894860146268,-5.611260311191645,4.078429641535462,4.0116398416386065,0.8064755550022653,-4.047378702403017,-1.3766434765523075,-1.4903198707083236,3.1533003483410673,-2.3021180510690513,-2.539656651678297,-2.696057170522173,-4.559186089777446,0.7984387259825529,1.3960994866413259,0
0.06784640157682276,-0.3995035637203899,0.3109754422969755,0.7726370660477188,0.21006361295742812,0.726146843595799,1.181347061270098,0.9664362867628664,1.5770370449869808,0.538229311830416,3.251266431800789,-1.1475906313196909,-2.8027683762673012,0.20565466592971773,0.6647440590866571,0
0.5961375582374484,-2.55976851353313,5.691270758023466,-0.3737713775026603,1.9366797622857632,-2.9443824397155667,-0.9740830954647236,-1.4932913210275198,-1.6341823877158954,1.3706083814901049,-2.43880172731744,0.377861357445207,-0.1680259419880512,-1.546002544219677,1.1346758070075411,0
-1.640867707604513,2.9482441237338377,-2.5175969515011967,0.12158668842272768,-0.3534597702862842,-0.2544610866228685,-2.6433534606155336,4.146452873315365,-0.47886667671271416,1.997844773627145,-0.05457818894472166,2.583415947793573,3.642447153821554,-0.5362042805401637,1.229529492285166,0
-2.97115268271322,3.203287137935648,2.001937103560394,1.549098861427785,-1.4035583444732629,-2.6846706584997913,0.29738322069048206,-2.1599021763252915,-3.5713497484636614,-1.05558999261237,0.8739422715999472,-2.183802693453278,1.192693358929398,1.7189215737230124,0.5551096258856205,1
2.4231391050362165,-1.834168918507445,-0.16711310628846454,-0.3609473016368143,-0.15058833940863453,0.6456547105959642,1.3896761784794966,-1.3239329683510206,0.1480719902694839,-0.023803708095732967,-0.9671622438406523,0.1980118020693049,1.62251822340663,-0.13655710920313543,-0.49479143728442865,1
0.8462642449411534,-5.356877434706721,2.2249713712125,-0.5776501366637325,-0.7758643055602588,-0.6111100791815978,3.6271553330154087,-0.6974807112665803,-1.7737146314509888,0.0005716656457768392,-3.3636261080110312,-1.391131202588936,1.4784733139212605,1.0349381631639325,0.520936934033127,1
1.0924736009339844,-2.6417791929396355,-0.2773157360800129,-0.7277772561084105,1.3749836362118226,-0.8226735682456958,2.186160463164847,-1.0767396692097628,-1.4556432399568913,-0.46343291398079656,-3.4513268250391667,0.2889917428826847,1.065180744638435,0.25054462832336355,1.435520232091408,1
-3.6179659329373615,5.711370439924738,2.457436866861154,1.6470827161128938,0.5757899772517827,-2.2313171271268804,-2.391538321692913,-0.466471742941416,-3.2076696272457665,-0.4953244105437042,2.5934359292494054,0.7698002838088964,2.1874555794260466,0.054975871562285256,-0.7977039165491111,1
-1.5887878823304113,-4.021437419357822,1.6508344335709668,2.6677025079925847,0.24688690153226664,-1.1300382042899093,1.2447818711950331,2.4478003265450865,0.20305275679975646,0.786860068735157,-1.4691119083652058,1.1122348303210203,0.5945542180734562,-0.499290590805561,-0.14410153475595178,0
2.203923265051052,-0.19832648027878857,2.126535736182614,-2.686612285024887,-1.2318685541566103,1.5441676924253467,1.2839659211537966,-0.917706661189047,-0.7149987636423946,0.1403629067208431,2.666072980108779,-1.4709581700837746,3.0971679191009023,-1.2776048240560596,-2.467141717577074,1
-2.1024467314022353,7.120289650347198,-1.2090260638850199,2.274676944891644,0.9353498192747322,-1.342762540612281,-4.328613842544464,2.901674012273903,-2.9734041069159165,2.1270045388929955,0.32952843208025406,6.910399909343786,4.335824056503501,-0.04122074336811748,2.767688010791919,0
1.7951024252231078,0.7320064469868933,2.211608838729119,-3.480065008331322,1.1537685390885666,3.3989326577788996,1.552996896345465,-1.4625417616475533,-3.674062223157892,0.9390889436311305,-0.18895951704255287,-3.110498686789614,3.338796995369776,0.06865145707428366,0.0918661467357118,1
1.7779230037869072,1.430280375491306,-1.6776458761585449,-0.2094510507746885,0.17858859883365027,0.677736222362558,-2.0488967504725655,3.3240412007625,0.12526163218769398,0.32172137201579876,0.035462319313766644,1.2064673634239915,4.362579956057898,0.22181114833096185,3.057159589159781,0
1.0173921120385734,1.0450401404254512,0.1077540470158862,1.686538713781668,-1.3669391585821093,2.7153104308922265,-0.3638256341607886,0.001640085611444242,-0.4300935510577126,0.23741194901093982,-0.4421057691764205,0.030241227316712083,-2.2039230699157923,0.0057212810991223995,3.3670862441389042,1
-2.62270210936349,2.659624001319912,0.5430108832215024,0.9694893656654509,-0.18416253954219608,-2.642754309052048,-2.782979503671429,1.330375711500667,-2.581856447374564,-0.25017662924691386,-2.01555153928014,3.8705907193535296,3.631765974974465,1.348927506119083,0.14644873989549678,0
0.6926581605230919,3.6291700886498144,0.04274912089354954,-2.286901635901101,-0.8827684783389129,5.280341409757202,-3.3263991914534055,-0.32410746200801444,-1.2017037194313687,-0.8749650166801699,-0.7271896108764119,-5.3248407966574085,0.6095413704515856,-1.8777248639102067,1.0664903176711573,1
-0.7858689121769856,-7.205734706017926,-1.445083639077691,-0.3412653669521797,1.0611317569487992,-1.3707727777522005,3.6853995049031383,3.8031083318330428,3.4596340376710097,-1.1981584124750106,0.7366514743954364,-1.7900672075669177,2.843344815247108,-1.3770401894370583,-4.394541404827029,0
1.174938554637154,-13.454181322903601,1.3241476618631025,3.4534084064650443,-0.15119738569712154,-2.4705585054124395,1.5523135901297618,4.391137460944062,6.518702341644204,0.025245629081632897,-4.5174342031471255,-1.0352860215097797,-1.2477018573439231,-0.7862974053748583,-0.6801552300292938,0
0.22921896538989617,-0.9525718506159249,1.3766469020945786,2.919644609653226,1.3142818430295244,-0.9961455317018858,0.5503010468982379,-4.264439669799508,0.47879710476082055,-0.18821758401900646,-0.418602187839473,-2.1119351283422456,-0.24748370077755544,-1.9988375325992198,-2.6983081799995645,1
-4.523429937539895,5.793634006511849,-0.7952860817829336,4.682182835489339,0.6160443970128167,-1.7460018031245657,-0.07388556966894644,-0.760485559692627,-1.612172450160917,0.6505364889776019,4.021865997893691,-1.548158516894425,-1.1474035870786792,-0.7037967199860439,0.7703490143990779,0
-3.5231832161911267,5.155693708844591,0.6613865360341213,3.931297771185957,0.13895057305509406,-2.4711489311049384,-5.542308143689754,-0.8516014538420725,-0.6512006553006834,0.2519636041280662,0.2929174660337581,-1.7949829338448486,4.08688358866913,0.7154140412440437,-2.3768736479803536,1
2.701776350749948,0.7895122109500927,0.08527521176423125,-4.188357916204634,2.158019010857196,1.900655802560584,-4.933609553616202,1.5846467074829218,2.26485790178044,1.400646686857405,-0.40073396885618306,-3.7535929621725566,0.4281647498027361,-1.057628930234806,1.504899871555074,1
-2.259983804898091,0.5300237515181084,0.9496863154747464,-0.8974281868073524,-0.40294306860950446,0.9865300139868252,-0.8502761153816492,1.0762881056837794,-0.6741519226414499,-0.868676915480973,0.08432428417098059,-1.9608590657997644,-0.14116017042418938,0.06672645623483983,-1.4560208343282974,0
-3.858132196220321,3.728174310876678,5.208672533787678,3.378692424826724,-0.43115506641736445,-7.250384037840602,-2.7727668099443763,-3.190487705019421,-4.1429420680316245,0.4908416254929437,0.050114445420591736,-1.093905393965691,3.7895034468570565,-0.002526660847787268,-0.1726900881057949,1
3.8471805453459997,-2.9323549022200788,0.4915164840864934,-2.61782822367769,0.7348969425383328,1.3972537649416832,1.2085363779284288,-0.052837594616009564,0.5364097632344564,-1.743783646745394,-0.861979082857215,-0.3416511952654544,1.6977465729965995,0.8693971750787908,0.576421392928848,1
1.1945673035147961,-3.9939273615258926,4.498322561733099,0.784684350409517,0.17020282461353894,-1.1886605492071067,-0.12389822027125685,-1.5626975140296429,0.46459499170600543,-1.0308152774500663,-1.3229790665310062,-5.245703245125718,-0.31468966261226594,-0.5133774875146491,0.7674214981457221,0
-1.72009984845102,2.5534145794324856,0.3295696147225058,0.5741356950952661,-0.6980315046409635,-0.7143172794719668,-0.08336546199785588,-0.25393319037528683,-1.2291456112918497,0.21197093564998332,1.4259868436815715,-0.31534527803344514,-1.9297250310424356,0.6209215568891648,1.5675823873533241,0
0.3025099774234168,-1.0720015602380055,-2.2206342793091736,-3.945683616936953,1.299485998181762,-3.1520610761697223,-0.4002036590274758,-0.19925744451987204,0.8189625602804139,-1.337846371815948,-2.085353288085128,2.785273691307724,0.8048522726915579,-0.0287040717003548,-1.8578309094435723,0
-4.481483871538724,-4.096280593016645,2.2865219458727855,1.066633536071594,0.7661375845266774,-0.839450276912025,1.7371106878318128,3.064864371526994,-0.6144378560655136,1.3275546507092362,-1.7696141058214776,0.8453807400859144,-2.6114215717931684,-2.965210529885341,-1.264948055037954,0
1.0529499524618675,-10.844484251951709,-2.0641147310759087,1.8414416557609044,-0.4538835988490723,-3.3078315661425743,4.213479816169945,1.8417473544379943,6.9432115827642065,0.6102442577895195,-0.16334978507901798,-3.4851051038555685,0.6805581756023278,-0.8993732013418966,-4.5435667340223915,0
0.28257142681366476,-0.81097865913019,2.42591360131721,-1.1143674285151695,-0.083910898784003,2.087607609310925,1.781482285788583,0.746154313872355,-2.098291514146746,-0.03358540476718952,0.7609026323847883,-2.143101283283836,1.5353830542421263,-0.030212726784283335,0.5832499479415766,1
-2.6214209243427815,3.81005415493902,2.036606709462674,3.7863050966640928,-1.9808538474953072,-1.1822326146589477,-2.224835145316862,1.455220689007204,-2.4060213263377808,-1.626430758916577,1.0290006319456895,1.8036989625941153,0.9887795173391448,-0.3638707984633129,2.7002245035834385,0
-2.1619637962415146,2.7930911703701513,-1.9502452841366198,3.0567993498295323,-0.5678631472514148,-0.6552146058907515,1.7320532897386478,-1.1428158608515298,0.9464942525033933,-0.8792744620806778,4.560702388744193,-2.2603095504250845,-2.7599929776289605,0.023620602414650072,-0.41867716845489356,0
-3.0943708304387725,5.32764905740415,-7.0983041782514595,1.5690018330665028,-1.253766331991023,-4.449575862822952,-0.5151576388897263,-0.24031850724352588,0.7995099189011929,-0.7758714994462428,2.254289926506997,0.6791475655289718,3.0270687469839,0.22857208632752485,-1.5581051783612376,0
-0.47895141521349305,-10.810276512993111,2.2825544562697564,3.4621136967356403,-1.5189951632572025,-3.6117599322479443,1.9618833252948813,1.3917328637035813,5.22630954260405,1.1073105339393423,-2.9354772168146384,-1.4308163037741721,-4.051493878045216,-1.077388963898937,-1.7096476636820919,0
0.7289059207088429,2.4954103497340965,2.6784683275393704,-2.774373700146087,0.34335534838630294,2.660508747364971,0.5527876613305398,-1.336429623148236,-5.294479696534824,0.9769828076619566,-0.9359209215865008,-3.6740940024081885,3.406683727022253,-0.23358973227799906,2.547493147817033,1
-0.712178392030196,1.4913103229721765,-1.2504257989966425,0.23603645048463884,-1.5777532278001976,-0.5951530215322303,0.3421914123834595,0.28875045280343636,0.18732824366703252,-1.0277739179138536,1.728799516175415,-0.38978163075271044,-0.32501906505653433,-0.7817404722245345,0.3819777343533337,0
-3.277610290013458,3.556225461010153,-0.9474061311121201,3.1611087011747303,0.20732583419364153,-3.7366351472753143,-1.1994084673420788,0.2464458198034727,0.06502289165547624,-0.8126057604756063,2.523424240830793,0.11637456874797758,-1.0146072853925574,-0.30184589415275553,1.0422817234864148,0
-3.933662191118614,-9.631443812180638,2.0956514195694593,3.6472262328312475,0.5195028141934261,-1.374524218888932,2.6784890784078197,2.951444677118261,2.9261402672889547,0.794544798213313,-3.8068087335789307,-0.829195660012045,-5.072239657394709,-1.662027378010535,-2.2519488626803064,0
-2.663346195733345,7.698159652950204,-0.25725367320086767,0.5085915372469803,0.17104406892415022,-0.9000755114333822,-3.5686806492669487,-1.8397342722982388,-1.9739868624936403,-0.7727388029500236,2.8298224404923604,-0.9112904937882653,1.792373080648434,-0.5270169873833069,-1.5460369249369454,1
-3.86923632348057,6.665862778711749,1.0115407741949314,5.135572657491309,0.23103032574284177,0.7420297500366564,-2.392156419237131,1.9373581263944026,-3.4390299522934775,0.9939871569053297,2.382827913893694,2.823217874801052,2.1773838024730647,-1.057016504055358,1.7366887352747873,0
-3.7903574149555483,6.802231577926599,-0.7246332224256169,2.2630867348119077,-2.4062781380301783,-0.11032936350516476,-4.947291382743911,0.664805309961428,-2.1681324253416974,-1.2723050132619824,0.5577279990345846,-1.248912200213349,5.256877822877502,0.8834934271051945,-1.6962477986860078,1
-2.602611676088512,-2.438316502349888,0.3637581580168463,0.8140233937367293,-0.16283403955110465,-0.5395463431671365,0.9928901738779253,2.913779307765484,0.25924626528403455,-0.20906398167250848,-0.3076014685325128,0.7486193942594155,0.39864753580842627,-0.3165457032097422,-1.602345387462577,0
0.24442524282290878,2.3981154732009964,2.590241774848761,0.805798127786336,-2.009929264468574,2.7697827870204446,2.21318479130083,-4.009758916955832,-6.596013453136083,-0.12288604197691305,-3.045002389940924,-1.7790514517813767,0.854335457929875,0.7154784317830334,3.747018171172546,1
-3.3262817023749536,5.528177921967078,-0.7318407219872185,3.1011889124446874,0.7975770632642244,-4.647236928512099,-2.7375988166385867,0.12809701906107906,-1.7931567479262236,-0.4929329824466878,0.9802021868311497,1.066922132746573,0.32551922128252486,2.3000306851444514,3.4843574864075944,0
0.5341258127912956,-6.654162584240547,2.519099114078978,0.24801173269514254,0.205960716209084,-1.1694220363088186,0.8396209801444724,2.922290636783772,3.0060858950430287,1.8149259100865125,-0.25095970114232236,-0.8168053882152848,-0.1562856491114466,1.7441681361472945,-1.312926883243365,0
1.330947275196859,-1.7909285425344597,2.683633321971508,-3.4656635088960517,-0.49452708445227916,1.6795087128828743,4.419084166798032,-0.3588491119153636,-5.702278944301263,0.20193990333548184,-2.5420022251834773,-1.6306464449357028,2.185878436892093,-0.7872096877850634,4.213462117918353,1
1.6247898246366166,-1.10974786243113,2.367828047224423,-2.4817269319115383,-0.09514981659883062,-0.060703323466479775,1.506270278854608,-2.0323281499048145,-2.671966315839627,2.198837038261284,-1.6485631770271403,-1.5642674553450453,1.550632430470958,1.238283210855647,1.059737078266789,1
-0.7498130484329596,4.669188304314495,2.1349603310735663,-0.5171555619094672,1.7898843155508546,-1.5440609597707158,-0.6370193865825367,-2.2040701823088824,-2.3356426406619617,-0.1370588154137025,3.6133594795446666,0.03531777672875758,0.8187567147612298,0.48653330277936463,-0.4890043373860964,1
2.441036338361671,2.0530885032132793,0.9259293426396701,-0.5473267770240877,-0.06613955204647334,3.4407180879582473,2.0081580935473844,-4.798202614455561,-4.952995425582195,0.06516834108320184,-3.151211057207494,-0.3866661106438367,0.5755009921364179,1.7600437651348573,2.8170552278870957,1
-2.3889584111132183,5.491941565822271,0.33940706156541633,-0.614261688733694,1.8552641095763638,0.34946938317475773,-3.0012407363828983,1.4175470702340012,-1.010657892882283,1.5671953142697388,3.6219685177206684,-2.6333437787711453,1.1110559095178507,1.370401801138914,0.1880764486668236,1
0.7485531837239277,3.873057167245996,-1.212792349485702,-2.0722447366642647,-0.2541087115983586,4.072340498058428,-1.3722824460636076,-3.4387025218908063,-4.770252574660028,0.47404195656165815,-5.506544535587344,-3.414733284265836,1.2104836606356149,0.16463853144973825,3.3275790193154995,1
0.27285761634254757,-7.780640173422122,4.057494436993466,-0.7433991333740262,0.7554617138709632,1.0332158199969528,0.47363708270012395,2.8489590956164523,2.603860972503332,0.9741184682336981,-1.5409375223828903,-3.619922441386668,-0.907796664044195,1.3058610861868123,-1.890478750607529,0
0.7780895083368984,1.5144470587508154,3.4724105127082736,-2.811591938914921,0.029621141956916314,0.28296639591561257,-1.1786094505796645,0.10228401880131166,-2.1274866424470233,0.6131224992291844,1.668720534229931,-2.775517030362683,3.2720087586588615,0.6337159007251949,0.26524381481455883,0
4.354517991675843,-7.038013059031703,1.2551786306450046,-3.9203321215941322,-0.7168266079081144,-1.5939348221207146,3.8384108192959983,0.5113731519314566,1.1395103246927272,-2.2595533126555916,-0.9326441615686625,1.2452162504591686,3.009213786298291,-0.11887876313981743,-0.9840311794184893,1
2.1165191984772047,0.8574776633072079,-0.11951366597805313,-2.0292614301415273,-1.749162801858082,1.4560081742519957,0.251451797128752,-2.69841073943905,-2.364366235801896,-1.0541054369956855,-2.622851472012255,-1.0912436519049704,1.9107681019141394,0.7894987596500425,1.073379656763764,1
-1.1522864038430876,0.0232259148200227,4.101469267582651,-0.6291885384975711,0.00721714608789781,-1.9210228295863652,-1.142871066608203,0.6746105201156212,-1.1458232295163022,0.791527736727773,1.7170273026505103,-0.7086273060018382,3.057635735935262,0.7600761123884141,-2.139591638382011,1
-2.5987858991361756,3.201942510933378,0.6926832960500977,0.005989151031206896,1.321442740235342,0.7075531856880111,-2.8682996018963385,3.323622095438015,-0.06987545710299305,0.8447411111234174,3.0639819113724327,-2.545720367227445,1.685261016268211,-0.9877670867744672,-0.26497673616173034,1
-3.2122432898544275,8.760463874081598,-2.8116268653070424,2.795384911636657,1.237130707788697,0.0567343722698026,-2.294298741158081,-2.365402997685863,-2.1996312043711677,1.7263353104565862,2.5967503236296006,-2.4365015901255216,0.7982395304793005,-0.8250929733350166,0.42050619142880663,1
0.3984911864879548,8.0738868604936,-4.889749867031819,3.0232825992093924,-1.1247276394199412,-0.8643505729720311,-1.4696263767441866,0.8225528869678965,-0.8760074099684939,0.4879127521278857,4.261541417717396,2.644840646859834,4.133020045369781,1.2531514008522797,3.6763367224739287,0
1.1843991963409226,-1.4880505570305145,5.2420461414392925,-0.6763629672313725,-1.2642339818443877,-4.868227788742176,2.123586243227244,-5.536196829867497,-3.747113693830129,-1.1782146354129148,-1.1992594644674157,-1.923735246401514,3.2322968689361726,1.2226252762759253,-0.5097248881724613,1
0.6852389973233688,2.9194809484703024,-2.2363212006070374,1.3819359563773737,0.40475085899636126,-1.7867008196572094,-1.218811712060348,1.3614132348966623,1.4148415920534276,-1.0532451601338715,3.2327243109648087,1.5178557835450233,1.2663783981511627,-0.6976911440462046,1.9237360682391615,0
0.41197092427923,5.570556929397148,-2.670301835381321,1.6575881205455594,0.8966012948530571,0.39621485346743457,-5.120771466733423,6.141788329654749,-1.2604456058844036,0.32996992499018646,0.29194441561156736,5.544604932944689,7.891691654611241,-0.2407321617440756,4.460560666866373,0
1.0872069217948561,4.783182857501875,-6.223841293783917,-0.5303258398991719,0.8100513967250161,-2.712061108170081,-0.41046161053574304,-1.0235806436225392,0.07853637792225186,1.1058073034127964,1.2883218103667784,2.07703861448986,4.581570584427694,-1.5018265189141187,0.4981804634129021,0
1.9044036053346236,-4.338029514229437,0.5201440801053008,0.6224943830574862,-1.2663586548464094,0.8652004856899307,-0.6713192645279711,0.3336614894680996,2.8431414468600726,-0.9692799797387972,-1.7624511101701854,-3.9954209487778165,0.8215076191372765,-1.1613468707172474,-0.7456053380393829,0
-1.1099880181460262,4.680059502465248,-2.154541332925916,1.930790936970848,0.2769131957997032,-0.4941244248489094,-2.509636706200691,3.629231335826586,-0.36202361528220844,-0.6617404082330068,2.4162682952309797,1.853027618575989,2.6051764085803444,-0.44629511151431916,3.350784013252846,0
2.931304324978509,-6.5109971146457735,1.0675175864078537,0.027637453175146653,-0.08370985713902226,-1.083234805334211,1.3088813720512824,-0.319162049015729,2.3791304701489855,-1.341722243356314,-2.7752655347921023,-0.4767002236976323,0.6973845862716488,0.35804883885657074,-0.6063843957282717,1
0.4598399824847099,-1.0997996031624815,5.135056892271002,-3.0466262679139975,-1.1763818545155131,2.7882716358842243,2.419654054896788,0.3714921533788882,-4.659691651731635,0.7447382697153198,-0.01357877751145109,-4.360790765201409,2.0739914578988525,-0.654220261327759,2.1522744200900306,1
-3.965097135002976,-2.447682393426022,-0.025591277014556546,4.291558782070988,-0.612734175014757,2.7520234488073827,0.83583113330887,2.869331493128655,-1.3464638110115643,-0.30091771324534927,-3.993991293698671,0.5345330152914065,-0.0894126576692913,0.5034122121999125,-0.4149976966166158,0
-3.490894969332617,-0.22916220509941124,2.2390543342925824,-0.5918806420494236,-0.20230001008711487,-1.7335167003687024,2.8363962947658137,-1.9440084111063505,-3.857242353487174,0.4602389432279179,-0.9613663751991658,-3.0002393831509186,-0.5847056432730033,2.4219554805352432,-0.5104053883345437,0
-2.147179510434517,2.3987440411799934,1.5121201402785975,2.164417308126891,0.3374010703246616,-3.1533809515388582,-2.9143356960313938,-2.8971242210273855,-0.36175254299844245,-2.5711368531054113,-0.10068335969628661,-5.236020004098508,0.5975042806027553,-1.7717547790318953,-0.5563653167877161,1
-1.679404765361511,3.633926101444761,2.9386484314039345,1.8328393476956353,0.5130633430135693,0.9994104643888362,0.1276928753175015,-3.1539249619979093,-6.365443071187818,-0.724221313830929,-3.1108461976942943,-3.4440430189988014,-0.617954702683662,-1.1524444681088677,5.617440632355146,1
-4.9349845336049665,-3.185217003710281,4.195435493885646,4.489673069039281,-0.39981733107460027,-1.2498434570295933,-0.6280409534449682,1.0132369177277993,-0.9535259850871255,0.6613399641422925,-3.8672085541549976,0.487782777141998,-5.314668652170758,-1.5608777064808073,0.8214682601659709,0
-3.249130550561252,0.8486134165834265,6.293050305354057,2.826019216047969,0.7840955963724985,-0.8047293879972391,-2.2666507165014433,1.1465959786326094,-2.5825992752193043,0.31451374380269603,-0.17747948491591048,1.1930703963028644,-2.2923723290103486,-0.06040613221613558,1.750508520794673,0
-3.655303738092797,4.10351920756803,1.2461949701216142,4.882107225734485,0.2556586540972739,-4.737233597611305,-3.3293762773402347,-4.225327677060229,-2.541868760346015,-1.0146606870945887,-2.016585693887882,-4.160329070250242,2.9112660558272623,-0.6462482379073551,-0.17957307003541412,1
4.191621912882954,0.7478144243649846,-0.23486269551553196,-3.8004754971547436,-0.8566126435500113,3.2017174444650944,-0.9076657483480832,-0.2239079658407621,0.8802511922134769,1.3097571658740361,1.540291101051979,-0.5635677805319518,2.323356100825584,0.8852366136499785,-0.7843480811867898,1
-0.8907281045126524,2.3431066239779743,2.8054525717498473,-1.9639605631960912,2.2781086233855112,0.11801525618517306,-1.3335501670703913,0.6920871203616108,-0.18442974457998867,-1.5194118760338073,4.228281052794936,-0.20835099157622428,-0.5217695326129759,0.5568683168289861,-1.9151581569157998,1
1.2266794357000714,-5.749477579938582,2.0495234130338287,-0.27241101966564774,-0.7027771659920036,1.681618528795572,4.483829868456714,-0.17892448547499673,-1.279791851689361,-0.17979835250529552,-2.1890672817120356,-1.0072104712978884,2.0304930990072836,0.9469371819552072,-1.3417806586147436,1
-2.3784099575673334,5.080909888109915,-3.9301443644926226,0.9627951488504782,1.6646680302676264,-6.242026148779062,-1.3015582827092154,-2.124278876268125,-1.1454459117040272,-0.6832666972178264,0.01399988083981496,3.0742337833395066,1.9256585241671402,-2.191982864740198,0.12812240106425454,0
-3.649605164193659,-7.4868213453746195,4.795671571603465,1.8054811874284018,-0.32326225938749004,-2.3423602496305875,2.6779029225288182,1.2951106094731044,0.6226781443720775,-1.2600078976522555,-1.9954490797536204,-1.8984453761203446,-4.266779930525173,0.6844930246968961,-1.744586359053571,0
-4.099502349492607,8.748486642257939,-4.858886087202352,4.584855348305686,-0.2619718548563233,-4.51465924387381,-1.5495870563454832,-0.6449712324310903,-1.193610948414889,-1.2347947512185196,3.9375023650894896,1.1841900235210516,1.783594619530247,1.7007747875409267,1.5854299510337018,0
-1.1332024893540356,-5.0803863207656,-0.1498262085038955,1.8401264331143499,-2.5460050646214696,-4.177001438279127,2.1579047183218654,-0.9388439444148142,4.526000181590823,0.7985681267484328,1.6277406423689746,-2.9812060340938293,-3.2653586238760273,0.29677250708423497,-3.441784751161987,0
-1.7163478555109304,4.066231790580102,-0.849222123643789,1.2407724538265479,-0.14953036454326896,-1.3124290007409738,-1.7610462715386275,1.5037460526551494,-1.4654500586507555,-0.39256167735758984,1.178783186476445,0.6632155425265058,1.1550262484126579,0.0890041105534821,2.8941937921719867,0
-3.2679577773929243,-1.8325376303068506,4.202362412628089,0.07412258672537941,-1.0799322818968393,0.19386127403650577,1.1347461626189692,-0.6045777008686617,-2.5200074920773634,1.3824186300071535,-1.5079493038512395,-3.604916291127784,-2.048883547593512,-0.44648358559442713,-0.7528771692966075,0
-2.6139849040603282,-5.20195068025885,-0.9632112414233633,2.971552475498132,0.5465244160535132,-2.4977071245647253,3.871227301682962,0.9108344997591779,1.064203138271004,-0.08412958314923621,-1.7469164305835823,0.6328566898562888,-1.5088170552510056,0.09526406437671531,-1.4486178735096893,0
-2.2575743899225986,5.592865923894433,-4.880129604168238,1.6705467625066708,0.8433834529907315,-3.5806624404508756,-0.9849757252479134,0.27998947906131866,-0.1342457810924667,-1.9404302255083603,2.4720980572234312,-0.7893752175242015,1.5401172939857897,1.4236311818185134,2.269609141655587,0
-0.6186479793878593,-7.91189887578805,6.189186451201275,-1.3371622995203412,1.442940067837931,-0.1543633302189289,1.0184359680253694,3.11741319785032,0.9292419199855922,-1.3221729566400084,-1.3530309502068716,-3.5435491801381005,-0.748434319206898,-0.07187078581077398,-1.1392053407587188,0
-3.0371902807706617,-8.39753797254789,0.9279319015462063,-0.6256872136552478,0.4047475053155036,-3.3536480005101845,5.4980504315831755,2.861214477384371,0.8475913140288045,-0.17182504467671872,-1.2048486047687499,-0.5783117514101248,-0.04617231153135459,-0.827892867365809,-3.2877554554996244,0
-2.260996510868112,-1.3327446966876304,0.45460981151698454,2.210292463287076,-0.10548536715777655,-0.35801577413234464,0.9087339441323418,-1.1814148080092441,-0.07698422707428314,1.8418780020912402,-1.1824559514391524,-2.663558834035637,-1.5458651881127052,0.5099312413567952,-1.2744137283277603,0
-1.3843327117218838,2.3561027003993016,1.6616537732804426,1.731679274184904,-0.13987035877271356,-2.480244144339535,-0.5636623505538523,-0.7447093536478868,-1.6784865404450136,1.1995378386479092,1.1183690591829816,-0.36956363608165943,-0.7384262731276325,0.1965119260012147,2.5981422332476427,0
-2.1278270952236515,-5.050498468327355,-1.3687419852073348,1.6838678131394615,1.2121067127178047,0.2658759683708478,3.3054162150643833,0.9447255440836841,0.868986060872733,0.3259636053279932,-2.583239291919323,-1.5022942961697245,-0.3013361649107411,0.08186134108175565,-2.495611663089363,0
1.3011032707448147,-4.957368079194187,2.0299478052121556,-1.9606909022987018,0.2778428094718478,-2.761100663858487,0.8000083355421433,-0.6296290237961111,-0.5002668636328661,1.2462627809986806,-4.09299794775299,-2.215086715772014,1.9866164036988776,2.344419387763796,0.8254406495046198,1
2.047369316690617,2.7229815738699634,-0.3894255483440192,1.1704309521919993,0.5063825384880583,-2.5972895878649975,-3.9490667420736103,3.8130068837692064,1.3441205943303762,-1.4517209580135524,2.1978045856234987,3.331683132524909,2.5028096996313556,-0.9637610409115323,5.456819474072487,0
-4.643373694175645,9.18159970126177,-5.560421913864393,4.6871267052285965,0.883971842678526,-2.2192071536943416,-0.8336842915499314,-0.6504688301790216,-1.7241237811722472,0.8457750635843653,3.6939395889264066,0.9256950242271124,1.0258506738794804,1.1582582807780262,1.0743593775040876,0
-0.2284583669859659,4.251390266657171,-3.9043616906318843,1.5740688015187392,0.9094591724975633,-3.548581987358196,-1.1247845946373403,-0.4126899057969129,1.012497485353727,-0.6163219891088609,2.557517176819723,1.1727027540896204,1.0626316861144116,-0.663746446598944,1.6636483937190731,0
-1.4917809025111917,-12.226909665043486,0.7185631243374568,0.01521802793393845,1.922036939606547,-2.255798480794945,5.744071383573584,3.7427497499513094,4.056987943295448,-1.5613429830998886,-1.4413500728804842,-1.9565813412542914,-0.5226135341894077,0.017621310976853315,-4.759302953416265,0
-3.595640255975576,2.815941098871142,-1.4595943437840242,3.239154382635701,-0.3913304052288644,-2.0869117532527675,-0.9171834654665537,1.394634879984136,0.04961176095983527,-1.8973773305228165,2.0340604922219567,-0.32623303063138787,0.695553498920875,-0.2462744114175397,-0.24466116785442238,0
-3.3803544539000683,5.407090646998374,1.8326877351047883,3.7787543551754506,0.30390180209508344,-2.9877751440364486,1.289000938989291,-4.279339177514695,-6.144788002176467,-0.039886752367101534,0.21117450890660794,0.3220267284041529,2.2901408995193275,0.3168523387332896,1.1246076377768661,1
1.163147875802717,-6.225713277348336,5.634502247874838,0.5769397506490233,-1.8138824704695111,-2.509286166433972,3.5145714126624386,-2.003179078678124,-0.24481255230285034,-0.5318222752312214,-0.03921213068872431,-1.3372089349120533,0.3783006476316346,2.082809990208515,-2.02868803539121,1
-4.088309605506053,-3.459804116998665,2.0215602814014524,1.6388571157921166,0.9481500118021107,2.425124277176158,1.9806633403576381,1.7497804907603047,-0.51823041051994,1.352774175754248,-1.2881005243009176,-2.150607894371052,-2.510253867262432,0.09256061717143475,-2.814177187711815,0
-0.9427846731103968,-9.636039858903343,4.096509557979791,0.9320996295504786,-1.770774422591056,0.23444827051006056,3.105046501449846,2.8527104919333874,1.0783049907133864,-0.9555187684192374,-3.299116645274195,-2.359645357178221,-1.017561157398412,1.008752071684044,-1.127926928014966,1
-2.983008369473284,3.284287666501347,2.0675930324769243,0.921110557624314,-0.5904269540597518,-2.4863760433761426,-1.9163284176264292,0.3124522942959318,-1.6228567766949415,-0.7978868214958904,2.2350910493642275,-3.269273735185392,1.1741119849291493,0.7008290998250021,0.7271717692012425,1
2.355865408826048,-1.0696433701244432,-1.6963050162244184,-0.49197164590351683,-0.7937045795022385,1.3188129279084737,1.066360126811936,-2.8592667265114597,-1.1219377970110251,1.4320096713686254,-4.497226667317202,0.7281573509528463,0.16453162282743272,-0.48328339429758677,1.2900268877636578,1
-0.1403015788892159,0.9502486299500494,-0.3589714861958395,4.334011949510863,-0.6428078002379078,-0.8815553018934058,-0.46309449529636293,-3.461354651281199,0.3562474334848891,-0.7834903416750496,-0.0005910105756683492,-0.24689438538012176,3.5402654178897524,0.5979486139927381,-4.164844959768651,1
0.9110641780508022,0.19338068417788554,-0.05713018648603496,-0.08666029178233448,0.08450580575678937,0.6793461667967104,-0.6857080347048234,3.380733103570322,1.8462764559491478,-0.8653223260478031,2.9538603014605735,-0.5490279163265925,-1.7295162633894576,-1.2293532382141148,3.428684909485203,0
-2.861670907988011,5.502186744072629,-0.022525125662369527,3.1993023513042953,2.4075914215475587,-2.758632445093829,-1.747550045178903,-3.1277843425481873,-3.514539527406308,-0.7135311362142988,-0.2691577384508266,-0.9546172329157261,3.918551937534064,-1.0820515457923974,-0.4835030664676252,1
-4.070892728903698,-0.6392664698083661,4.577674425851612,0.20272088667095267,0.14796888063276262,0.8160411096400746,0.43680666565529536,0.8120281641534209,-4.56640810627956,0.9174621535937203,-2.8093170406002885,-1.7444797311111666,-0.6080585443239885,-0.8790168861647499,0.7936098839812895,0
-1.8118971125995706,-1.3116449964079473,0.04587730614943708,-0.15127363443614206,-0.14915398896724377,0.9794072181670863,-0.14591716724385329,2.639895880472989,0.8296831095056283,-1.5886441685966566,0.20801868266359524,0.5185141694399267,-0.1065154938560795,-1.0348051634453777,-2.0850841971507537,0
0.7286636001950693,0.331510891454297,1.1300920678286108,0.8757144115339884,-0.09054123974837629,-0.4920665660140715,-0.5422485854253574,-1.700993754824828,1.201104786041496,-1.3705612342041356,1.981478224337677,-2.2967701374452245,-0.22973695379250425,1.093222897070873,-1.2201367492833382,1
-3.7347907698546883,6.753250591425566,-5.307795563386133,3.3890441576392343,-0.671373519459885,-3.8097284509134886,-1.2550993789998461,-0.034633162203363765,-0.5572231441183111,1.4254059323729322,2.48689398313717,0.6808364784318924,2.0260183591142793,-0.7137994661386983,0.7670990389940442,0
-1.0256306743235992,4.424130983542793,-3.7812540374747177,-0.4781560459848606,0.04358766394178335,-1.67285334505241,-3.217976360154469,3.625833630283991,-0.46491787772139404,-0.26434941886376495,0.24579231229776632,4.979841690697073,4.854453390703846,0.5195304325159551,0.9668894788373177,0
0.6493521822702006,-3.0682701671801373,2.10915700733343,3.0145822402101734,0.8378900949962763,0.029987813679685393,-0.4209820111993934,-1.2859433953542623,4.150326691130712,1.039090421976736,2.174906902425142,-0.7043496996000981,-2.1020582945427853,-0.799269724580413,-4.735033151759637,1
-3.543080819977092,7.928811868159258,-0.7049137742911546,4.229955645613876,-1.6859492010692505,-5.3488317808070045,-2.9309464457887655,-6.865488666039106,-3.6935498810644125,-0.1069827719544813,-0.5959047018315387,-2.953188942282819,3.0436252173503577,-1.4832689904484448,-0.7030096445885382,1
1.01098773928898,-10.029973852203875,2.3951924109730767,3.5467090873773106,1.180317839177625,-1.052603688044947,1.1292231612381662,1.2470769627820864,4.983833885112854,0.49979173049695996,-3.104072510202431,-3.1712369455064806,-2.794713521851871,-1.2480105888936601,-0.8431926098787065,0
1.4279464910143187,1.9968102883397538,1.222372845044032,-2.8708221889435364,1.509994324431931,1.6350330439698788,0.6643131608454194,-2.5923138756260835,-4.543613632515683,0.585168744209188,-2.392753173090576,-2.2772030493346276,2.034359358153141,0.26298612410471556,2.827906407455615,1
0.4589448598663297,-10.019240892394253,-0.8376376301906081,0.16975209292908855,0.2457850173811903,-3.305843831621742,3.2428389798539436,3.635499752315632,4.607025265696995,-2.0675233201984087,-1.883598312787676,-0.3102680692030122,1.0193376924070248,-1.1630991850510541,-2.352323406115196,0
-2.6782786951776423,7.66658605375798,-3.6226853474403384,7.083214509332799,-1.1189242769760182,0.7638995760010836,-4.263883872746275,-2.6710947762413753,1.0497387119945705,-1.854609310898411,2.0523851765234697,-0.10174272713852761,0.9639651583676013,0.016526414134551155,-2.7212727145491007,1
-0.5092812701866776,0.30835921972122315,0.08183703152666055,1.111415606255407,-1.4899361498525714,1.2463377673299565,0.40813815888177585,0.4111677682921533,0.13508756073588288,1.0301178500904633,1.566539261013184,-2.5671795675757503,1.4271831557296448,-0.09261882518714008,-1.0266841581997384,1
-2.225754374631172,2.757668028470443,-3.6404601709141513,1.336495065234038,0.7230958871534814,-0.3441272820193739,-0.007330741614352432,1.7077924082714375,0.21714713752959142,-1.1138088850141943,1.8489462064520292,1.3886990638797077,2.595221197433849,0.6503836913958424,-1.8072994876410369,0
2.913447246226829,-1.2401274374688414,-2.254099209614157,-2.4177935869361002,-0.7713772263396093,-0.31614978431442675,1.17043385049239,0.1389139547023217,0.1697448252072022,1.459329651601532,-1.6548022724520046,1.7798067259788617,0.9806656660753128,0.3209859692714158,2.3323604200142607,1
0.8798772555887775,1.3247708512614713,2.774196707729875,-0.3718982763835541,0.12415860384721537,2.602615627577795,0.7955852751818095,-0.1088074701303956,-2.9025471385417467,-0.42394129956078275,0.878204890195041,-1.6866129234884468,0.40273886008106374,-0.8418733509170888,2.922944956012823,1
-0.5476156391941874,1.3836821596017457,-0.1596333282660256,1.2083468509952182,1.4097448071981633,0.8062569182492116,-1.7982139138687072,4.36089301542769,1.0278645979625471,-0.8895764849550238,2.382920583818795,-0.10682183972069548,-0.33506105001953457,0.2849649151626972,3.420899308561835,0
-2.362316601972173,3.820021076918827,-2.734348364564071,2.4403429714262823,0.528777158908762,-1.4781873356092332,-1.5100736821846419,2.8364171288458695,0.865436530287388,0.2167019911095406,3.294161677585279,-0.042461726658138854,0.7821563001299894,-0.1258793273940902,1.674552283222227,0
0.5300909386020587,-14.585582092415454,2.4229742914501573,5.069683028549294,0.4132254496860355,-1.4746390996787886,0.7955171959059042,4.7398937580365175,7.561962572977736,-0.8291000521161067,-4.9599339528255,-1.3221029608370358,-3.240681941797843,-1.9507673273715016,-1.3030171351191484,0
-0.24901585026009432,-1.170070059936872,2.1127565767147996,-0.34096200690569245,1.1165642691137982,1.3511428639999348,-0.37048822586249974,-2.0454568333858383,-3.2872951661563095,0.35952316028032216,-5.411768234333926,-4.9330857419069,1.1874159397455633,0.24560281705791556,2.1219020201751286,1
-0.49351329300913327,-1.9886215908510398,3.6787453326725337,2.5018625904456027,0.7175305164006791,1.3079356236001753,5.312802275656707,-1.5994008665450121,-5.4034265971844695,-0.6329970322962923,-1.95446616089671,-0.5615434496484674,-0.08315520540120902,-0.9922697131279948,3.6797341254318994,1
-2.3552241097938933,4.8335783497919245,0.8954890019895556,3.8353162982124602,-0.2811437260145332,-2.1182638819108286,-3.916699064923999,2.886079012474233,-1.8583263322367878,-1.0987241767814673,0.9962233308458381,2.3534764764669855,2.565645072826243,-0.8186059044078899,4.040553494506996,0
-2.2400343567720564,4.368205165495689,-0.7614547999677233,4.751551312194561,0.17405603934302077,-1.526670585105213,-3.4608122162420516,-2.891990000196464,0.5283397528705777,2.076796585329547,0.8358594764648257,-0.43100109646733564,1.8721428671701996,-0.7885857119279899,-3.604447962015515,1
-3.4145031489991515,-5.020100159360538,4.431470497353281,0.09376028140107073,-1.9835756781146474,0.29437682544809074,0.6844985993287753,1.6911812154549872,-0.10197087476045545,-0.6641127146297134,-1.9396237159029357,-3.423805859678171,-2.7388054801046122,0.4673311296456491,-2.064120814377466,0
-1.6458237823301745,-1.4331756105707552,2.875499006649414,2.9612592335953103,-0.21709806232667525,-2.6668158892410556,0.6525543388036534,-2.6610624474429274,-1.449045693756259,-0.13365973326242211,-1.3491080774104063,-1.5115163402300653,1.9939938160850896,1.6223581587633655,-2.3472302423489033,1
1.2134595951360887,-3.238259130526571,2.1633058351230443,3.0685108524303404,0.813616536451455,-1.087033987027593,1.0848337990691546,-1.1450038574987071,2.0112374505242125,-1.9072190710079198,1.1609933945100983,-2.4852252949344673,-0.3793547629831242,1.4365683517268375,-0.5704634505741871,1
-1.5238183827761005,-3.033869531860229,3.4279163921256326,1.3383603311123293,0.4122539740346844,0.15704049142619136,0.8660496338745768,-1.392915452818618,-3.809074016788267,1.1543562861524255,-6.124898316109813,-5.036669638405156,0.06871311518271606,0.3766565921072789,3.3358194420225686,1
-1.4290943527572544,-6.567470284718814,1.0568771883803543,0.45505530154042306,0.3578544011046551,0.4396262775279076,1.8385872066834392,1.6647438051029797,2.9777384241630886,-0.21204431236699098,-0.8968480515904143,-3.426689963105115,-1.458023221150074,0.9997795795175225,-3.9481312749172655,0
-1.562877510373708,3.4018141929833594,1.765792184541902,0.35999513386122595,-0.26890767621500933,-1.7446301728772935,-2.380389724696086,0.48849487091115296,-3.4424966477219088,-0.1669213335892823,-1.29690562583909,2.619485920150259,1.9672036369603296,0.5577867238861631,2.523915012277801,0
-2.151665921836304,4.630041112860697,-3.3342410599974253,2.2984317705720936,-1.182569388528646,-4.110002361970087,-1.2979268432755393,0.08887607945218323,0.02668928429312824,0.015422970888983768,2.1581306650262673,0.6883819092326044,1.3061314347687163,0.8729219823572034,1.5043692628492882,0
3.858471462877291,4.824932363139047,0.6863651049736925,-3.9691954060820787,2.2758558818768657,3.3125927875096277,2.615909347404598,-4.034353324922062,-5.755317894312332,-1.3930323017088262,1.2204406105961807,0.5931927943219999,3.694795736113198,0.8298197674916881,2.211039929749886,1
-2.0808936830842666,-5.725741352074863,2.6588237342430094,-0.7196965772208261,0.5064103413791373,-4.5022907559915755,0.8015176689488506,1.591043089792806,2.346805997131099,-0.3112652143043535,-0.4969484349787747,-1.0544101151680696,-3.053744440548474,1.624191327722064,-1.5530739749467548,0
-0.5164043713122093,-0.07389972390821506,2.8418110342602043,-0.18121794997973462,2.140308779836561,0.002396080660477029,-3.1386649310272294,3.9205720219409126,-1.8842827670464801,0.730935434101578,-2.490364163404058,5.280977863487903,3.060600014818487,1.6656790805138957,1.4816941845852483,0
-1.716876293557216,4.416836931762803,-3.4884933623028003,2.2407185702923633,-0.8574763465429882,-0.7776800279197049,-3.630004352905847,5.30117034418541,-0.37516926802947514,-0.9205909444695907,0.5337405290037244,4.855863299209396,5.7385100687951605,0.4259831217850366,1.8430192221926374,0
1.5826722820822599,0.6633200807671521,1.3071103206038828,-3.3949421906614994,0.953695132635774,1.7526938776917969,2.616304360021407,-1.6454418548771215,-4.127145616402707,0.06990665445882359,-0.5515273908460285,-1.52305456728099,3.075307713427664,-0.23191840485901827,1.062921130200113,1
3.5653650336775504,-0.18124717960042908,-0.5505994284397406,-3.525729471784396,-0.623914201844913,0.47655144110894043,1.042040724642337,-1.2349094831523777,-0.1843082816054536,-0.38789382493422025,0.887812165497651,0.7162008091671739,4.045589745590918,-0.822002520114908,-1.6680266673443298,1
2.023317807566818,1.288822948526562,0.922396190240149,-1.3757306455344764,-0.26048853281335294,1.0749522104279534,0.09486243525717297,-2.5151842218073233,-0.9073588163486682,-0.14337026497196806,1.0225453725751374,-1.0697520749347467,2.3879205026112458,0.783040907286443,-1.6559804745684312,1
-1.2957861885344801,-2.274097633499314,2.1677605023801605,2.7485037745771175,0.0013533024656418782,0.4204906394598773,-1.6087946184694863,2.187082059452666,0.10377037967408244,-0.17508515027370583,-2.576463218004836,-0.08482954096566298,-0.09073840426979785,-0.8284081072387681,1.1033259129758832,0
-2.5792787201976752,3.932322820650446,3.4547913288753245,-1.592730251237652,0.6059320943245888,-2.766225096218457,-1.2468973829161634,-0.9231335564081075,-3.46143010815828,0.14214801253004053,2.2353825189660834,-3.478305937614687,0.8066228359160157,-0.31375694526562803,1.3306627782200837,1
0.9314039320877162,3.320371740248515,1.9992846727582732,1.073187049286489,-1.428856613893435,1.6382090114272507,0.6556822731373813,-3.3422836453347218,-4.759023701849664,-0.45012347329389163,-1.3738848954650662,-0.3759806044655831,0.3539073706043516,0.15769421996281013,3.9591368840527554,1
-1.1872670985926737,3.35079770646756,1.7185279386078602,0.7800486297035273,-0.434073821759407,-1.6167352254954843,-2.58101096021725,-1.4653691211542779,0.18431266983017341,0.20278036280499484,2.937014857195586,-0.8885680699180328,0.535858534986305,2.1822678096954933,-2.2909370842827954,1
0.3934249453465277,-8.238977132961455,4.712552993167783,0.3235369517481428,0.7963100828535359,-1.0677296251685178,0.550465251767282,2.4538089285958744,0.9285896372132726,-0.8110052394638876,-4.163734238577859,-1.435390980643134,-0.4565236549359597,-0.2624968604607547,0.9807806490127757,0
-4.548538585692306,1.4433886779845233,0.6605599778306955,1.2091521656306212,-1.1916485388987084,-2.3661750878712966,1.5171243274526371,-1.8078954347261087,-2.48623674034743,-0.20290897858326112,-0.23207476743971545,-1.082533071241855,-2.59441765914538,-0.8673145087543316,-0.7532219668943416,0
1.3580122184129377,-1.311915011547232,3.696419784187638,-1.2914160894854942,-1.5136541744623178,0.8337409897200272,-0.7332351016700795,0.2814283502710462,0.1336462826837148,0.04883112480840971,1.3935603080965486,-3.2260014455176678,1.3497226916627125,0.2524485549536634,-0.49114183858054594,1
-1.6403640017836372,-9.79558776462592,0.9739870089958724,4.703891475696002,-0.6331863393652334,-2.247176258973707,4.505235645905131,0.7168254784084234,3.5061326298914333,-0.43540897061808626,-1.9931702438522312,-3.433391623979213,-1.520608518102808,-0.5249265207803991,-2.9992650391138977,0
0.6323433238394833,-4.946242725629481,1.1220812384771723,3.6235654505957138,0.5451761756309323,-1.2799431006229507,-0.40680875601599076,-1.5416871302261654,4.20229333001597,-0.6501290434271516,-0.7292326934434774,-4.360003089650932,-0.3178824887900653,-0.6184311671945354,-3.3226896454051333,1
0.22368299275559034,1.5702060321253517,3.269692854008706,-2.7727705636321893,-1.3804320822431462,-1.9791212181197149,1.7314321873492156,-0.37181365537252486,-2.7961999073556405,-0.17660951016305085,3.568571936264551,-2.643968234767028,0.423742693392958,-0.17534641494419065,2.8667940906256595,1
-1.8133302329312089,2.642893235793987,1.092264912621825,3.7339394424005863,0.1287713183531109,-0.9435329427731127,-0.4398443209051748,1.1954852255377393,-0.20747242596230192,0.34972968207636607,3.5910859979472955,1.622954533439656,-0.9144231771611628,-0.03341092009792633,1.2082976787423383,0
-3.6681295527201625,7.183278139859848,1.623081667024629,-0.28462695775719826,0.2830595465089119,-5.168493875674018,-2.7646559504831227,-2.452375643170225,-4.73798082893919,0.629718724118924,1.3318802102901297,-4.473677419623874,3.3361082438758913,-1.2091112889885514,2.266582954177579,1
-2.5596576364840304,4.826844865899836,1.7692554339683273,3.479755436197602,1.1899197160476673,-0.4538622160972463,-3.9946156194770897,4.049272852445274,-2.162965480200816,0.5380847863116393,1.4758045994041324,2.3345829899659947,2.138028654231535,0.9368991943041058,4.193110212820876,0
-3.1331231096230496,5.281158226600488,-0.3498028863289664,2.6471238994519664,-2.216877677335556,-0.9926999434317517,-1.6223576430932503,0.268143241360288,-2.8938887463931784,-0.9703483494136004,0.6440717261542339,2.659362446895221,1.191773408380585,-0.07750118878771532,1.1709337929157768,0
-0.039464575283349346,-0.5533569628734243,2.8207693160597995,1.540121375475859,-1.0654417395505857,-2.4448160762709947,0.37898384518565,-1.550998560996838,-0.09175669223388211,0.8645158657686794,1.733537883016194,-1.2883088715357844,0.6619534953170316,0.6638931260961353,-0.7927793662753042,1
0.09437237392131603,5.726717084271976,0.5829013722811353,1.7527116608106077,-3.655086515104106,2.640561931029203,-2.0078752692097144,-4.658047199087528,-3.842060456264805,-1.3840889920124233,-1.6317977601074845,-2.244317577762702,0.8613833276961909,-0.48639176879086643,1.5028635179828485,1
2.0183999929953917,-1.0539962171581354,0.2378458194131401,0.3266471241117823,-0.7017273465958871,3.06220822784191,3.0374577744691242,-2.323349506439528,-2.411879085067795,-0.3570044894510149,-2.0857968630578454,0.15570069708682133,0.9217056522711452,-0.32325695304860746,0.7553564061844417,1
-3.037613953932538,1.913665705325723,3.355505792128988,-1.8644717550185441,-0.45041888656765466,-1.4276986058143915,-2.8996365125844714,2.9576868544395536,-1.8691119597252812,-0.34494931521447475,1.6250626726734339,-2.312089660262224,3.890380998983652,0.15368176317690393,-1.2338735559073126,1
-5.958988427192382,5.906108605937756,0.05020621373584433,3.690027826748246,0.9322783548263736,-4.8990257013128655,-2.1411188374809393,-0.4401534546969359,-3.166241921451977,-0.5681449052554144,0.7901102009334964,0.1387476624753765,0.5106340018827764,0.18909955676685122,1.2966604360343206,0
1.8301662868323965,0.9976658124507047,3.7663856093635895,-2.4812393563459736,-1.6051704424415325,-0.04785995333687043,4.0977430441569584,-4.4030036167600635,-6.03279408253247,-0.9408535295821812,0.03896986485876286,-0.4821890237432527,3.022556487820554,-0.9119399468116645,1.0777184606903407,1
0.275319367724544,-10.130549129258284,4.428025164942234,0.9687640551204735,0.8802632056007167,-5.842977263221079,1.6766546581663078,-1.527421485963726,3.874309478480049,1.914904504978405,-2.843644724139403,-5.88924873192423,-4.041263306424513,-0.0795670489861375,-0.49833396600369295,0
-3.9485281437027995,5.554875806890733,0.66991841702575,1.5197758826464423,0.26098385001607055,-2.542967252117375,-4.037409961933121,-2.019901486613895,-2.0768779659437815,0.817206517497548,0.2671941764945609,-2.338976634197687,3.005777124269474,0.32187038238305715,-2.590204472781015,1
4.102836892055698,-3.7741274308087585,-0.1627901141233783,-3.560104008838102,-1.203657625911923,0.17753511337414518,1.448680804979581,-0.4011438748411811,1.0846772543113192,1.0054110154824312,-1.2211352604368548,0.2757839701777651,2.8098910169469877,1.3266216394999415,-1.0247358164774396,1
-4.440858265119134,7.095191322169288,2.019966707487589,0.5539852928080812,1.8780420354493812,-3.718958479849809,-2.4223540848561687,-2.874014532724756,-4.967384174254469,-0.5829662192618927,1.011566861175052,-1.4481005435655843,2.5557999441079167,0.28781049692636984,-0.4488125787538191,1
-1.4410586522625761,1.5265756328360087,3.747935832188113,1.1213931034553664,0.34466230464398234,-3.821495201125476,-0.5411006431240951,-2.6864103408646365,-3.099091708217563,-0.3499078304742111,0.22666341386599398,-0.4500276955379978,4.206147593728554,0.009390608018599282,-1.863910521467347,1
-1.6937045988305715,3.4712281503097446,-2.8595279075080473,0.98685303536251,0.7490878583000953,-1.7960452278393972,0.4784534172235355,-0.5818150334304182,0.06503563108222969,-0.14634867016819725,2.790779726047113,-0.07886202208713922,0.13610628983097395,-0.14874071479913828,-0.41544697997219204,0
-2.7684552255360915,2.5017504703188003,-3.46180195773223,-0.37311127058128424,0.07770846002500614,-4.118672143556664,-1.8478229080328894,0.317249279235688,-1.4686356805253031,0.9779082692731105,-2.6540896193908594,1.817622344258151,5.216194132292191,-0.1226536722546745,-1.563287489971338,0
-1.9496634022229553,4.4280135877237035,-4.576949578655048,2.2065020765682264,-0.6773125282501883,-3.0345113749969856,-1.2248705799269366,1.0958078707292163,0.8490765103927083,-0.16131272277353803,2.5279368407649065,-0.7176596609417678,1.6817865907169907,1.0110500156528333,1.6891133903225921,0
-4.03733221131972,-3.102024321494629,2.43916983381033,0.9122641943214849,-0.88344410576185,1.9848130912950999,1.4422262983241105,2.6649898619984693,-3.4903525856781896,1.3083383670543278,-4.5805976974434515,-1.5081173146447666,0.35930499041184727,0.05824436065938095,0.5381345852746149,0
-2.242890839859363,2.28601345180683,-4.440148297205426,0.9852005043289006,0.5518475806425102,-4.125600221735471,0.1952640270144339,-0.40634138919916096,1.867967479238905,-1.588084115044374,2.394058107634868,-2.474994094440158,-0.2514595117958869,0.579044897937837,-0.32711097092559327,0
2.9584102651851207,2.685648288467782,-1.9086404741627478,-2.8696607886105405,0.7944266892508483,-0.34538842780959733,0.04126260767792478,-2.5449296199315325,-0.5748758328379534,0.21057075233394207,0.6551465674648256,1.7281373137236522,1.0064645545882336,-1.9629919076527214,0.6959888950588133,1
0.8853825627461506,0.46314699049092206,0.3033521824046901,-0.5402408498599455,1.41474533796822,2.905790920431098,-2.3213927569239283,-1.0886133961027853,0.3279459817685995,0.33612290294557223,-2.1352072159828017,-3.340848200708673,-1.4071732516694144,-0.7090341115287021,0.7481730717823122,1
-1.5188867541777902,3.8982911884588853,1.6867502083549075,3.09141778655922,-0.9367674325830104,-2.8828715016888804,-1.7982264284147604,-0.8554800281039485,-2.718463481751027,0.6595739574066574,0.1578094176739102,2.9409518283615306,0.8683870984816994,-0.027768730341351775,2.7186860739319156,0
-2.692510498818608,4.361358022690628,-0.18704421777124192,-0.5953958063317808,0.8591727606739874,0.22481097913478343,-3.900790218429905,1.1975458731724178,0.8579939097899252,0.32989259738120824,3.0642454449130794,-5.515190583102385,-0.4624708905573742,0.9015179982381663,-0.43032511785896066,1
-1.0559393012848124,4.459006326515642,-1.9385015644669794,2.4928822407947426,-1.4867184699052318,-3.517771632585341,-1.1552362108032759,-0.05229289750142341,-0.13827387508621314,-1.064517973083039,2.8579062306289194,0.21691926187980481,0.7408339973226298,-0.18115087673127475,2.9166429151763307,0
-3.155830224866715,-2.9658534985376157,2.2505678788208954,1.6789553528842744,-0.22511256068511618,-0.3135218662096426,3.1791295656618495,-0.2894399230824354,-2.537213465015498,-0.0052265974628201255,-1.957789409926534,-2.852693531135002,0.17083279002723706,1.5246767428475672,-0.9042963695571783,0
0.5687316170383023,-1.7990483110478899,2.468112364840958,-1.1981714097326588,-0.011168617279531112,-0.21307316680601196,0.9342044796368478,0.13996503586302378,1.6166375550155332,-0.05219750546286038,3.362492540005528,-3.8962533092593836,-1.7457425282041448,0.03560196790503425,-0.7530416226079184,1
-1.8126817158587867,-3.6476065495693484,0.17080316997913658,2.277805852585195,0.6511897695753841,-1.7481901117950178,1.25788821974133,1.435244478347905,1.5293769859083761,-1.2748515710123025,-0.8055115350450827,0.29402353255662006,-0.987410052237435,-1.3691326623816966,-1.2362101801016094,0
-2.111684591912108,-1.9193122602976507,0.2625882014095615,-0.4967965970042214,0.5390941042551023,-5.042925436546094,2.1178169548414756,-1.604464080523491,0.8929986165857098,-0.7260041032460013,1.2968031741234762,-2.1830273679924694,-1.4160375025204015,-1.5939125266840073,-2.3075625306671275,0
-3.5224343162817084,-6.329719114183626,0.6048361812498495,3.8989254711483756,-2.6592811840473987,-0.014336888229054656,2.9146531370775377,1.050699459047079,1.3745238609700352,0.9347481295413476,-3.130553719233544,-0.9097497147854812,-3.4714088974040056,0.2972870947599731,-2.443115390503274,0
-5.510024958581616,5.9932932449363685,-0.23799893068899225,4.662222230678784,-0.18089045492608516,-1.5017432529827082,-3.165960043609947,-1.028905684013997,-2.995749417779182,1.487449388318524,-0.3138183712481908,-3.699151659046381,2.6216959004860056,-0.2422401590615062,-0.1833026898842094,1
-3.2238538022980903,2.720050192372681,-0.11680610021202598,2.920779328935698,-0.9550177035394786,-1.8390182859909974,-0.011125414039851567,0.07850832071113456,-0.09267060606898185,-0.7384147048028783,3.1299579764921135,-1.829532162429968,-1.7680699950540038,-0.5280806401033457,0.44966223037903097,0
0.7876139503387241,-0.8637905900041488,3.4289442915119244,-1.871554067806481,-0.8796956794701541,-1.4614956143511855,0.8548998720332075,-1.2915660475637292,-1.3251021659662088,0.08144723446283578,1.188842334346179,-3.151729043410092,1.1883414429046628,0.33280712525074635,0.21177867530821803,1
-2.658959573308626,3.2428155178965636,0.4853472775169112,0.9363134604901793,0.15167318580140368,1.3262307375696145,-0.7326258287323565,1.601895060583177,-2.1565365145200217,-0.2547187899858918,1.1583444299733403,0.4201533799900199,-0.07003956448316528,0.4409188278083594,0.926746249267533,0
2.9584875068055347,0.2957870160591769,-0.2528039402319828,-0.6927879058035864,2.1939251518044447,0.51434550231041,0.44804873922980937,-1.6152920691135964,-0.4500517367310837,0.87713461937785,-0.6955133208541544,1.023175613004823,-0.35636294584948813,1.5603668175048813,2.600827085507141,1
1.3561495114133633,-0.8871985120091348,1.7018340331500585,-0.06829843718469952,0.27490211308222157,0.3904132174492061,3.2311688539247885,-0.6843788322417658,-2.9941229848723925,-0.7066217559562984,-0.46980093102229636,0.7027151250918964,0.45392846140979404,1.4546642913850458,3.362815525883537,1
0.015373443166553757,3.669505470382529,-0.9062922253273247,2.231129668078754,1.420396431098524,0.44255676087987394,-0.9877887090416287,1.246045704560971,-0.4984078775781828,-0.4143797657075555,2.6133874916182385,1.6950767357833525,1.4589091267004455,1.5134449753891508,2.0486868926934383,0
3.4909275830413504,4.479909419624305,-1.133598624065625,-4.7609662483414965,-1.0962955896862512,2.1654801463172966,-2.491372961407361,-1.9730014314664361,-1.0765726706876848,0.14339884303353057,0.9046013998366575,-2.068525976856258,3.6733482028148448,-0.6414493184978661,0.26472386174083695,1
-0.11833023797288322,-1.2211018900331394,2.628289450631789,1.4123192834832536,0.8899500960760867,-0.8591319650039244,-0.07021291084717518,-2.4975995496572745,1.430116234306614,2.061934956003614,1.428611290858476,-2.096205546591193,-2.1403657296200693,1.4538844885481361,-2.6808828167263012,1
-0.047324760142931854,-12.520942703215423,-1.0024098936114458,7.617126934545794,0.3130500488187198,-7.46488779530388,1.5445471485662603,2.5304536954169556,9.3171181454121,-1.098695815068532,-2.837857617427611,2.3435908459801227,-5.109262380318957,1.1465790613153706,-0.8618196023995368,0
-2.992326470083018,-0.11722280619817398,-2.678655525319078,2.7987028573532085,0.2553543421120036,-1.4673814667128235,2.572557586909229,-0.49080026893127227,0.6744166507721234,-0.02541136932159493,1.4067866757996113,-0.6538836371259888,0.23783346973049047,0.826290124622276,-3.2268196954295663,0
-0.4495084697816094,2.840816358595072,0.313954391246817,0.9444458682387692,-1.2206001072268307,-0.9416975399194216,-0.5849661969991947,-2.259104911041651,-0.7061707197074422,0.05495189362815036,1.8857663571839118,-1.8058945843831244,1.1040042811038346,0.2793844934006062,-0.9448080614810787,1
-0.9457055969483597,3.4263205459271933,-3.8777237595576857,1.408275083809878,-0.5546441080460088,-3.88076144413871,-0.05788802472861976,-0.9069835956373269,0.37953939109496476,-0.5653872091201171,1.815920318238281,1.4033291611462873,1.6712524300268152,-1.8503776848818414,0.2183330111587234,0
-3.556361097078817,2.7070719225797935,-0.6159873393891039,2.8031317655179873,-0.10862179788950874,0.39806222359766785,-2.5372147984047726,5.400459521827609,0.48073346917926507,-0.21240742381820554,2.4342429133628296,0.563875774071595,0.17577948879845473,-0.5225023418828179,1.8498987746837903,0
2.1130843749728907,1.284554434388022,-4.217897979776492,-0.22056344522113647,0.05430390332633274,-0.4351743310121381,0.880873830724124,1.3461870347881606,2.69193791234846,1.089368288958371,3.790072718061823,-0.9649190134831991,0.744511953728096,0.9456674478849113,1.9191056088194411,0
0.9355358020333226,-3.354595980211467,2.1519292632927294,1.893462452289878,1.2805186368369963,-0.4818934251979583,0.0319796523027136,-1.573776925653183,3.0706811961589917,-0.1822867064294734,1.0121652614856198,-1.8880771148285764,-1.3952080203369386,-0.16279168174956857,-3.3253854808201417,1
-4.658563485400743,5.490553558890586,2.9076391686243204,2.907895611699072,-0.06685285755151667,-4.488515373508623,-4.714832446419446,-1.8514470658861888,-2.817396405608189,-0.7655837927368733,0.2919955972427841,-1.950531071470448,3.151983323473269,-0.7429879026720885,-1.4064056333576969,1
0.963346049052748,-4.380110849527527,0.903456518533563,-1.7791521466462914,0.2613657421135737,-1.5815240346073267,3.8084528164209717,-2.3225144715393875,-3.2507509121057914,0.6365983775086668,-5.309786083288909,-1.3704899317161399,2.788546557520555,1.0778730765648021,0.9145616720868576,1
-2.27499129075318,7.495532133232297,-3.5960425725769163,2.9818678176202935,-1.2816699166529877,-2.0345593336237973,-1.962067637991019,0.9745508119343489,-1.281865182182534,-0.567588354984749,2.925477177246761,2.6057946911386733,0.6120371662138191,-0.06739425319379243,3.674495763833166,0
2.2700769610479115,0.8306027776808402,0.8846186192351615,0.24884980213718477,-0.1091385848457553,0.0897015867779678,-0.7972727970255952,2.0402919276988256,0.7658856597018296,2.466588009341556,2.6928397772533383,1.2871881557249458,0.2286550087828505,-0.33058533845833193,3.5453490540197667,0
-2.5108562305763558,5.47146793982156,2.1399217401914536,1.0893486809500967,1.4466861694873017,-2.1451519734740367,-3.1524564430041906,-1.9305302469471175,-2.2773490071157245,1.09223944190075,2.0382104702825905,-0.5393467072496003,2.313176354890561,-1.16323982875029,-1.7600619074045913,1
2.5625327210373507,-6.141102664754928,2.8021300959419246,-1.906195738310094,0.043184176216772716,0.30541457319296383,2.968933973564078,-0.10113934220870813,-1.3847156948314043,0.23779736313905933,-3.929625228415061,-1.1721732878168105,1.4034246998662703,0.050707253863674355,1.7171671885227442,1
-1.193558624964683,-7.184389546250661,0.2532819192222542,0.673194762877517,-1.608926549445604,-3.227743409773896,3.4329432074043873,1.4432266694410703,3.7805979329596093,-1.0643724104341996,0.9979253881088579,-2.6392480418050592,-0.5611316296685692,-0.28515853015527837,-3.9791303161940763,0
1.5546717590424564,-3.978587401349759,-0.6462488620938038,2.451857483679787,1.577327297050473,-3.376600751401844,0.5616136135239351,-0.9961911684887323,2.4047639938936314,-1.0898030441669337,-2.081067979222206,-1.5904019209489764,0.22674512903277355,-0.5054495213555146,1.364818184227758,0
-3.103108828451967,-7.982589697900185,2.2517451159138377,3.3297081373520045,1.389775295320786,-0.8782203469454624,3.901395431639155,0.5999554630464498,2.0960303844735573,-0.4961139797833766,-1.515132318474738,-3.7004346669109385,-3.423152870997493,-0.15824637244161582,-3.3425721204959746,0
-1.3835600990801138,4.908236303481436,0.7984773871915186,0.4725954021160932,0.2658321698553995,-1.968882115891195,-3.2696129558172595,-2.5559034533551825,-0.79772939619684,-0.5854412625990931,1.8863561595523621,-1.578317200756038,1.7496846562376904,-0.5954713886616172,-2.0408348265922145,1
-4.5948143778080235,6.944460009261214,-2.2308892179226567,4.359707318824982,0.698001587510532,-4.221877287308876,-4.584979771253112,3.007113179637834,-2.053606980460058,0.15191886375680877,0.5693130119042852,2.7292593731170536,4.580162607509623,-0.3592000877666557,2.771186798742294,0
-3.6882096947264693,4.589930984136067,0.18577159590147918,1.3090718226169828,0.9700859861773148,-4.286144117872762,-4.846907167414394,2.0463760182955797,-3.6814846082577017,0.1222844623622011,-3.305694800280354,6.5988532839145,5.390764394334596,-0.9011373907316163,0.7314018376383593,0
-1.8415066566542684,0.11037289861938941,-2.7080790243969295,-1.2774672672810299,-0.5493757686067274,0.3739605284005363,-0.4063178571155919,3.8010949712714757,1.9905250969668031,-1.3929816176751906,1.814357438609118,-1.403053167926477,-0.07966142213817595,1.2431920191448558,-0.7300351052477883,0
0.8862387957927388,2.7791109579892743,-0.680877586581893,-3.147222518443339,0.6273726701874223,2.0943700067719964,-1.6516861211847051,0.008058336964335444,-1.2352289365685283,1.6019007847698716,-0.07180887912794831,-2.11655566049384,1.4959574572693304,0.15278236710023552,0.9937132587202839,1
-0.29565631929829683,-1.1088028744283234,2.624684248004985,0.5662618543966983,0.49979267547899797,-1.2626546980977522,-1.9129661825118442,0.15547896422911767,-0.6700450382730028,-1.5821751114432072,-2.40986284989511,-1.505722196241657,-0.10561090722380362,-1.1145072680940693,2.0877928508397625,0
-1.0970261532061485,0.14774021756161654,-1.14420450553143,0.2501809938991213,-0.5811495110719016,-3.1511793813593787,-1.216684958293879,1.6916794080025115,1.193973421144573,-0.574185068016375,0.37457897794425565,-1.4538822725296279,0.026602400021905392,0.7806306743514945,1.9857413800485197,0
0.7398147793594059,-10.360715976553937,1.112936160341043,3.2376247362386144,-0.7042945694842044,-0.6477857913402315,0.6282911145221628,3.2779855536814577,5.964491858760888,-0.15823013651088605,-2.796683984346843,-2.3868241117267806,-1.0493000674606083,0.5571024469361402,-2.0692995937213694,0
-2.063364016775949,4.517194742175146,2.980719341938367,1.1196828026557795,-0.03156171263228887,-3.8977767379735315,-0.11953338222703858,-5.2557298862857404,-4.591942087016792,0.9278136785720363,0.5422371990460155,0.3774607517584634,1.947874233197475,-0.9559819161112457,-1.2872300189551076,1
0.5082210185784113,-1.4282409419100608,3.143827292347513,-1.8555304390004246,-2.673003643884066,-0.21320114582292704,1.1777289125093338,-4.057532972599381,-5.093845585900689,-1.2457661641136228,-6.034798963373,-4.119963180532027,1.7043190131636257,-0.5344696758417209,2.421239511743084,1
-6.424289883476109,8.880521253056566,-2.1319122432639817,6.115778063994268,0.3429843413591068,-3.2439442248684305,-1.4629902623270046,-0.3244125404453775,-3.063399389468855,-1.0743279728617372,3.696434304334223,-0.38742797709648924,1.0185320354951701,-1.9047312186239949,1.4768974753623607,0
-1.1139785880450814,-4.110583252835843,3.7757732697529893,0.9960610903758149,1.4310197801252555,1.1266317469095597,0.5248089869602276,1.4386360913611198,-1.5005460083575124,0.5384693872544943,-3.3982132395908007,-1.8442532697328256,0.22791383007216792,1.1658867394684167,0.7448046249449964,0
0.5870900217860671,-2.6684139164425087,2.548259825750872,1.233847383149049,-0.2011861701509173,1.348908394611776,-0.4505110023543495,0.19089299512301539,0.21168002745754144,0.2925984457408303,-1.736834204768844,-2.272097933617316,-0.14751160908073913,1.327500245455421,0.517830825484741,0
2.747702140245681,-3.813043936573155,2.3182095069792332,-2.942099602790819,0.3132512598017035,-0.23809679744840073,2.6078772032319812,-1.6170798700923767,-1.7478705491853566,-1.460150262066399,-2.2493221016218996,-1.2065959081140973,2.784083935883762,-0.8111440147504635,-0.04272044735647018,1
3.2811648774344406,-7.152089035762658,0.338219072386184,-2.514319030893706,-0.16417161895364407,-1.702096742065303,3.9012976047801353,1.2676682050687966,0.2875633759397091,-0.4257698727753605,-2.968269300396381,1.1312254878900605,3.037768679087766,-0.8972931814242199,1.0044745520886558,1
-2.4527407579892713,5.012165061715602,-0.8184649194939325,3.0462639418915587,0.05798294658884979,-1.9830028207774093,-1.1879774033022,-0.6765070544901244,-2.398709050540921,0.9008644405489943,0.9743678979926009,3.14748461898633,2.171267251832412,-1.2127150757988507,0.23624895664357615,0
1.9285218789744807,5.5776317897270955,-1.7334827101775248,-2.6736773035055155,-0.46491307555602296,3.4017482751420705,0.24845798786853446,-2.993383154827382,-3.261326604310205,-0.948831871623343,1.0531561791878503,-0.051861687814262813,2.8423567709853335,-1.3334321454495686,-0.04526571976859661,1
-3.1914396171543435,5.863958776464667,-3.6780741597880082,5.903935186397632,-1.0458838275177365,2.383450027276834,-3.031980056085521,0.10751666719861852,0.3296630038964055,1.3228182691504213,1.3088438778400473,-0.5584026527950093,2.424586096868624,0.11732349683427376,-2.354053826637247,1
-0.3418613917564497,-1.6625274284220461,4.004502031971352,1.8581042088472137,0.9515649250581041,-3.465648216054783,0.1838606221696253,-2.7020195414195287,-1.6324870142655812,0.7587138248319099,-1.0029446861846245,-1.6734497549386433,3.8035604416483437,-0.08052964978643137,-2.046507161936068,1
0.9773609600855195,-4.289022781041904,6.020125447403822,1.1412834865166117,-1.459523374055626,-4.83192084514662,2.9247754674926725,-4.927480019958649,-1.9654420777248158,0.42976962190497714,-1.1201857014062355,-0.4750019730918458,1.4144511070802315,0.09779478281967469,-2.0109398331222605,1
-2.188791585966168,3.5217899052295953,-1.0964917776234513,2.5714827234499493,1.631152515028004,-0.18091109576086417,-0.9630390374781633,1.6151958052189164,-0.30297637382725934,0.11641422789067367,2.7035738816443358,0.46704324415855325,0.8059618047534012,0.08685977581361101,0.5254929669377987,0
-0.2378007413419645,-5.579122635924391,-1.8788704044882514,-0.39873788091612483,-1.1188465181313738,-3.3488317309629583,3.117149175736264,1.8884441081216767,4.182555724400424,1.3276978629316667,2.235615088553281,-1.9645226496116024,1.881982170037412,1.2901600237659931,-4.350858931427668,0
-2.824785126809801,-4.607889088332508,-0.7386112162652783,3.096061524159821,0.669252564126162,-4.870983793332489,1.8423661765315373,0.1708597035526176,2.594728441808028,0.7191833809492872,-1.3258384835468808,0.1579395664458998,-3.0732120620147745,-0.06677081771074578,-1.4470243512397152,0
-2.8097594980217773,3.6582438204087064,-0.26229302238366436,2.9145101676170233,-0.1714457434567751,-0.3469905352134046,-0.9595379091388551,1.3000369106210798,-2.3136580328103977,-1.4946702201942292,0.9361416093543442,0.48653627813817946,3.002499434525409,-0.6411124275444524,0.6834291838680985,0
0.3321146888899782,-0.8274945678088402,0.8635371850281907,1.2061008607230046,-0.4464547271529116,-0.4979598322906662,-0.2918062299239388,-0.39718761448831574,2.0301554255109453,-0.47542568912416716,2.19021771730313,-2.4846879588221547,-0.04074347970684311,-2.37322973285064,-1.6416652268916732,1
-1.1233195234963067,2.284018700160501,-1.3301269825349094,1.382159944620884,-1.1912941058850146,-1.521996045461382,1.6872148514713663,-1.9729054443609737,0.26989154283264594,0.837853794767805,3.2485581260535437,0.4597949972717168,-2.218798483187101,0.9195605468628252,-0.8940847466196202,0
-1.6915006269214008,-3.147553903240577,-0.5417585556287232,3.3087561135836525,1.5931062215029255,-2.2223600128852765,3.1513168298532843,-0.2985822224347767,0.5659398785627954,-0.027555936515566763,-0.4947165952123549,-0.22350273989065972,-0.6954829890149727,-1.0381069864610342,-0.7940003733417798,0
-2.782069462585003,2.428304278761567,5.1381452068018385,1.2062580307830149,-0.9991718428459944,0.22233109681283136,-2.536121010786623,1.4556425077402917,-4.0807564773720815,0.5142655924148591,-1.109380450742664,1.4959595377710546,-0.7159870934440926,0.37709472744234446,3.047782350842181,0
-3.28347387247875,5.146109642694895,-0.7509458050761806,6.537103244435679,-0.24540239258725827,-2.063422749744241,-2.4554299223663993,-3.880739548057646,-1.759589828923099,0.956417206592696,-0.5419971210215353,-0.6706964657172668,3.0180860207685836,0.548978464203705,-2.2764221642814113,1
0.4667688429681327,-9.239913420334151,0.0455605818271414,1.0816446579255947,-0.9268848322861801,-1.3441100021513912,3.5409594273237865,2.970984019669718,5.030815484759377,1.3658566253313404,0.3587270221304839,-1.5390702256813609,-0.020391255049728718,-1.3067229692119573,-3.7413512840288323,0
3.2489786705551618,-0.5596523637518349,2.5251667428204296,-3.619360803021436,-0.9956424072441601,-0.4175228926311574,2.1601948983189048,-1.6839646674354989,-3.66359857203566,0.38319038537732747,-0.8803343833375059,-0.5658019295191774,3.4166029087483683,0.19460759846102424,2.8857301245333273,1
-1.7759691024725761,1.3155273678827348,1.1856607555085572,2.0241172339583544,-0.9679183200240504,-1.566392280668628,-0.031305211375008524,-2.5031483907269845,-1.4834514555987153,-0.1465182790115405,-0.4056049568613651,-2.4644388714560197,-0.8163567322430844,-1.6123576309253735,0.3404782575088039,0
-0.4912230614344191,-3.148572886899862,2.649235861037416,-0.08508432046364067,-1.0712182230107092,0.02766172023793234,0.4804764657821874,0.3186013586305141,0.7267208588431225,0.20712127707087358,0.11761716937012245,-4.054597188822975,0.20849067120756315,-1.6227065707438688,-1.6650724942558814,0
-3.0218507605098313,-2.936173279202344,4.177634257207043,0.1496356668519514,0.4730079549674051,-0.9881519901700446,0.7023869136792437,0.5499435385394331,-1.0187233455795361,3.6113500628156694,-0.7459682291431573,-3.2752654317260084,-1.4729865493946748,-0.5421157866828823,-1.310933608042298,0
1.4704820150594693,-0.30027955587824606,-0.3174129958660965,-1.2194380168508103,0.3181423146963727,1.6394443960306684,-0.1315270667282571,2.1298355337226527,0.37501441079820114,0.7391186527732009,0.49459576318513854,0.2516522391027567,0.3283201500300412,-0.04217610649664051,2.04083104578041,0
-0.25025280092181057,-1.0218014872819596,3.778945340943865,1.0281721998405216,-0.6046197205172072,-0.6016516713432689,4.261988103604315,-4.985815902272826,-8.334691368720529,0.023432127147405314,-7.016027379461598,-1.6114337572210853,0.3210755106233185,-0.5377765558045478,6.212222637824875,1
0.46333752262423933,0.7199019956407926,-1.9538491040291033,1.0169446644768354,-0.008076536478369603,0.8100481260869339,-0.30805586950808705,3.4213538868382005,2.201667058428426,0.9182308804777409,3.3202936488448573,-0.025069718318707856,0.629826329905162,-0.6189081246215511,1.3576142591373066,0
-7.574802757001525,6.271130206675728,2.197630862205747,-0.7456988780147884,-1.0824410437804357,3.0290188771367674,1.34787470036619,-1.8224397945816762,-8.830409887516437,-0.6642809744743209,-1.7391541175921579,-2.3941744424706046,-1.5233355446002221,-1.208351949495599,-0.2098253723194614,0
-0.9921210308658787,4.466262186125286,0.040589586213990225,-1.0643112168046502,0.7836491298705383,-0.5551917137978957,-0.3618879969391602,-2.5994423534482554,-1.5915664625929635,-1.2644552589258438,2.7011934841490453,-2.680525215807478,-0.2564450386197088,0.46461996034513564,-0.43008286197092405,1
-4.239301578648815,7.383442509162101,0.5085563193009692,1.8490007481935429,0.1228323195963367,-3.5693575906053896,-4.622148305317987,-2.084227173870204,-3.6298329974323695,-0.3160629716374493,-0.1476724593386478,-3.465709082835456,4.017803821796026,-1.375940323415281,0.3267760672616331,1
0.797864978934407,-7.690217723988681,1.8494128075591623,0.17173950808123406,-0.9830329867197537,-5.077234020931778,0.666408237639353,0.7713515036910099,4.710296103212783,0.735468509281689,-0.8291739828206999,-2.1454816886893973,-2.537874904964948,-1.0634418662617564,-0.7125153012391312,0
-4.725960882652773,-0.1763804988753674,1.1563891675330777,1.3074314522740729,0.5866248826168217,-3.0261135434671873,1.5150645740902746,-0.37430094626977795,-0.9149690209701479,-0.04981833090600245,0.8986020655931313,-0.8321245271151698,-2.53274027037904,0.4454791746875265,-2.0594760882485135,0
-3.9335024155698117,-1.3067296430103301,0.9251097527473109,2.1116441394328653,0.2577297412110527,-0.6491056315027606,1.7588440776094867,0.9072914466093764,-1.5156407295263108,-0.0027083268483496454,-0.7950594762561015,-0.6491371862044624,0.030897251526463165,0.8452710294458669,-1.6896659631097934,0
0.8820860648185946,2.5819150712922205,-3.2624834066224278,0.9603252133787106,0.3793253640306142,-4.411604105493839,-0.05828405503134393,-1.5793454592815594,0.6441076825195006,1.7238848764227657,1.3654392418007988,1.5274507167598967,1.5651819627759531,-0.277997121745195,1.6254025814370483,0
-1.000658523680362,3.7959319834719634,0.3481443702853273,1.0901655465740419,0.404962197591166,0.7140655806608049,-2.6644132932580997,3.1689242676411675,-1.3436657422548586,0.008781547145461293,1.3224248864168988,2.436436331166357,1.2569880034988015,1.4602877611748,3.07208820965078,0
2.5672396547627176,-0.3542941284219394,-0.588512814528527,-3.2873106510646766,0.5269285310410652,-0.6280490240673213,0.7452221499459901,-3.6310851073212476,-3.045278855453821,-1.1712682101586152,-5.080554100367753,-0.396074494797529,2.5585159635841084,0.10080885425937298,1.780786885173557,1
-3.1885024504630985,10.321619272678848,-0.14386674525152876,0.6149396425898115,-0.9058287628170728,-2.4583890944066873,-4.0580835754343845,-3.2641985149713912,-3.2904741833423268,-1.7732385782624127,3.6106035166946273,-0.6254545360467451,2.107487743192161,1.499287758475687,-0.8835395243947025,1
-3.7047474124771336,7.56238389983016,-0.7994511087154588,1.5882888226492506,-0.33435182631395055,-2.408733090499344,-1.9532389635842458,-2.61205581779703,-2.871442073314136,-0.10073426293003278,2.286469076907592,-4.538380850569041,-0.3154476554285113,-0.1344626555203447,2.143526535868727,1
-1.0839897329405537,-2.981140995189903,3.7332897556669358,1.1981821051825434,0.22286399621029307,-2.7668233731936627,-0.28477024342716506,-1.3580918607347794,0.2761633181539042,-0.5726961510583128,-1.1757551868424183,-4.238124179397225,-1.4867670308065977,0.5159062303140283,0.08990253192959008,0
-0.566057065228495,-2.579706704887013,2.388362308040258,2.863491452420976,-0.10300787576864179,-1.5751170405632944,-1.134756221344475,-1.4005194164896322,3.2627464483421145,-0.7091912725137224,1.1298253529805757,-3.649047166891359,-2.2206975156911275,-0.5666656054089627,-2.746980961137255,1
-3.6033274878476194,4.32246585410236,2.739785065243759,2.284704935481551,0.7301571640314422,-1.869856559254071,-2.518720759262491,-1.278565071067505,-1.5409036209309153,-0.4565800544885821,2.4845690554841027,-0.502138848755772,-0.1843152690264629,0.80954575950078,-1.9515450932986564,1
0.5379991090855447,4.702720503546611,1.5450059399762164,-0.13867001829983328,0.4767725530026038,4.215704146642229,-0.5545665900404235,-4.166368844114695,-4.54205036012843,-0.8082454929880238,-1.022383138686514,-3.303981941169286,1.2674273652594652,-0.974835576528597,0.9306781318893841,1
-4.353489023552699,5.256178200025027,-0.31645905549748354,5.489834043952127,1.3365551717522342,-1.9524694810435623,-0.8450251061502606,-0.05595438005286657,-1.002414208313164,-0.6882282616389296,3.759075723604037,-0.4985607078798848,-1.2757174902988204,0.5321285715752346,1.0362607545185645,1
2.7137327911357447,1.7907279558490619,1.9576266095083334,-1.8687333442096377,-1.0580617172905176,1.778908323038585,0.6168040964236735,-3.661202103373811,-2.9971475861687242,1.9536567479767233,-0.8029329976450862,-0.4036902736906747,0.0014835503943817496,-0.5439397669715936,1.9479353116689717,1
-2.0439595403520756,-2.670604467211933,4.680384503156182,-0.22085350677246507,-0.18445447065456805,-3.338605372086526,-2.0499812677072575,0.4733406708554355,0.8614551487530884,1.5960892921942411,-0.855880413833356,-1.8281684538106848,-3.6111944297455083,0.6778400977178844,0.11940316321190791,0
-3.2172862744812676,4.933366589569215,1.4494926768361878,2.958031388131527,1.1010743868931026,-4.9246069202893,-2.3526966179013638,-4.136152428434437,-3.413734802163684,-1.1689245018219347,-0.3764092643449921,-1.35894183554203,4.385108286119813,2.587830497760499,-1.7965451397627188,1
-0.14523168713020707,1.0580459326746194,-3.775963624070486,-1.435208425191047,0.206708916010856,-1.4605430662615209,-1.807011200849742,3.484504661010088,1.6349261525185685,0.6769012376943577,0.28866759284063903,0.9067416922310572,2.5667739366974196,-0.28466455043527067,1.0739905725004089,0
-1.226455023693995,-1.6825360518976205,5.038959119312915,-2.1120604411600183,-0.18166956961689104,1.7251808135989912,1.5813581938177,4.122775881880686,-1.0203373660304162,-0.9874504687235515,4.218782072356011,1.2159070726762353,0.09404430475344516,-1.3869704479307934,-1.7058580621531039,1
-1.0428859992534543,-3.6111517740453514,4.423014001084609,1.0769133456696272,-1.611698441937195,1.7068508644855362,-1.4920065294122908,1.4176948815603805,0.9236794757689436,1.5997042010481028,-1.5356504922151493,-2.4596030627248644,-2.439434574290331,-0.3364355776120064,-0.7379056510392449,0
0.3694659712108599,-5.546368144459579,4.3687424732958995,-1.0728041426454484,-0.9227485635643696,-2.055453819001129,-1.6340074793958674,1.719180652181424,2.229273502575306,0.6385165792483638,-1.604420122915788,-3.5198315429667537,-1.3630650315055408,-0.0023073453984748184,0.4120990969063312,0
-2.492492320888909,-0.0738803438688932,-0.09963165443096678,0.8025481393849608,0.6528803714722882,0.2958091685889497,3.2301625102459806,-0.6181880429904894,-3.354986405057597,1.932963175468534,-0.8621106047952753,-2.1516404078046394,2.6552563819706387,-0.2899988843469592,-0.9308294844424265,0
-2.9190667083458615,-2.097739683459313,4.876140411518223,-0.19026627688821085,-0.977284832042969,1.5075019833985697,-0.1605135963868809,1.8714899927952213,-2.929413985388808,-0.292375353093686,-2.37219247911825,-2.1276011204484413,-0.15614363480483728,-1.4483559179583039,0.11684256215029176,0
-0.43846363503536767,-1.4935953142868041,2.826612459238355,0.9180861427275935,-0.7736509118677243,0.2428493916875869,2.235605639306057,-2.163616656762284,-3.9941269800376515,0.5013366271808629,-3.2615922177515144,-2.473713995145066,1.356112190398785,-1.148848268166677,1.7668668449465297,1
-2.387756880868733,-9.48656453835542,-2.1992688367293214,6.756384987247352,0.4833206786258894,-4.928131684141657,3.392547833030248,2.3285358836392835,6.442411525215336,-0.7680703554643681,-1.7381018935544157,2.8555975015021664,-4.447480343923557,0.6957197008450764,-2.7155788078009153,0
0.24231059532735455,-5.505636849886416,4.025191574145001,0.6422732564673603,-0.7149058470495814,-2.453288810303602,0.011759156722429775,-1.9093629927105167,2.1326362815439026,-0.5749088287057034,-1.4489644661574168,-6.315838261903256,-2.1584681297483455,-0.20367863457235547,-0.9598697360961846,0
0.03906848912242533,0.9182839674909732,0.6500082508113111,-0.28489068487208047,0.002823199533097012,2.652057459450732,2.074865046569698,-2.5566077904770603,-4.7753639532487755,1.5028270852495802,-3.6168099685682367,-1.8246511098203182,0.6871252755366015,0.5782785192762222,2.636020520739274,1
0.060201624371138074,-11.083084540020502,-1.0492584594891077,3.0092051777405056,-0.3387430117714108,-1.1882216887977852,4.490876393130645,1.5628249811172368,6.928849700918616,0.043814192831760926,-0.3697949361850925,-2.8495994640284033,-2.8943753588799943,0.6982655364920956,-4.979773035261873,0
-2.1198117413491184,2.4546980284966056,2.3238492895397522,0.6826630731541208,-1.0023876446164846,0.4481849798560673,-2.1997096773943974,2.014757916546288,-0.29635394111493046,-0.8656465445783166,3.1997249543857054,-0.8225341910498581,0.9225155894811226,-0.30150933970012783,-1.2551093706165177,1
0.7364956430369294,-0.8888959196374283,2.0372026759789734,-0.5613104692452983,-0.9052561597764432,2.1192281325930824,2.0535884696009425,-0.47089582048654965,-2.0955000586041406,0.8340275687263308,-0.016864874503823346,-1.5597044435927383,0.9566866864541935,1.0054953203063783,0.5518658230962613,1
-3.5160198918267804,2.7172539673693334,-3.0788541786033754,1.5400044812869071,1.1900045731143436,-3.7527087148635756,0.44024369689283804,-0.20836931406405612,0.6309628848038011,-0.1072939434338799,2.566238068244524,-1.9842175035419785,-0.6285857010867564,1.591308811184674,-0.5748478004531608,0
-0.2538175081772427,1.6818095756241278,1.1354211838501975,1.1639590323181621,0.25372450310419264,2.1368642371094984,0.4045024963653592,-2.07700341579773,-3.217728351477729,0.41385919967778556,-1.7871330700563794,-2.353731482453552,0.6470779508958431,-2.4587419232715506,1.8128864006451737,1
-3.390506878970662,-7.671972824103128,1.6346132741460078,2.242422592234628,0.34752549402671107,-1.629080944668023,3.1151552753446605,2.5249529728041766,2.1892941913138846,0.6031960730586848,-1.5902798093186865,-1.1660343068933738,-2.762458926679782,0.5198829317679478,-2.9747078107927507,0
-2.584149681462506,6.006431989117141,-2.7625407953261734,3.109548822458937,1.1379766126058337,0.18101753144540011,-2.304110955726693,-0.9694346431473855,0.3422273364312251,0.8323098862541146,2.9486817763426547,-2.58256049055407,0.028096471158289393,1.1233025311138565,-0.630984671404353,1
2.398421490369018,-3.570021088512391,2.941229364099849,-1.4160059350460255,-1.0046892788749149,2.5111634165590715,3.746817375396186,0.037612900842242336,-1.765637284604169,-1.1659200029569607,0.3172252511855953,-1.6487923278471903,3.0210507435883565,0.6466143019889341,-0.4222636949688101,1
0.13126919576044882,1.6928591834206625,1.8499900010085435,1.0858045280307451,0.7934296597024786,-1.5350405030436083,-1.012183699180373,-1.493776696695301,0.25212794090692175,1.7600825975384784,2.743090679539506,-1.1684220257733542,0.607448017580011,1.1630233029570363,-0.8938808313146688,1
1.5465013162974963,-1.2691498040673233,2.79285295305504,-1.1752208793086099,2.3104592747303716,-1.404466372354323,2.07513898120349,-1.9469099577027484,-0.4161443564638771,-0.5908353099238673,2.364354728384847,-2.457312040747647,0.23371988139527744,-1.1401611393658972,-0.18218294401225532,0
-1.3458082752583047,3.262668744914278,-1.43725491454412,1.5579060792886124,0.7646791754352351,-1.2447767326916104,-3.3288396795628126,4.132344132324178,0.2815930282066732,-0.3746623090721766,1.4211621005840551,3.9558438407462466,3.4626383433750627,0.36668677385507503,1.0377981446860778,0
-4.960969688102631,4.9020046930386165,-1.77440169896289,1.8174944607807457,-1.0629703969781317,-1.6385599420289805,-2.097636667125526,1.6957261377885104,-2.935177373992492,-0.18175581078019307,-0.5614078790340846,2.3835398934723098,3.729675592561479,-0.2758739558165403,-1.0870732355256831,0
1.4912496556461907,-3.0509055963971985,4.653764371057054,-1.550304114077939,0.8734248199473259,-0.18994601013541246,5.719133778393598,-1.2442414649949665,-4.901526002144603,0.5053546309917457,-0.0537486396963025,-0.7132698000549829,2.711132480014938,-1.3687545355960296,2.0317160477867064,1
-0.29747962646832793,-3.8727207035995415,-1.1697060763652862,1.9576127502345197,-0.8610231064882589,-1.6205997164425314,0.5157250403262523,1.8689569404166282,3.0951601333203205,-1.8640648250557121,-0.2620076717087676,-0.5695384848883386,1.1674618534951113,-1.5358646708655104,-1.834388513124523,0
1.0402669667497393,-3.9213102356042637,5.552630959162802,-3.3278026806795618,0.21150426233818476,-1.666990043685523,1.9666321185158644,-0.24086308708508475,-0.8065062211899915,-0.723069845015931,1.5818966122079736,-0.7772051553032828,1.6919742908054418,-0.861828851436456,-2.7631833794127774,1
-4.701353646741445,8.936500449544472,-0.5729699816544307,3.4559021142045516,-0.22342347274165192,-3.793775619009765,-6.576121930008661,-3.0611654648901987,-2.4981782238366623,0.2693172378464116,-0.07424728179025153,-2.2242738468445866,4.92334244711784,0.2535929416908065,-2.3629297494716943,1
0.4179542234114042,5.492897436439591,-0.15402334661852968,-3.5684934123493353,-0.9460277459896131,2.664979227963914,-0.9868272704761964,-2.3427927410246037,-4.9498010842900495,-0.610458265727776,-0.8633828532048338,-3.32436394839321,4.0808021643282615,0.15856669546860983,1.2569291629612651,1
3.190855966495353,1.3954357717135255,0.02146506106547874,-4.816884036519273,-1.1271325836818435,4.723476820206415,0.6789684289231016,0.13969617243416987,-2.662679627844822,-1.0403801508439108,-0.07377533809003634,-1.8635430050044024,4.303376829549185,-1.3545996610726423,0.778290314714311,1
-0.4044952977790699,-5.621851962169811,1.401772831028283,1.5212718179245033,-0.7361970843826743,-0.3024359602689928,0.8360208900927673,1.8504578377424818,2.901864872782958,1.1619011299565059,-0.605060398396159,-1.6943772754386113,-0.6195244340534325,0.9910470469274518,-2.251537699536466,0
-1.9344956651235008,-4.283778389212963,2.0228331861959674,1.6532565740088117,-0.857134710434541,-1.5260599314384506,2.6117892410498538,-1.0073423254581249,-0.041342127909916024,0.27127303010929316,-1.47076981936912,-3.5837151514190095,-1.7274468048620326,-0.19518167291457722,-1.083750409429416,0
-4.461349533600838,-0.15842374788419075,2.3787723731832555,2.181182980964622,0.8331303283983444,-0.2211140051078473,0.5107763198132973,-1.252480882135938,-2.2328157580043353,0.14091087838694719,-1.9973543319957503,-1.9177350685870542,-3.624644006387539,-0.33779626305732835,-0.5762458714219189,0
-2.13112933244755,1.2515114124607327,6.078957500057342,2.529239915084502,0.5821669967373478,2.0602466783456466,3.905696704696308,-3.258173104686873,-6.948409325636815,-0.9783929401273533,0.40231122982928924,-4.0803781832933925,1.002550628081581,-0.12523471471530392,1.3844187437923008,1
-0.5995811839472445,-1.7156355339737184,3.1830530031905635,0.10226866656739952,0.2946983608256279,-1.3203176806087242,-1.2599071703853044,-0.059017840967972246,0.5059642989603612,-0.5254429914341896,0.11974029049149326,-4.4764473138084035,0.5714873172399509,-0.568469501374419,-0.6553207574819024,1
-0.23762812757385832,0.7211504903325406,-4.719979565358166,-1.062368407425939,0.6959699432813283,-3.2838656188817934,0.2621190179045534,0.813373074542152,2.967636299920163,-1.048646146094058,2.327252852662814,-2.3039672343818887,0.012604273917722786,0.3529283432901299,0.35200454450489027,0
1.0530392220792701,-5.261534001589018,5.518141483188018,-2.223250906878045,-2.3393673198131673,-4.140134691621686,1.9187847921400225,-0.9127213807530732,-0.38019554679449247,-0.07675901276272937,0.21850210816291793,-4.708029712752779,1.3721334271850656,1.32712855550037,0.01906436821262525,1
-2.244280167615562,6.407201799566204,3.1776843285639176,-1.5078953012001652,1.7728117241210901,-5.611885208650754,-0.8157188437435405,-3.7312380809386116,-6.1817614281299775,0.5777866306318398,1.48421042256888,-2.763518580098423,3.349560847607414,-0.5754934350928114,2.8150635919730727,1
-1.9860660148760165,1.398331835916482,-2.535585957331688,-0.8307721510759434,0.6906175221456182,-1.926554789595468,0.134693973506127,-0.7080740835390928,-0.8662838922662105,0.25356822813784585,-1.104822498903903,-0.12881139079821646,1.6034850450680336,1.0895044595630559,-1.5528271707609353,0
-4.237041411664562,6.401292068688537,-2.307027298660779,2.5843739004436035,-1.5586998053939083,1.2952765757921476,-3.158144770225815,4.501336183650052,-2.764482406278637,0.8194212072052708,0.708324305518586,3.0896047823647335,4.238277467306585,-0.488137724058426,1.2678287563714172,0
-1.7229566786339938,3.288781605059672,0.25023369034182275,3.090597840699332,0.33555585463959803,-2.477437497262417,-1.3024435414399314,0.6381534604100129,0.043636137562193526,1.9440482938018984,3.1434271360979196,0.7218887998504112,-0.5324247907096105,-2.191985298524414,1.7699169520417737,0
1.5431213787465001,4.514753448105233,1.8816448216838852,-1.6592152489809673,0.3527496086255131,2.521784076034736,1.906788077782542,-5.592531475571875,-7.434761967509551,-1.0168945142376011,-2.687342501422133,-0.9917835214294445,1.108597193127291,-0.18760914464427997,4.128550841402348,1
1.0478554239609479,2.948468476377835,-1.7472749853438485,-1.455852123418779,-0.6062040770452595,-0.3173354032027156,-3.3079893139909466,2.7308046300836732,-2.738486712587559,0.07239959942445533,-3.4760968175296743,6.40923131486441,7.123205216347058,-1.782875016271333,2.0761558759733636,0
2.308541677043041,5.092838207145066,-1.372179120663929,-0.5388600861224,0.11349434622574224,3.4861706994699873,-1.0988874580724568,-4.887893109145871,-2.776723888073748,-0.8691292424979301,-1.7721831320054529,-0.5939720470573916,-0.2371708825729475,-0.5568147576570665,1.8821037555031532,1
0.4907209167025659,8.818061673184369,1.517152533585995,0.18420099360607778,1.5703918403378156,3.2100705695811502,-0.6472698766730458,-5.021937863007478,-6.091055819605737,1.229781526972715,1.8502954602635233,-1.6211838682359245,1.4639689568412386,0.11122091548342763,2.5103373218704617,1
-0.1584592420900428,-3.4396845352931167,3.0605972504137173,1.3603216502755575,0.9308201250373191,-1.5913160199380352,1.0415127453181934,-0.835199855335616,0.9360034618219456,2.4393342787192664,0.4213897608006125,-3.002204780842901,-0.4691951615284544,1.2614608039888047,-1.2524211564798529,1
-0.7955116505456234,1.5684853555716423,2.1591936442939224,1.4211354270261503,-0.10816524653459693,-0.09821082073440301,-1.6415556773208224,0.46084662845594804,-0.37002324402146014,0.8650344806320929,2.167807846729808,0.925592237561228,3.3400537356268583,-1.844216703867239,-2.954288140816141,1
-0.5338379244281112,-6.797032496905951,2.977766492199899,2.6231333445323575,-0.15254494763711807,-1.5953486178276597,0.5284352395675667,0.13468398185251873,4.166508248046489,-0.4381149273049169,-0.5476139709004,-3.5767951867189987,-4.135047125747661,1.3841000308901037,-1.996993145767224,0
-2.741190446359475,-11.808407692789954,-0.1448247243829328,0.7467268934224104,0.15571731953044088,-3.115060935297622,4.612546289026133,5.5574180530874235,6.566299637727795,-1.3294935721929189,0.42390176028479165,2.1414822267070064,-4.336223946600807,0.9843624695820279,-5.711499676676097,0
-0.5533659404019479,2.065734239181163,-0.026051619610593324,1.3580044141691379,0.2972916277054057,3.488475166089228,-1.6237896160813692,1.3057037617905305,2.4954210333392317,-0.4170221825783604,4.346952765134146,-0.24387500423647124,-1.5714290218420173,0.23471773284215555,-3.1579578900019136,1
-3.786300556704295,-7.227980968616292,1.6661102646347377,-0.009165925625091553,1.3627408269989625,0.2942109631885004,3.6813828414321317,4.82982554044378,0.6555516580223124,0.9207545652572385,-1.065811705006319,-0.5334645778208374,-0.002671560144799301,1.245821554963504,-3.72509160625051,0
1.132081086135778,2.5999469395826127,-3.4042722650626196,0.1009668393934604,1.215774756407974,-3.2981517690601523,0.6041018157164113,-1.969170359907987,0.8862884983673216,-0.5772558209917463,2.1776029172693523,-0.6642516335940116,0.28595812872153337,0.1816001391292812,1.814410661172184,0
-2.8269596608964784,8.16125228447155,-1.2021943008662457,3.456560908568586,0.6073125806682945,-1.5606527293454588,-4.155581206516175,-3.214552635433903,-1.8297367889174867,0.5303786918377881,1.4255889195561329,-1.966159949909728,2.0645138991634657,-1.5475310254889354,-0.5532326981627558,1
-0.28303682414152576,-9.768284938890103,1.0920469207586803,0.7777963699287526,-0.5009912697304171,-2.207936297628411,1.9097116534847625,4.175163007096221,6.056276846247615,0.6882409508253399,0.24720401162143468,-0.766816171833111,-1.8132015971323001,0.12876373634843294,-3.690594045268096,0
-2.672323997319267,-5.725201485153829,-1.4453295620118887,1.5084742530449649,-0.37920952992655815,-0.920225592801747,2.202362869589003,4.302258547724241,4.159339222130069,-0.857894757342974,0.7556651199201934,2.043219458360955,-2.2573546212469373,-0.16783543238043075,-4.034172930399352,0
-1.7562665597234977,0.7560558402978217,0.9828000807876767,1.4375510153575641,0.19337875134129315,-1.9513024392349676,-0.053634626939921715,-1.1342062309881125,-1.2575070502105048,-0.5147625279182043,0.022754030808857628,-4.203064701861528,1.150174638055717,-0.10854333152259746,0.6414985031146956,1
-0.6819917536851876,3.022516193227658,2.330837579950422,2.800033540738653,-1.2817841951146103,0.1896942334617251,-1.189164068837981,-2.591947799817918,-1.017653602796289,-0.38676278873165104,1.6821470499057827,-1.5163516105420833,-1.9396997545116932,0.060547820364210025,0.7504187313857543,1
-4.220742441330669,5.539028973714593,3.143004138802974,-1.3899875567603228,-0.6798479346534511,-1.3091838253184178,-4.515030244024727,2.08386229856299,-2.698706434503291,0.19499029209949587,2.666783395511978,0.022793945638136304,3.5938532870471667,0.5128195636582255,-2.473386263651187,1
0.7553091446544987,-0.11232429405478912,2.645015881592695,-1.9002157067141532,-0.27594577609330595,2.78904203034847,1.589226202693215,-0.9698813778960675,-4.321511584095839,-0.43213811356877607,-1.760646868306444,-3.693886043685653,3.557954375342625,0.4590339049067038,1.2630872056978157,1
1.1079632130572548,-1.8241661441655308,1.5321137050154179,-1.4652607850174917,1.8644136638599977,-2.3539458584837827,-1.361018388056445,1.3445436156238373,0.36821940466416064,-0.6689944324397042,-1.234906947981873,0.18553133892722795,1.2829650167016047,-0.9288824584101658,1.8159114734623698,0
-1.7515073442726141,-6.125501839781118,0.5321801012781853,2.406555500993722,-1.190709431945161,-2.5859414535537817,2.4420670089611107,0.19922688276815603,2.2916176224740337,-2.8087245923576636,-1.79269101599851,-2.3943712782419357,-2.22745690150119,0.13438744187948082,-1.6000188669399378,0
-5.883238540559279,7.856425479351221,0.25427482587638806,3.7063471331275144,1.1019178306413826,-4.547189496873641,-3.9437146969195247,0.3059671170571132,-4.1509018227639425,1.8082240091491482,0.4693811846764595,3.599541058430073,2.7892440869232775,0.5151119544317794,0.8416663726184944,0
0.37110241256716425,-4.109557895025941,3.8517025451883264,1.6639964725370273,2.022866118366792,-2.7238192036187163,2.670918593264818,-0.6643584121159775,-1.124746616571898,-0.41279384435229194,-0.8612115238882787,-0.5580148647250082,-0.15016297669373824,0.2685359302445748,1.8208855402247912,1
1.8337122467694706,-3.866761923953046,1.997894045671458,-1.3908203678655175,-0.2804382811661415,1.509895173553599,5.5683875510031955,-0.15059785759864752,-3.5382070910186596,-0.9271429855355432,-1.5791843874382663,0.04434935972838683,2.2705973688172074,0.7892224990604728,1.9147789893703846,1
-4.23042964391043,6.753149684209936,-2.5329349878513225,3.270680424781353,0.6731698148202521,-1.167671121586179,-3.2265216454718093,3.533319631340234,-1.927357450479077,1.2077764917755949,1.5524917692621691,2.3106893204493666,2.278277095119245,0.5513676992826408,2.871080344311107,0
1.8627405114074835,6.253509737573721,0.38050052371487797,-2.9177933844075534,0.565255056257987,3.583632055154835,0.16347971163851405,-4.388127184647202,-5.951066070061271,-0.35210499414442864,-0.7291033301893018,-1.7602329832083634,2.5611310365045785,-1.3762212204043263,2.5614055863591627,1
-1.4242092334452432,1.0047936559246087,-1.002877441514177,3.156948397582754,-1.4885446390319514,1.6451526364023579,2.26020166619129,0.8701115477783926,2.0316655958751686,-0.6306923256775757,5.577483329377441,-1.7998522640407835,-3.516077278135458,-0.6074092476761354,-0.6155118444169485,0
2.2604307699897768,-1.3779001042685706,2.664050411671763,-1.454862289816516,0.17676369997220687,-1.6623788554553105,1.1260666326037043,-2.906222233080998,0.3090200074953554,-1.9259679459071828,1.7642866254697835,-2.8480961277182093,0.4143185582744695,-0.2799105731704815,-0.9350367514544982,1
2.3948296035007672,0.5269158894157034,1.4735849452396954,-4.643106145433631,-0.9467840637461963,1.093965233226963,-0.10820616371313929,-1.321912207884715,-1.8816082254924509,-1.4633936285052291,-0.2876585671093388,-2.606193622598619,2.8012827203934227,1.8121405873077656,0.18369227050171877,1
-0.5100826770049874,1.475857644927007,1.4168180903944787,0.7451388309497494,-1.3186559092178678,-1.3942346702666346,-1.307881138188708,0.5721440956391398,-1.0143390512352604,0.5322377368515171,0.5249470999346775,1.1446343284770912,0.9889264303855831,-0.1938551562972839,1.308396178155352,0
-0.2820096811089232,4.257731999496343,-2.4365711572922226,1.4868066462202219,0.06178182319352129,-2.2632221016628637,-2.555424433808777,1.9762158222322288,-0.04561276142620714,0.06024203134370657,1.6081380450531633,1.7649879512688265,2.79302524022914,0.12991167267204817,3.2011950219225107,0
1.2326926948075512,5.041263703712467,-1.1395167063280165,-1.8179712618107922,0.6611809905927187,3.9554530487595874,-2.1272666057315104,-1.922383084847498,-1.9395582610417543,-0.27133916522600965,-0.0675440904060296,-2.3182112407201543,1.1377547671720845,0.6675360947941315,0.9212155047413676,1
-2.3045541413917205,0.7251737440720321,-0.9979678099905276,0.7563813732370763,-0.45183672820352067,-3.750255946370225,-0.017400605444421346,0.26325298970552535,1.3793911732232522,-1.6482497187130287,2.137423224336222,-3.4189582586876277,-2.635613006196845,2.2715744589045603,1.4725523263418725,0
3.2973944766714496,-1.9948782600310124,-1.1430864886960328,-4.764451315950797,0.41069531377752816,2.4999848631632413,-1.3673300468842084,2.227097303930844,2.0713256978274837,-0.49260287110232015,-0.9694460129823045,-1.8684390775522752,0.9644733376814225,-1.1872204097428893,0.8122635794264236,1
2.260837392464884,-1.8591340856858105,0.34253706777745774,-0.9403799788092064,-0.22548667060211924,1.6987960893504865,0.46407576659575,0.8470486036335534,-0.04381941515480191,0.11543590740131227,-1.6691917123385829,-0.10739120695117044,-0.7194402980805394,-0.6095744397731283,3.145155068369598,1
-4.408102726630984,3.3740831840955834,1.6832634276114748,3.826284231412656,0.5510969833098386,-6.249194488352029,-1.6884314691009163,-1.6226277929965476,-1.2624755348700987,-0.44623336678444686,1.2659802909595756,-0.8830912636720614,-2.3996246277405224,0.5966056135920548,1.9238634197629243,0
-1.7671207646766485,3.8413855393032827,-4.419577873834808,2.2431715630639846,-0.6800656312549874,-1.501275360247579,-1.7203403617278576,3.43983880491414,1.9049530860051642,0.6262055616322454,3.528182523366626,1.3624222178200136,2.062859659262326,1.332645518695934,0.6552437695278064,0
4.577890268032599,1.1854909353738874,-0.6975789212224357,-4.88905264056212,0.07453400022224349,1.515531036422064,1.4416274640500568,-3.2919596105312956,-2.43556281636062,-1.4239803338209671,-1.2382426754264408,0.8794633541835748,2.593873184078007,0.21503581213723,1.0976774927495812,1
-3.5538538050306654,-10.85904612436173,2.322517538145257,-1.391158390012773,-0.1431663336355322,-3.0202834588082963,3.3711176568460695,5.6730790939399665,4.106102591559719,-0.6840434450400951,-0.7203284607594292,-0.12672567445095706,-3.620161465575501,-1.0444361968077795,-4.312391030171003,0
0.9337212386044046,1.981734154992674,-0.24675967766382345,2.313250292080433,-2.1009812104995986,3.1216665198000273,1.0222857873649882,-1.5175609010706177,-0.947715940696573,0.0863330187871626,0.7624000902048591,0.6290287533664776,-2.358551972596294,-1.462717335427299,2.065118095814463,1
0.5349601486921173,2.075127565988415,-1.1123209185881855,-1.6480866485669958,0.12159153957401245,1.5049879148310277,0.8163679456886515,-2.030047692345632,-3.5454308310644427,-0.8324014767600587,-2.510913595455447,-1.283274659272202,2.6938095285926726,-1.5194118908743064,1.3254627927798608,1
-1.488970145438395,1.529137558196174,-0.3545842989537289,0.8242809706855764,-0.037281218019590376,-1.8232560110626874,0.7208920713887861,-0.9854596787621586,0.4128062029817695,0.4619980237030926,2.4870250712199122,-1.754834547891452,-3.1015646335857383,-2.348001134404344,0.8329500690124312,0
1.356136931646486,-0.9442484548561304,0.32068443552707504,1.9488938438058336,-0.25361847894695383,-0.13990471306184227,1.5793748359501705,-3.395693168150793,2.1205227207509827,-1.8660176735444909,2.238143825227804,-1.3740631464638728,-2.440015356648465,-0.5669879138426778,-2.2434515654739737,1
-0.5699205244021831,-4.486800497692475,0.2614379175815611,0.7339149651173189,0.5323720112967234,-2.888614728666534,3.317836591423338,-1.5095411104589003,1.5276967835727586,0.4505983312791324,-0.0016198061110208606,-2.6999182028721336,-0.9774448686016507,0.3209357543208677,-2.219257203195929,0
-1.7604063185991599,3.066475314279642,-0.05556558438335113,0.49307900103892455,0.574722941075262,-0.0801045703407608,-2.6183129478587004,3.580605520675788,-0.5940226783927683,-1.2338365862541953,1.3339896143203323,3.14737862608525,0.8878759588456149,-0.39791257361803495,1.4706584434152923,0
-1.857217731549296,1.6942716057378697,-1.372603546718428,0.9875860780857738,0.9779650129999213,-2.442578961263847,-2.1838612906109107,2.509603683060528,0.10276889480017025,0.6017806032986677,0.06163052823411519,1.303614450310418,2.8068659956530513,-0.08524292913945923,0.4900653521097533,0
-0.34280504415301993,1.18603263696437,0.9853256295437189,-0.938144000740289,0.305402681893426,-0.34656664576115226,-1.5743288425276327,1.3843795659980611,-1.751370701541284,-1.6095021238917289,-1.2038647852689373,3.0332770132980276,1.8700129319647616,-1.941418066886643,0.8833941803342363,0
-1.1395951040936758,-4.188914663706173,1.2213693394811522,0.5855953264616837,-0.278464713718385,-2.8699507724221367,1.1557055953669364,0.9046067204488997,1.034686304210786,-1.9675370853691225,-1.0581112608585785,-2.1621726229951252,0.13450064832823871,0.42323480251812673,-0.5421677996506862,0
-4.179119334862856,-3.3331233054104006,2.0513238652181185,-0.23700438396421042,-0.22113279161642146,-0.13726284560666957,0.8831195293817228,2.91021742683592,-1.9119312695842,-1.1935915640340178,-3.543402588983055,0.07713570234060363,-1.0503145159683553,0.6078803331197599,-0.4654195728270114,0
3.2939048384856395,-7.392558374921056,3.643643719703142,0.6541737967242645,-0.9434861788144033,-0.4069875068677009,3.9980190302980247,-1.6464934310985353,2.9458022017775782,-0.7904287143494676,1.4389205448649218,-0.6483128003059365,-1.6062154922984693,1.0773368872783697,-2.928169784530284,1
-5.539380687511909,5.897364379535832,-2.7214691833073754,4.402935129781427,1.8628955531138476,-3.1633619136405002,-1.1816914885877334,1.1320599491805448,-0.7000462232387155,1.0075314024885402,3.384270969465003,-2.0686226731502626,-0.7559457920271866,0.302990856665729,1.8305109879597863,0
-1.468955189908504,2.2910109524031683,-0.8056129666261426,2.088142755267262,-1.3124963516250174,-1.0347487060645142,-2.7020239847559964,4.4135102614784305,1.6163997634854435,0.3601901843652216,2.893636498497598,0.14794644999365736,-0.27408607343635794,-1.1862222615110427,3.2531171623132833,0
1.2921954192387033,1.8407449916558847,1.2447129481151857,0.7493118126302063,1.1522333855646156,-2.5935610108466536,-1.178504684045318,-0.5708390963393475,-0.8562423950241008,0.126596945470189,0.7286681721895338,3.031321926607741,0.6796971395173291,-0.32170031193359855,2.7823028202504205,0
-2.364464414090313,6.570969041790427,0.4769504264193376,-0.46437245495206403,0.44240676382570304,-0.8325292111524292,-1.2297592447327723,-2.952290685638376,-2.0290040281904687,0.3275691768512657,3.707529129000726,-2.4548051389589918,-2.263397863644973,-0.16394982214928464,0.008591411668794846,1
1.165069551218211,-0.4411976656515685,1.4402046946227314,-2.1619529340392156,0.48700896780815517,-0.28757616881225645,-1.2524367773146103,-0.5890943314062446,0.22542703223062807,1.0258195333018967,0.052198671141175046,-2.517815986346352,2.0427792351139433,0.0925313917410772,-1.170325433177057,1
-3.7661540464206076,4.752261619002203,-2.277555904835735,1.7799911154955121,-0.025675260354486758,-4.24730489361178,-0.33037729635391844,-2.283592102189994,-1.4688997603522638,-1.4997148109085592,1.2369702789963601,0.8288496407244085,0.0160817596773688,-1.2779131065564704,-1.1028843456685777,0
2.670989572782817,1.80727230139588,-0.9962115127525211,-1.7798875751518533,-1.861819259521721,1.4006994672205295,0.7598238128214913,-1.5801141000392145,-0.738092224149336,0.684269955660775,1.193581613158618,0.6595566801044228,1.6723144552838392,1.1208186488307958,0.23801033964222817,1
1.8400996480521172,3.1231114978206893,1.2413244623168007,-1.87593862874142,-0.45066715282462405,1.389744285853134,0.012821966289930709,-2.053368357876507,-2.1087012372197376,-0.23592485108520672,1.8021021271479025,-0.6341831725538086,0.894567842143477,0.7598565050594597,1.0540253344048505,1
-1.975847918577962,5.413537625794086,-4.9780975180675915,0.14539458897886637,1.0311304346805235,-0.2227271536293307,-2.012626457818656,2.7657829643704215,-1.4592659814220996,0.4683579229637297,0.13868311486191032,2.2206566169111484,4.483495993371729,0.8759903825792899,1.357149375784399,0
-0.8507310522955758,-7.695514756838726,1.8825188402694923,1.3541538540736298,1.7893744490951577,-3.4963828466154165,2.4124175073052725,1.1657213355198874,2.109046496188147,0.3782589823179224,-2.6157808037510244,-0.9391718073204539,-2.175683445529101,-0.3989961442222967,-0.2040861897313928,0
-0.7629408865213305,-7.168435608321372,1.1199720412279193,1.8541151330241992,-0.21771304121749013,-4.68516650212101,0.5214293310403,0.5523913379074108,5.329252958442999,-0.6824687690171107,-0.33688237495374485,-2.439435028278604,-2.9667707313844653,-0.10465606477910164,-2.793070245968465,0
1.2986304547802416,-13.465541637031933,-4.047242775388354,2.4042380160506553,0.33760622247297195,-7.384203014710594,5.261133923289874,2.409610156262115,10.322035539974042,-0.5318436228112274,0.7479715785118652,-0.9134470195308048,-1.1456723473783876,-0.03430835657245901,-5.29261407912813,0
-2.790836686567147,3.907461520453975,-2.293520359832792,2.280601915120692,0.5864285016590159,0.12337770048988062,-0.8979215118097098,2.8589509805660596,-0.009012366326152243,-0.9946514299712064,3.038077229132689,0.19310527469572558,0.1440834131847193,0.3974339738557521,1.3893285263654724,0
-2.891756718830243,-2.5108065292569144,0.2544493330853972,1.074517416496295,0.2964675660492255,-0.17977577918932397,1.9230072449196849,0.22485452031588582,0.24162737692908315,-0.1455676497428844,-0.36780308263087846,-2.8591986018904945,-0.43451731908913405,0.6891895986981486,-3.087083078120191,0
-4.907710637462125,7.280906247866535,-0.9762151700504025,6.02071941416717,1.133942553639173,0.2679821757370935,-2.940527600125301,-1.7425182698414607,-1.5948839278133307,2.438399345170654,1.9388161364319267,1.0385141796282213,0.3901404672407338,-0.4809527296884268,-2.7360806629237997,1
-2.714061988120368,4.981711074840505,1.45981305191173,0.24225964264442257,-0.28983989267729987,-2.1683894248549516,-2.221835024527307,-1.133111936648906,-0.8667532104407747,0.24967502798778463,3.866692409183369,-2.071234993391836,-0.813066756634258,0.1832355990350907,-0.7669986228261928,1
-2.159612151717966,2.770813788815531,1.867961293008824,2.0224499607416186,1.352042368665138,0.042681971040313904,-3.4464467672153996,0.23603447693881763,0.5960993146411397,0.9676113661221987,2.179987218470911,-0.7371962644826616,0.5027062737679715,0.048155554219508956,-2.7760097323442023,1
1.0243881775906019,4.807259217799059,-0.34788489435684355,1.5087382855190756,2.5872491354044875,-1.7846354447943669,-3.0061386198207627,1.8958906152949926,-1.304436651954889,-0.5317059539953605,1.5473428000149567,3.5639986298729296,2.622456596778162,1.3318803042753538,5.38786541421191,1
-4.071797525714413,4.680694622109369,-1.4737907803558792,2.960419715183612,1.3567996854914792,-2.5232705508473714,-1.6540608227149467,1.1337438606716392,-1.1741371231305833,-0.9415829664674247,1.655870779914481,-0.18896443568322918,-0.07150348782620286,-0.07696453644043502,1.813359983624078,0
-3.1469182836184793,4.795640405347907,2.7645570412498035,-3.2853646344245,-1.323795444596859,-2.2468295587625273,-1.0831557574156099,0.0899610726541229,-3.977564181902205,0.9230969470625273,2.9170974221311843,-2.8643053120081285,1.6498570441624911,1.7057177613781362,0.5118339521681392,1
-3.140257142742456,8.898879666038141,-1.6587964458305837,5.670155279979153,-0.9816907161570776,-1.7532360265669835,-3.075098752255972,-6.137137861294302,-2.8749317695276697,-0.6056683817585125,0.38297146059603926,1.457015458557013,2.2658097494296,0.5261488251233458,-2.93138006469398,1
-1.9465946339361668,4.445688119423,2.434853066542517,-0.6913008867263954,-1.6029239131909896,0.9759503995395744,-0.9967337551907284,0.8920249146013908,-1.4668166320582072,-0.14134320547470453,4.947679952236816,1.7260697027623872,-1.1149277033969875,-0.30320108632854215,-1.2542051966124323,1
-1.0344846957495473,-4.770942826023716,-1.0380600743820168,1.3747309448716907,1.1104972790915768,-3.9098611207802296,1.9597617583597828,1.7334055129046941,2.519679032191168,-0.47995676908502455,-0.3978751480346514,0.25092325757823675,0.6742159852999454,-1.2696522661013012,-1.5095756874040744,0
-2.3005607292753822,4.355073399517134,0.09662233870811598,0.4551148686898332,0.05687195028576429,-0.7640651109834351,-2.2500325778806523,-0.4323060096918263,-1.0798469955847592,0.6352284787912039,2.0734106223462927,-1.793119435645764,1.9051613273590478,0.0017474602741839962,-1.4531629903781962,1
0.9135114739555119,-0.18981729401902647,2.055802495014194,-3.445773567859609,-0.5916473985157515,0.24639079655600482,0.28206187005177386,-0.5902339579257757,-3.6690573907429,-1.722554827880282,-2.7570714066501942,-3.039176516949393,2.630121994325166,-0.3330029719863096,2.8874219771861926,1
-0.2400089899169069,-14.118248209412652,0.8909255062805645,1.0718690658598844,0.46371387927544694,-4.971804706765122,2.921683953558194,3.829041458108258,8.642391689731012,-1.0511317357761678,-1.1781892929235405,-1.6962165843478916,-4.214332188946904,0.6711713590516084,-4.29999609285875,0
0.384751213397033,-7.595147891361993,1.8005422908633977,0.1440613492800169,0.5950088021082799,-0.08594529789908045,1.139529093180602,2.2076912568002247,4.346568505460439,-1.4903498074607975,-0.2278813848441812,-3.4127424407779516,-1.3901840920930333,1.1316785370012177,-2.9448539254808312,0
2.6106171633747906,-3.3559512340162105,2.0993042901680985,-2.6304446126460816,-1.2291949523785322,2.2269761077434933,2.5502586081845156,0.07362129931863337,-2.332607114474142,-2.147703239266853,-2.511074568715883,-1.5696979780146105,2.0339783240009015,-0.5379551750240974,2.10524139747356,1
0.7746088063930681,1.9251953245276001,1.1888854750671651,0.11187138070777447,0.24333956526416234,1.3239372636890692,-0.6408659730954058,0.68805431839521,-1.7774901597268962,0.17790625950620062,0.3553902750540756,1.6456537181513864,0.4170945919843829,-1.1429671986454508,2.7179584482257804,0
-1.6670423489496553,6.455010488052934,0.4932684886517762,4.291093255394257,0.5507426915325475,2.6288662438588686,-4.610437538141662,5.823763316833872,-2.643537158174479,1.5405666113413128,1.7636201605061896,5.130466187790131,4.7630377268055755,0.9626849170525694,4.259494111402124,0
0.6419746977617902,1.4615391398137851,2.889292775326666,-0.6080946541813759,1.614729303006885,0.5737641730716335,-1.8811423367271138,-1.2056374845486943,-2.2421609418458033,-0.8712089790330124,-1.278485980787254,-3.6517162203851976,0.2877498580093525,-0.6809668359129796,3.2969936354161025,1
-3.6832737649317586,6.277107417633665,-1.7757880560098729,3.986907080048864,0.7059574073074546,-0.8067057000620659,-0.8776161873824531,0.4292197607339525,-1.9888104667848885,-2.5169955522115175,2.8600395837969947,1.7732656001546023,0.6703126773865565,-0.6762999112347031,0.862481578773023,0
-0.3502522196701101,-2.953980001994685,0.857141073442585,1.4492477478807029,1.0068835786822459,-2.972744808213654,0.8974590286239627,-1.1576797081258654,2.4514222208564163,-0.9508453344590697,0.9269350215534686,-2.687070294886158,-1.7268899098447652,-1.0457172739623284,-1.4267359488016516,0
2.473967632942371,-16.469443449109825,-0.4689539629655348,3.267394471571384,-0.4307304649660178,-4.878032665932665,3.6788005727714936,4.243925234834931,10.91220434677947,1.058871846575562,-0.9743182052725456,-1.4407676942690613,-1.5799634243646343,0.5720776210049433,-4.3020888007245075,0
-0.6644330993745502,-6.271747416390772,2.022361693276979,3.76177083312055,1.1984823523838992,-2.1946739537006517,1.6239902835201223,-0.018678412067416827,1.9434095273112513,-0.25128086132474453,-2.54828705445222,-1.5610452643755282,-2.255391196917038,-0.29289083020299683,0.0962679281200034,0
0.0219912435214642,0.3249970206051388,0.5510531447781782,2.199445066070795,-1.1057802860597032,0.11995777889487558,-2.091698135028272,-1.88295112464241,3.134564603458885,-0.9614891990614646,2.0303598888148864,-1.2003785742992064,-0.8614276518200525,0.40851606498776816,-4.528468121229103,1
-0.5629557542007032,0.284876550541569,2.6680863443938083,0.9693659509630396,0.9386107696939839,-1.0459424288879773,-1.5958555867201294,-1.8436110126006784,1.2579475720586637,-0.4963631294960013,2.073481117962192,-0.9760647534768498,-0.05625960469407776,-0.8930685565049704,-4.162080998629016,1
-1.2694204573044348,-0.33718392630523747,2.2357246452377937,3.858149087301149,1.0048312570109361,-0.5376913369171791,-0.024527392476836107,0.5502787079383862,0.33180103681150636,1.2863008855219549,1.925736686940592,-0.25134654388216093,0.46024789546807465,0.24460917181047706,-0.8539984723258724,1
-2.6442983293172944,2.1892109069439374,2.288041839588983,-0.39263561124117996,-1.5234705093035474,-1.9181413534921679,-1.104996515436206,0.6036097187309771,-2.6778614449868585,-0.07131789051481921,0.021026110104030993,0.8702528311955113,-0.4038305960280988,0.4249025317863849,1.3918139130294787,0
0.38990685665122293,2.731881921722692,0.46919139446373004,1.6669032905466423,-1.2257917407817274,3.316899607198623,0.7517408270939328,-1.2298666486263579,-2.31882730666045,1.403619668528335,0.5750731143524579,-0.07112826771921044,-0.7843891313697782,1.7199845303294035,2.11941764036602,1
0.1478178324692212,-0.29011643046762425,1.7722078698345824,0.5177525189177861,1.087318378658628,-0.1223764351059562,-0.039626785753775096,0.08985337176256336,1.5493523864160406,-0.967940214272983,3.3122025859915607,-1.8937769239592632,-1.1540572110384453,1.0447112417646005,-1.0901661883752165,1
-3.1266539586259103,4.0073847112354075,1.9468683451981308,4.3015635947145565,-0.8704095350531359,-1.4631799152036198,-1.3808284341811823,0.370542490886939,-2.1361621378059055,-0.3113366534471879,2.206048739100558,1.207609591675669,0.5657124441102771,-0.16662710805439485,1.0833252081074982,0
-3.2194139334494656,5.148736164122137,-0.9173259716104645,0.30048628099855534,0.9715517109684616,0.9438520926569596,-5.828078786742942,3.622409113179783,2.353560961309973,0.5043441746293211,4.196588086766782,-3.0442132128949604,0.6962043984378551,-1.0316983197683316,-2.0364560969400802,1
2.648374214214981,-1.8084421502607007,0.5755628594167258,-3.464129900283715,-0.6166249422619968,4.475113082154083,0.24119010235583072,0.9305927439955162,0.45771900414869987,0.06740808506081973,0.033743261822549275,-2.8880716900047845,2.58125799422497,0.6442561808107916,-1.8185039058047283,1
1.849013158891725,-0.6397543275171527,-0.29042434775066095,-2.762885192598853,1.7850297916134417,-0.9661936844447563,-2.053092125814512,2.5971975889700616,0.513665768364776,0.05155221743276316,-1.391833309733863,3.2827154702011585,2.070575250969649,-0.6174863110800096,1.6627654277293031,0
-1.9376291816632718,1.5879972051645013,0.8176905148291884,1.650493057519941,-1.7259184481696488,-2.49710113147273,-1.9264374015113566,1.2798705756597832,-0.732417373150019,-2.0795881192924357,0.07626889123536551,2.4899826910323357,1.3545511860370354,-1.8086805686085732,0.3006002560516252,0
1.7055858020259964,-3.7399456041403076,6.485277999034692,-1.255720624661003,-1.1204589824384634,-2.9398185459794934,1.6813671054960815,-2.663543312563805,-0.3523599131518439,0.20415956024204565,1.6637080773933166,-0.2701771669974682,0.37170693371278096,0.11529226957019256,-2.721924131284411,1
0.7061703060013143,0.44585013311003785,1.7919042858769796,-1.092959528028567,0.02149690568995103,-1.7358192476365863,-0.1177194681296605,-2.6297892368610585,0.011422432502667845,-0.07108613278531384,1.5528166822862324,-4.1117558063023765,-0.21916624401282658,-1.4626349037319257,-0.2557099536723204,1
-3.1569545779265917,4.745511705346961,-0.4982650368029231,2.3052434731929776,0.6870410918886385,0.17736185492632606,-0.5006915351196259,0.2972461072356367,-2.62330075383295,1.6123906221575592,1.3376365075233543,0.39581564915341527,-0.35953942294946817,0.8673995414892665,1.7001749450331902,0
0.028323564295518855,3.2453511449620445,-0.972925712268641,-0.030876692474292255,0.7152232680817521,1.2967285663876287,-1.7246699881788978,2.805820309580448,-0.732003536306666,-0.4711130235913006,1.4066456730178336,3.6684464563299666,1.6130963265738976,0.8502455193688858,1.7115906789725948,0
1.1002285870974688,-3.141260422282683,3.858665309455112,0.2500418238426083,-0.40013606330256013,-1.431759174674275,2.2816738391401126,-2.447384071739327,-3.0264419306149835,1.231694300434006,-3.164425632932903,-2.0053504870998284,0.8789135114895859,0.4647952694439655,2.50763613062907,1
-0.24270471678357652,-3.2671162046502737,1.614588010441576,2.976815611758354,0.7443146423626893,-0.736393960005065,-0.04721638966714825,0.24782890253642864,1.8385756324819693,0.2174206424362958,-0.44955250875861297,-2.5552448647993167,-0.14548526923380245,0.6389230223745517,-0.6894566977560482,0
-0.3671549668337677,-9.938372031119497,1.7548182620776451,4.547218736653792,-0.23652051540573635,-4.6317939791007365,1.9275793381621167,0.5300611891284975,5.023927845620701,1.460903426144534,-2.9614894053205303,-0.9482120278289459,-4.101817182936425,0.5976610012779955,-0.7664708840593366,0
-4.096623059770818,-1.6702149932853638,2.1645461823319714,2.107551933420433,-0.9416177655837017,1.0620456714698792,-0.14760153396857123,0.7616495733860149,-0.6329769030043212,1.031018217042444,-2.0932306496914945,-1.5474526580505257,-3.741967980924285,0.5059343058207516,-1.1010466462698745,0
1.6018267016693097,0.4807800672149039,-3.9241116995688863,-2.320412671411314,-0.4586323973017281,-0.7131941841854863,-0.8300245732097434,3.2771557222889243,1.7701111426580658,-1.7467293665160921,0.5996362202485939,2.571472770261593,2.510594888842086,1.9351522682653173,1.3447565445969616,0
-0.9372843506310023,4.680575501906218,-1.878514027388171,1.7420098089018625,0.7692063474975481,-0.07061320762022838,-2.355622192219503,3.5369618472743194,-0.15449787811056379,-0.17138267427367443,3.0029520249396118,4.8035580168964795,2.732696012200809,-0.45855266013119844,1.1900254608449892,0
0.3476995005616834,2.2984634567750555,-1.7526740128957543,-0.616655587168879,-0.47622388070496197,0.08162791536078418,0.6421221589737947,-0.3892345156131367,-0.6123779479261608,1.603369492007377,1.4930928875103395,-1.002956551454322,0.3128813739449454,1.0063355691051292,1.5854798956013882,0
-2.6583245862143174,5.298233627870271,-1.7251531357113534,5.151488744893339,0.5498876819020168,-3.1505916781631624,-3.204977625083893,4.167734262578676,1.4312707683201944,-0.09098613803923626,5.296614059081038,1.5597768897442597,1.3603031701944561,-0.6557973114697923,3.2116937397671905,0
-0.1401309203204164,0.14767280628950405,-1.136107337816227,-0.4624585850232916,0.5991321013748925,-1.9656350726695813,-1.0697761496857119,1.249999597674901,1.3301155987281839,0.01248070548593954,0.5836894050896871,-1.4927434517029967,0.015012822847874974,-1.4250119834223507,1.5311585809144925,0
-2.153419618624036,5.554723285882526,2.4648744791779604,-2.346887634980273,0.7411558240849149,-0.6298688338841584,-2.8283993753869305,0.3257214354243463,-1.04188319784242,0.42593811094858863,5.256432233203871,-0.45243247977872847,-0.3773632296390239,-0.6407752740865805,-1.8094854918521963,1
-3.5680396968405677,4.646784250858142,-3.722137951649846,1.4200356704842627,0.6296480134298948,-5.656432536988301,-1.8092809941839894,-0.6541854567928338,-1.2038840140246883,0.14686320945641482,-0.44522307516201476,1.7649131323478922,2.598844274071795,-1.1701870754423553,-0.0026957517671051257,0
2.1906267745921246,-0.9435601069281696,1.6905191730105664,-3.6771046070471654,1.6104847353232035,3.743542543424423,4.073093645812644,-0.07042819644161824,-4.1766475581633244,1.606347039530311,-0.2675936219150359,-0.9689479658260677,3.1797047478616887,0.8136899670407284,1.302542839136963,1
3.347380132691325,6.089976209561093,0.23097261107486067,-4.345777388271626,-0.18268976668132056,3.8278448710708775,-1.1199064677632733,-4.2940032553432745,-4.111115098055014,0.21553197979408253,0.22061675415150916,-1.6799520327122983,2.486242387507981,1.1818964527719358,1.4192187308045452,1
-2.8067117045715118,-1.6286791918401662,1.4187876002489743,0.7598205229510826,1.0342266740047628,-2.2457742830244323,0.29240899418825905,-0.05238306006986493,-0.07548316531592303,-0.9104176741697237,-0.6977859781787766,-2.4978120451701535,-1.2034468083239993,-0.19227831281144533,-1.0805795753928318,0
1.5472824191721777,3.536975092110622,0.2056864818316546,-1.504969042483722,-1.0067925593266038,-0.26529175804813265,-0.14570881189008178,-4.104228921846753,-3.3062418752635754,-0.7399237285155085,-0.9100713572986211,-0.014792920391456743,2.501413304532442,0.5992276306643892,0.6644520278480581,1
-1.187660193819465,-4.760624149446814,1.5125717098477638,1.81603923305288,0.1455224922103618,-0.08962784738189811,1.8770052449044634,2.2241096840749486,0.511894281005362,0.429088403610932,-1.4415327211810987,0.04705124952800266,0.2480348664241161,0.352750225258872,-0.8566166742191285,0
1.3706043709896218,0.19018040342190579,3.2617567171300146,-1.868147166171898,-1.390805667775204,-2.5733907647198038,2.633155564443234,-3.9327887304485825,-2.0227245177893582,-0.37291140409460116,2.4546566888800805,-1.234059722060488,0.1673032998280497,-1.2900007982368336,-0.4578906270377765,1
-4.353926452048906,1.0212219467633996,-2.407654412819576,3.9669458329235496,-2.6244111660438847,1.2105093873792687,2.338228221628898,0.5649305125382583,-2.9260578859178947,0.15751749733279974,-2.445661079961148,1.3063461000616456,0.5547758172940109,-1.481845501081295,-0.2420547908647066,0
2.847584168257995,1.0343586327798617,0.05456943195634967,-0.6833700539322581,1.9639992359884344,0.700451912448231,-0.8463621214128656,-2.9185022823069504,-0.8438363578993405,2.073664175433755,-1.915804073410775,-0.4307788938336079,0.03411460127573762,1.1118533687966246,2.1787552749820014,1
-0.7989042602250436,2.9298815544873884,-4.129372358053465,1.5844120111071684,-0.4197697123668127,-0.3445027521126669,-0.1037169006154941,1.792723127644214,1.2555745742804418,0.19927221274844584,2.9586165528514723,1.026388226927255,2.0864820943873106,-0.6768107355463147,-0.3063750478274996,0
-0.3919418693949197,-7.224075434055971,5.663179108104901,-2.31680363793293,1.2651988879529492,-0.7202899099102594,-0.11399485295540579,2.7490516010260473,1.0922729165884908,-1.7356308758550187,-1.9391498665180626,-4.093419736077838,-0.5244349618186167,-1.255468009692417,-0.9082297245796669,0
4.289557537225415,-4.047072489534229,-1.7359075035052731,-4.4435659165231645,-1.193718782268727,1.9747069652683722,1.0049470095630701,2.2998490209600746,2.0099213120066977,0.4356248795071857,-1.1874503927361995,0.48023457135250536,3.0694526628507695,1.670718296177581,-0.3132398670318757,1
2.2131919227898504,1.535579518324862,-7.067994475799203,-3.2764772433744023,0.5053339438740322,-1.091306921904668,0.8661414618358743,0.030514847265516565,1.912186666586663,-0.06029851553437441,0.7473961536729908,-0.36371494819753125,2.9336960602856745,-0.9191977673777834,0.10224143655479412,0
1.2628417900275326,-10.730412650929434,4.102308349337198,1.7914322052583822,-0.1957917011400552,-3.6864275210671513,-0.47152196557329007,3.0444805877710728,6.561311646899509,-1.815481913319312,-1.286266630238961,-0.9100180450297205,-3.0944142144261493,-0.392759922084194,-1.4716357432313547,0
-1.826291140847199,4.159005818555108,5.020234256067029,-2.965418846276675,1.8871059829532455,-3.9471147321736293,-3.477929242518785,-1.1944907810057546,-1.7631161878172439,-1.0129745958199576,3.755537512069289,-3.2756694186703306,0.2245549444032171,0.08122792409576554,-0.31243068929395146,1
1.283776774481547,-13.93076939834009,1.4519256676821608,4.121920864944654,1.1939822731788443,-2.4700509331700022,1.9406522959395072,4.405362363544841,8.129483044145953,-0.23654657964093476,-2.7879526445284677,0.1955220634359094,-3.7002747119127513,1.430624396998394,-1.5752837963511128,0
0.527711302015608,0.5660911010031702,1.99271800249975,-0.29568045790525055,0.33406936216138733,-0.4665520986387641,2.1025693367130676,-4.1586552784513895,-5.010066203020713,-0.12950371362733745,-3.3280131611663655,-1.4746524611338097,2.0275503431976727,1.6759758710680044,2.0428075237250116,1
-3.0146998142528894,8.020917119489829,0.2589749467542275,5.098806394816435,0.5164059483911488,1.1709747935990675,-2.956983355727334,2.4968402061437542,-3.836315044321416,1.0113682571901796,2.513355180572387,2.2854361544136363,2.522698691848498,-0.08540175106826788,4.573993621866217,0
-0.5539473407184238,-1.2268457077201185,1.9286267953478125,3.0370505419146547,1.3571842469742714,-3.706903594047812,-1.0778406741400208,-3.898128937335121,-0.13193393335617884,1.0364323557451673,-2.2554591367573167,-4.98516031509841,2.246772874542652,-0.3852894036112106,-1.1441537471221852,1
2.245251304369283,-0.6761648689458011,0.6315125735825707,-0.1704959999121014,1.6628710985640576,2.631506077608263,0.7780384037186153,0.900678961927956,0.33612828695787805,-3.2955611799673084,1.3799594551641654,-0.12089313463540341,0.9392177276262057,1.2309120908821363,0.6882230465061454,1
-0.23763642354903602,5.351145068637498,2.2196892820335767,0.3206552489136072,-0.896775244507152,1.2704578614406992,-1.5239750316967622,-3.2315744973411475,-3.6737048355562822,-1.895006893597774,0.48572556550612767,-2.7720853170034445,-1.5830743092823893,-0.7286591410337823,3.606122735231982,1
-1.357685164643533,0.63812357063484,5.482718068686327,2.359536239129702,-0.13891713697492322,1.2324662647834215,-3.8104714107991025,5.730382456271307,-1.3812070115270019,1.07270874076744,0.7808151031207249,3.2384046723032895,1.1719193443742013,-0.3484058295044152,3.26210129826645,0
-1.9167088286245757,2.1938196869634177,-1.325349247025255,-0.9185502696617069,0.1791278137789563,0.2822697511258887,0.40381646447232833,-0.5626061571192671,-2.6487152425060296,0.030504814500427926,-1.4321768225968246,0.9529263385073696,1.5800866927159705,-0.6484461354162487,-0.9075747148436855,0
-2.06088730468628,2.8432502387640226,-0.5298483682930407,0.5601233741899603,-1.0688700877382575,-3.3500182138058534,-2.3088845885102782,1.3276313371550512,-1.1467690451167813,0.7519209996279153,-0.18172324396129813,3.549334293597903,2.149849629485235,-0.845690819764949,0.5371020847227985,0
-2.482015007722009,-5.017346427269589,5.547596541965957,0.5337754764080875,-1.4250325069036731,-0.659117409675651,0.31673685262737306,0.612527414584979,-0.42956833384989324,-0.8079951691148726,-2.304622956795023,-3.814641478395775,-2.9295066547166835,-1.4467906538298647,-0.5294470521049883,0
0.3907656684591758,-1.6063051769346446,2.3171612714749745,-3.6737244570751613,0.46331572038501684,3.30523417746044,1.1580341118201762,2.773828221271671,-1.2855949381948595,-1.320793403619499,0.955777733627853,-4.378149637207125,0.9459855132163775,0.3662357531837386,1.1455145978088415,1
-1.8857139837617896,1.3323033453345527,1.8999068504266605,2.856706232755675,1.6021312185392342,-2.0707177594449395,-2.1464041563672307,-0.8755109973440447,-0.07444207697217099,-0.45359008542181545,0.7742863131121616,-2.0823256673229604,1.6936433917803113,1.9272667277418754,-1.5101468142224082,1
2.2704750046333286,1.0926959419371034,3.5850487215560385,-2.7600806873116377,1.473879290506746,-0.28149275175011224,3.4553511564033133,-3.555558658159735,-4.779266131454699,-1.229318020812504,1.6255524509963126,0.09617559245605722,4.082840404061827,-0.0020973173829448243,-0.271453875104823,1
-3.9035368263654027,5.661767494402392,0.967463005752646,2.5823132906792763,0.3589099814126859,0.6574316198366015,-0.5570726088770832,-3.6819399815703147,-5.034695604294106,0.6092851164158597,-1.4179739782829668,-1.362400342058379,-1.664837221663931,2.348018508653876,1.2544470913053223,0
1.2493160124380638,3.6229639009087564,-0.21008495785101244,-2.39609940607128,0.9073429460610174,1.3338233154472536,1.5048062027461406,-4.2592704712608915,-4.931429636529457,-1.19962095164068,-1.4734608898798105,-0.761292257631361,3.054464933451779,0.15342119550391872,0.7538597366451224,1
2.731100076807806,-6.256888862894994,1.2137778690554146,-2.82956777250401,-0.47818669723369966,-1.2283176789394914,2.727012387149223,-1.31111193594882,-1.3887244630858375,0.29459262094337224,-5.812586160515149,-1.0616191244480362,2.523044890097246,-0.003175856767131344,1.073311827360139,1
1.292525041923136,-4.331920335304476,2.4284665139448363,-1.1484883922335816,0.38818229272415156,2.2630526947360576,3.8314002640668696,-1.2256249870308018,-3.2459103368794184,0.01691979916675013,-4.147592676021785,-2.1122447464596634,0.9229332695170656,-2.5883591635514485,1.550070312542463,1
-4.585013539746404,7.528199604095026,-0.3205885903802246,4.191647397978409,0.3112075941727721,-4.032813750183447,-2.6426336724085404,-1.0169453334037613,-3.4761604296390387,-1.1655293895763117,1.3206625694048275,1.6664682744991115,1.3352204169490096,0.6719877401364955,2.017515001457152,0
-0.7659706006471937,-10.474476070622778,0.27233281182400004,5.973918343341902,1.4043055051659386,-3.840059555968037,2.148913398003539,-0.4449777991771111,7.506701895486648,0.25938433344280215,-1.8685606821432867,-3.2190905202041415,-6.1371833824816875,1.9080108509791196,-3.0273502849350145,0
-1.2278805428815067,-11.218717719059622,5.098140460708866,1.4180829099463854,1.6956125332780865,-3.136283494861832,1.0275077050484516,3.881171715657368,4.6155066632547355,1.364869373855072,-2.2041283747788922,-0.47683719918543277,-5.188382235058667,-0.2544367276856635,-1.0937063304145376,0
-0.6947402780123016,-1.3183894114611614,3.4288159425055156,0.44084384684033484,1.1248063066978762,-0.9267029475846786,-0.3448733380957385,0.7809137884823688,-0.14019536310540967,0.17609548823084945,0.5097963885540323,-2.8891901383938636,-2.7978078593416935,0.8479975339628499,2.8171214755436234,0
-3.442480684013172,5.411485955737897,0.6522457562136225,1.3234118072850063,1.2225441529329892,-2.4501847953298603,-2.898780147461389,-1.9303430040151606,-3.0583407273127796,0.011996068938586246,0.13557078397062416,-2.181125054573844,3.6558217200946244,-0.3096887692908779,-1.2393940511702144,1
1.242556600377528,5.4241329039053054,-0.65463427515625,-2.8662812497555015,-0.9261858764240133,5.3347191525754445,-1.0774212066269917,-1.0863820499607921,-3.430440071145432,0.11151422425388119,0.25292850343420903,-2.3480771658971076,1.0477281210046812,0.6611380133380368,2.370681588272214,1
1.3256737893298927,-1.048797153033293,-0.6056067678272594,-0.6618122234892688,-0.9317667088462365,0.5507287893532213,2.7853225999820896,-0.7082665119847611,-1.3170040861030972,-1.408663267758591,-0.5065799293282032,0.7966406981465282,1.5701416072896144,0.28221775497064283,0.3955445564656761,1
-2.134139204291005,3.3907567919864237,0.5751818883081079,2.962202554750937,-1.172288152404672,-3.0066386013509483,-1.9096321251662443,-3.132057156279198,-2.457169075036699,-1.652243566940978,-1.1260896658747268,-3.326669122462288,3.824338403966187,-0.05400720191925828,-0.285307574248429,1
0.6756219886915025,-9.289746483318126,2.2959528941968745,3.479986314454507,1.0611627323738506,-1.223662499842855,1.6674881918869218,1.4337315248413867,3.909897476224466,1.007114428981635,-2.9405874023721816,-2.3539601749907786,-2.1452436203176735,0.4752499290058339,-0.29264783023669083,0
-2.768936743285537,5.108950693243534,2.50405180434956,5.596468335643958,-0.20081723454165015,2.472497725479129,-0.49163785188692244,1.5825589874876085,-2.058385839040948,-0.8630071380029918,5.029304379053514,-0.4166211742461363,-1.7776072649022763,0.39395200899393523,3.027662011916857,1
1.5811534578826294,4.960535869276177,-1.0405627999134577,0.93375412256461,0.4012824161772051,0.8488847045678581,-1.3690219349323929,-3.8896281498690923,-1.572303108640625,1.4743129392917256,0.41368567027368264,0.8817863353099988,1.1351212609800243,0.13697308959866786,0.46896612968807627,1
-0.4270869522305718,3.091120531545219,2.7226883494831995,-1.544351149454961,-1.0764820498948993,-0.9211231830175298,1.2201137335718775,-1.2300842244188228,-2.841662215857171,-0.7326361820476124,3.842422330175368,0.09848086887722385,0.47551778412764967,-0.38510537684445295,0.23777087745073322,1
1.6955566684006345,-0.9935640049435545,2.6276528943936936,-1.6935197920031735,0.3145527958573842,1.5121819151807563,-1.005220863504296,-1.3894534293544658,-1.204673078467277,-1.4061424419829012,-2.5112409066041397,-3.438564937785031,-0.8034798285869771,-0.6687541185215149,2.371787244101416,1
-3.3162948171137483,2.0827318345995804,-1.6724633648695941,0.7115602930400277,0.17732836314114375,-2.567663662800549,-2.6387706093665275,3.1948567502293455,0.11477129655603246,0.24100313766236015,-0.10134128972801681,0.28561848352340347,1.4747670484219848,1.2305450052085505,0.8099400513291319,0
-3.599365019671021,7.150061483835532,-3.509656653539219,5.465689629483551,-1.7038313351662184,-1.7802620086428396,-2.695779865375802,2.8157369814233153,-0.5645054577333645,-1.6770945584721653,3.5875309425864903,0.43296182388030924,2.5741423267093704,-1.3272102744065042,3.1972737514354774,0
-0.23824439221953764,3.979312053923495,1.3339912726381236,3.7667561359425865,-0.9122422519845744,-2.72654668173476,-2.136725095856296,-5.159871114304121,-0.5038080197104171,-0.11382781446239938,1.4005600861940604,-0.07765370943938543,1.0230063141427308,0.806411762261759,-2.0904471900554094,1
-0.8199312198978097,-9.012277389705314,1.6533815340932727,4.084769791650705,-0.9379224926030842,-4.096271979426217,0.46064104575099885,1.6460412547248384,4.112597221381464,0.7845362375298336,-4.2665564539976355,-0.6087918958380601,-2.688838211229198,-1.688592200627407,-0.005813394568311425,0
-1.7318614478445218,3.0368533068111687,-1.18831738797239,0.901890920951842,-0.3430759307413982,-1.33065264972674,-1.3203599993625388,1.1840714585373355,-1.5195280932488342,-1.1334596390504585,0.15575177188724787,-0.0013490383344054724,2.4903100579425024,1.200629660979723,1.6298362740242363,0
4.496380959785194,0.4043591842996566,-0.9173842444929754,-5.2808852807733615,-0.007774944452975179,2.479903337174843,0.013425345302933378,-0.6086303455050112,-1.1710416130306776,0.14342318753458425,-1.6462771442869297,0.08878094484517995,1.3682891964906527,-1.6123681180904839,2.948600522931282,1
-1.2953761901802472,-1.9715644330401585,-1.3902408459892506,1.0156295173098333,0.8542675615783623,-0.567204353631184,2.0468703285216767,0.9813128251518927,-0.21635678241486334,-0.20794759887404865,-0.9301991488291805,-0.9987931056548207,2.3104408916156354,0.9027131482849698,-1.1135450554449866,0
2.591897541633463,-1.3524270657806972,-2.1262941328188005,-2.4119255768210044,1.3880900323792782,4.952628313479185,0.773069970671192,1.3079536417653208,0.4275221199427649,0.5303943059247528,-1.3470807234661328,-0.7280178851823417,2.2775883829656083,-0.13738859941677573,-0.6296803849750359,1
-2.3172816266038603,-2.569053206396567,-2.1175533941311726,1.4432178583959732,-0.5992744782651446,2.5373066762323386,2.4408374280775336,3.3727338945091443,0.9922687521063056,0.1495882855706858,0.17798172821298408,0.6784880014275165,1.0348384028492523,-1.019170621301904,-3.2975320252199305,0
1.3015743495971015,-1.7150099137665649,3.9323057484412534,-2.530363347943732,-0.5313158193259131,-2.3180099164022576,2.3114014184093317,-2.554101324929785,-1.1607882283373263,0.3164467585822151,1.9190729579989045,-2.180616289947733,0.0802658663020388,0.5051510704546522,-0.7827862936880712,1
-3.739784758848065,4.375292316995019,-2.8234158470449993,1.9764876142497887,0.8458438446846879,-4.211828841635116,-1.5308079990236845,0.19297624909089062,-1.3563154580319032,1.701325106456654,0.3020447931465051,0.0187440575934259,2.4776402774199164,0.028076181116170988,0.5862722421478813,0
-1.5141453138585965,5.231071735607668,-2.265126943815096,1.9183629944078762,0.9702485146681558,-2.641233299819447,-1.0252371907166447,-0.6340361656964433,-1.2169066123327699,-1.0770127008487727,2.1777297855222906,2.0426698366712257,2.1540141129383854,0.9510703517389086,0.6817555121232198,0
-3.11301528745178,3.399619712270254,-0.2080823902869564,2.3998503762045518,-0.6862784056181018,-0.37380374936562366,-3.833915854481316,2.084142420117964,0.325409610120735,-0.8354803936420617,1.5940777983145347,-1.843401639980651,3.3316767562044918,0.22175774643338916,-1.9120448706116617,1
1.870629896928299,0.036668510956978324,0.8194960483948105,-1.3424886557081885,-0.9100264465438659,1.8661138645585191,1.3890453339822857,-2.031938079336845,-3.113520652438078,-0.26721202369464575,-2.5075250737336683,-0.8552208377375344,1.9420986116242314,0.3949712816904657,1.787378352305279,1
-1.7166004035179798,4.6148898893929395,-3.914617879006722,1.7664813870690703,-1.5693974211366089,-3.3609833440633414,-2.432338347502844,1.7056097385075146,-0.4331321100288186,1.2313005382906828,0.6664717745444677,2.173946240320216,4.50975602334907,1.5400221859243586,1.359516492211453,0
2.239995904385721,0.9163386078485997,-3.3953898426009497,0.9185668160459217,0.9946931513214714,-0.07026321155619786,1.6737349844509666,-0.5785490514096061,2.3252318819754936,-1.3944785780990199,3.5972635807121045,-2.0375253940788505,0.4675622183536017,-0.0013075342550890683,0.9883646447782081,0
2.465125023107196,0.7046923839662216,-1.1650542443075134,-2.7944375073037664,0.6258386575357097,-0.015877359642032518,-0.6057295281152166,-1.4559812122715263,-0.45718648403701884,0.028728692471304076,-0.9637143756461415,-0.4314348435273605,3.8808774781551563,0.4566415273079452,-0.8279705990253259,1
-0.5214233426915227,2.259981373741028,-1.8415140728500197,1.0940453786608728,0.8676601410556147,-4.872433579517959,-2.2349528796275324,1.1152627675671152,0.16493957856773053,-0.558282393010264,0.2575922568383797,1.805207604449976,3.8792497115763513,-0.03649927744616561,1.6589088951278281,0
-0.960722714210135,2.704836432147172,-0.06511469742029452,0.5951124098035017,0.09871505232100361,-1.8082161647186141,-0.3686654818987338,-0.7652432959154742,-1.7617115852043728,0.16239990651958913,0.5037336582285257,1.2967851153069843,0.9949126504736054,-0.36888104296604934,0.958299613756514,0
-0.6315753410403318,-7.328126120853956,-0.19811306167780574,1.909369277625756,-0.1565046486008555,-0.8382297252219921,1.490882871697338,3.3212721236967875,4.059457047101689,0.08678742627404129,-1.4315662220486978,-0.20716779973594734,-0.823533018833666,-0.5468372457604648,-2.2613995917740337,0
2.764731870603155,-1.99297542870058,1.9950143157167888,-4.756432533532314,-0.0008231888639018695,1.9757809229203374,2.4602212793276053,0.19012606980199553,-2.2364179351376126,1.2395377452342413,-0.04602931130568133,-1.7312614775170534,3.6481264624577583,-1.5735432233902318,0.08264778573734088,1
-0.010732567728646059,4.753573243472118,-4.16899465326604,2.315748286893438,1.1739282473548094,3.709347444697327,-2.685486086286226,-1.2172351663642802,2.7220484324997436,0.04546652623319363,2.605224864221687,-2.079554595062781,-0.595469210359771,1.58473964304512,-2.5764818699552756,1
-3.6497268038543456,6.207846527631466,-1.4275429588648985,1.7443991072784784,-0.15908666436861338,0.23179861837815974,-4.167473410162788,1.7885216149907741,0.8331189323145208,-0.15808462795791162,3.922826216815343,-4.148511898925397,-0.91151366400649,0.7628326416744843,0.6112461931558721,1
-1.1818399839508267,-1.0315395450547813,2.546872138969925,2.945112714583298,-1.7665645075202492,-2.764809516696542,-1.2719789393120071,-1.9015997592901666,0.9207092972966182,-0.8198441185598999,0.19505542947141175,-3.6075286788026784,0.6382824493215685,1.0382984117696008,-1.8720353922844601,1
0.7765301665020794,-2.633075815836483,-0.2150225487695847,3.3338488198198077,0.018093481560502625,0.8130126218856089,0.06142664242553564,-0.5716352075497286,2.8886606880169023,-1.1646102737259711,0.2113110239792284,-2.380244217512569,0.8153869780059992,0.149917703057852,-2.6042846852833463,1
-1.0563177635043832,-0.8226037058996751,1.3360836635471378,0.39971242236349447,-1.1973976863003002,1.6599973429444121,-1.1659281094817437,1.816119891709624,0.8657094840915522,0.6905324621511849,0.5985367688308241,-1.3972896775083874,0.39633483630344557,0.7130732322865353,-1.9274946849349575,0
-1.963251707750089,7.364707170771673,0.6203930883065243,1.7804058325449375,-0.20167802751111075,-2.740570662087578,-2.6136712501487303,-3.6210843057079467,-4.345636517058142,-1.0404850982458325,0.8535722369719455,0.48458062783744316,5.948384174739298,-1.2944209715866946,-1.3869270001522886,1
1.033693742918266,0.7499610989736984,-4.140589798882422,-1.9202898397326083,-1.1834918823758225,-0.8329407060169531,-0.19353040488210005,1.3209609514079659,0.9343796430828318,0.007463839125033536,-0.2862749433478404,1.7707733144289008,2.920604114431079,0.2706448862599635,-0.06615694150362383,0
-4.591474178137966,12.232654405827246,-0.3872053571089631,0.8581076341199716,-0.2560537903952518,-2.5804754254671654,-4.6717416116854675,-2.718384077949273,-5.342960186481041,1.0703518353637607,2.571060532606646,-1.7386573425189473,2.7383050099880917,-0.10004103773060016,1.5998983135877163,1
-4.5455373702398205,0.638347514617327,4.68328495960216,0.18855503353548775,0.08380235961134057,1.4862017527345364,1.5953338137693684,-1.54298369857718,-4.7606276956973135,1.5006608494600309,-0.9325868334369402,-3.753755404721554,-2.3617786664257343,0.4406625568120475,-0.792279583549316,0
-2.3293862080550065,-2.056129532098198,2.6456211937920586,2.782430153119313,0.005883777850373463,1.2037200200164309,-1.8525382122349177,2.30486493045222,-0.11187381853024744,-2.1005143162337996,-2.8695548805127067,0.6676338814015579,-1.9499323405226998,0.12900275801378372,0.6084852695786105,0
-1.827098010213406,-3.4454334850344246,1.4595520356818021,-0.7663589383216287,0.5966953809104842,-1.1871848762032895,-1.290156104529805,2.5240510785410653,1.9011886165764094,2.021193599580755,-0.9824009922415965,-2.260948238544449,-0.3373722926709446,0.033210179885372754,-1.9032328994051486,0
-6.424369984219144,-0.6030671347605026,1.0528589428402202,4.613156124958211,-1.0786607710305522,1.1983099897157508,2.901607044667486,0.21854765431760081,-3.5711525985230215,0.9002056534504943,-2.7716322339719834,0.9352413826007209,-3.432780829736926,0.2600545154607801,-0.8231511178082964,0
0.663015344650327,0.08895777960010977,3.068110659664553,2.0526460259156605,0.2545343010369479,-2.042463520208616,4.04435527613824,-4.914387952796259,-5.475000306435564,1.6748016779357304,-2.1634243833743665,1.2363677608095403,0.7578074295774508,-0.6502330862292857,3.12832186151644,1
-4.802464041141917,-1.5757509335216269,2.4933401633112995,-0.23296435186095943,0.11491272637148015,0.4030416979950564,-0.4202842971417955,2.332687161363359,0.012334325568626731,-1.0413790885215242,-0.2774318363134891,-0.3810252103106264,-4.227780237028282,1.633584832409058,-2.593122965743377,0
1.7407605448798642,3.464180368868203,2.0526070329704442,-2.2590297739978764,-0.4138677249737084,2.0592946678381283,1.965026312973268,-1.934230859643624,-4.037230533952407,0.9207504681638696,2.7400733840422644,-0.10190524690870006,1.9663528361168834,-0.9049779919008093,1.3980857552653898,1
3.080486877632441,-4.291739736445564,2.810964309747805,-4.815337387723234,0.7356085703155483,2.0444615939067106,4.743840647448687,-0.12054356391622845,-3.0699879436794846,-0.13171708277074626,-0.9503259465389875,-1.3349149947283134,4.143286975876999,1.1900387532070433,-0.27809476670760547,1
-2.324312613142936,2.588990180482715,1.6573971227903472,2.843436707447232,1.139186313350772,-1.818570149767313,-1.5333580804850773,1.3621344996923728,-0.11424104131287471,-1.2650855980982336,3.00362419560299,0.3808249942147084,-1.4894175752348988,-0.4472211294638499,1.660500640483121,0
1.8613136015801277,1.690601696427296,-0.9704661697166004,-1.7397314384281322,1.6377550185381118,2.8401386683545233,0.23818265498806213,-4.3086367078139025,-3.7415447879984507,0.21236205380807743,-4.9508551340851845,-1.7873503398948123,2.1046375791507397,0.24672821128627265,1.121106407060846,1
-2.174197616249202,2.432158425318056,-0.8271173436951349,1.3399552859545891,0.9224277506183106,0.836077610557306,-3.462815662707217,1.2717576608943775,2.196162886220594,1.190538984372787,2.338509907437456,-2.7271849138745576,1.2657660030507116,0.18483288835909284,-3.6371114637363324,1
0.7722492597380471,-1.084600740787811,1.0198199418726406,-2.036346315625941,-0.41120681057081593,2.2989111785472756,1.4645772450475354,-0.8614520887228183,-3.230523351841479,0.5256399227270944,-3.273937135211729,-2.8301468422349094,2.310597092743666,-1.32211794144374,1.363787957834119,1
2.4969974283436196,-6.869564533351669,2.2357147886642843,-3.215440619300993,-0.28063747931345684,1.4546801479896112,5.164291141347995,0.18546544463625425,-2.547451840564194,0.5306351637445099,-3.766181786577274,-1.2753168728142512,3.9903499935683784,-2.463684123905563,-0.18462755301696365,1
-0.2588927156929115,2.656322522085896,-1.1751459434453326,3.840209440522448,1.2132388366643199,-1.3438722445544742,-0.5524204041703233,-4.0884076577760355,-0.2839954920490191,0.5220455362447083,0.15208702945901065,-2.367764437757953,1.7401110852611295,-1.1820620738764558,-1.0419563551556663,1
-2.5841354220513235,-11.756450255861068,4.230358847368326,-0.5979641622515559,0.21635653459128767,-3.552697066403544,2.8445457246757777,4.86678554885986,3.438745132155135,-0.2986653905796983,-1.9456131395672855,-1.5316792067854446,-2.316959010921664,0.9717263097605029,-3.074947711558057,0
-2.8664216822854307,9.082891256376092,-0.46716012374548765,2.8659161069115022,-0.11327475327815528,-1.7532577125919797,-3.340667408562751,-3.5775962140720856,-1.981213804550892,0.11299176757799528,3.530836104832949,-7.45505992294504e-06,-0.20921673191338241,0.9739566935459205,-0.6073440227133953,1
-1.2314405090913914,-9.536311641185453,5.415372657550699,-1.4288631998465804,-1.2688725926057791,0.8614661552807341,0.38456136701531074,4.38387277958021,3.1829215157200617,-0.9390632499396991,-1.4321778359128903,-4.527491055512378,-1.8589182808984592,-2.35115821311217,-3.2264483220443623,0
-5.83506482698398,-3.9391992012532393,4.844902239346071,2.138669687946302,-1.648567599612877,0.17249636977304483,0.8558920957005038,2.57911575183274,-1.360475771578913,-0.7201610195718389,-2.2365533180012935,0.2600865554220291,-4.920519757856752,-0.6932333367169472,-1.4739522825339224,0
-4.8347178258923424,6.946225348135511,-0.3378407559496206,3.075325350921319,-0.13480011220018331,-1.8168171749277706,-5.23394337619882,-0.8265047879983065,-2.202931809678388,-0.13208215153889175,0.06814357338575006,-2.1620850925401345,4.260527176833123,-0.5992217945308487,-2.1821129673227757,1
-3.8415859086311235,3.9532222616422383,-0.24892270262126415,3.0604942312824224,0.4822293600551622,-3.869783517655508,-1.6252631820823134,0.5173741610328897,-1.1418302292603881,0.3176520811831798,1.4557253242357118,2.674843218731496,-0.5384670220169134,-0.4125150493235687,0.8581598851072898,0
-4.457745266376385,0.6452786960347587,2.300904509172568,0.12448102475072997,-0.11314253663097591,0.09098801773880227,2.524339069724189,-0.0609309325902474,-4.754505369607226,0.08830901328435715,-0.6018787467289491,-2.1632236578343984,1.3593022019880574,1.3458710583756384,-1.0737963167114137,0
1.072926470916575,-15.772653403614655,2.365589403150336,0.5997166657329307,0.16845076993249436,-4.757029654014447,2.2981954452583846,5.063250494965946,8.234738235261382,0.12984783046686063,-2.5205569352069634,-2.6850659336937093,-1.6759909434664093,-0.5688054171653081,-2.865942061410882,0
-2.997913717924236,2.688206938929598,3.506338990792169,2.0951624113340452,-0.28748416990487213,-3.004463846592974,-1.5863288759087573,-1.3037889333656607,-2.710584695969345,0.6236932101761915,0.8293701202521294,-0.8293350266127744,1.939816194462714,0.9677788616649623,-0.7996590269346266,1
-2.2995821281369517,4.837487707739899,-0.5773821519574592,0.18068298709757213,-1.2091229713961391,-2.9159317379294745,-3.2217075857680895,1.2632500105227147,-2.8672992324482394,0.8486609521722227,-1.0620970714595441,3.1332080754508587,2.739437683712927,0.35969210431704673,2.5916507206096684,0
2.061563735250977,-4.959620651942089,4.221391102616071,1.3309787353962481,0.30257033493578345,-1.9752495067458553,2.6710207198428053,-3.0287779891540807,1.4916147508246187,-0.043273188961116336,1.0943550262210784,-2.0254500519580816,-1.7360436345472205,0.013004763983309435,-1.572619466865202,1
-0.20127664655903987,0.6310586244988491,2.746369596114742,-0.05185857532926286,1.113695678385025,-0.9316362985156539,0.317118938563576,-1.193302016592897,-0.4363683487809375,0.12090591508605468,2.744972851810499,-0.5998086630758146,-0.04210961632552879,1.1132600646021393,-1.5737993448564103,1
-1.183024114554509,-1.3282454273366113,2.340209374511922,1.3248199228220718,-0.5001690973739038,0.7494448002699889,-0.16212192699239591,0.6932316659658099,-1.0162557914495784,0.0385732419762537,-1.3682596148407244,-0.7368266100974284,-0.08262351590970085,-0.15634517349918595,0.1809793397479107,0
3.316657816875347,-2.093283751495743,0.801525053482287,-4.282367730980571,-0.31515830631527364,1.7841226551790803,2.474211706320706,0.4432048043368213,-1.5266460418442864,-1.007030864852526,-0.41143429902857154,-0.4245893336452995,2.6425028380902362,0.38497098131969715,1.2717190615950305,1
-1.2637570196464236,2.4532689907829277,-2.1249813588771076,-0.20090047629095076,-0.142488851726558,-2.3336363873751753,-2.5219203585314487,2.8747670744983553,-0.7922946690438332,0.23704122386302606,-0.8572215247392498,1.7069769645084958,4.063634169759548,0.8480871588009244,1.8876450794436677,0
-0.8901325391489414,4.14247448787424,-1.6751458916322415,2.2298788248658004,0.7726229859680331,-1.7310831585437711,-1.9080890812762568,2.0406711958337835,0.15709027064218256,-0.320845894335097,2.8767340899613583,1.3989721250826748,1.3289267716161022,-0.06928112032913199,2.807691012811441,0
-2.6811153006115673,6.075233790923368,-2.712466468883938,3.433982265791305,1.569634504577714,-2.8187638213409683,-1.5131305326646998,0.4326264466664145,-1.0667786102306065,-0.6997827442045963,2.6393882473371963,1.9573030278836527,1.3086061493326182,0.6687317308552835,1.9281284157563543,0
-1.676865712944046,-0.8281067658450376,1.1137205088200524,0.11303166147908184,-1.2389659448048371,-1.5997259914254933,0.21920317674110623,0.4208023692634979,1.648727780763616,-1.0783447924360212,2.67384089159349,-1.3409282325015308,-1.5583186819468755,-0.7254717093581022,-2.59123048507002,0
-2.6574152175346546,2.74860460296753,-4.081766433266626,0.5406702238482711,0.4173992775365288,-3.084134156886204,-0.4147007391818589,0.36413568359974025,0.12257784430583998,-0.49039925256242106,0.502568704753715,0.2773677062929567,1.7440093063551028,-0.22202015038002296,-0.8702123424279669,0
-3.4969123711117676,-6.4358906991631475,1.707383060656053,4.940128444743558,-0.5711700164371942,0.9875808156423109,2.225416111905229,1.756270295027519,0.6683139801862954,0.2897440269140348,-4.093339646134147,-0.775512870699252,-3.146607394475031,-1.2826966226103667,-1.140882256893962,0
0.8269105631127722,3.440636361634492,-2.746084634327367,2.381977597722643,-1.214556642322691,1.4340963981125494,0.719427937276504,1.1886303035206782,0.8293824447084579,1.8818018326401498,4.363252396937522,0.18055507053146536,-0.20035847230959436,-1.9478237331009474,2.7655504803159143,0
0.24037363359935693,-8.338104263378657,-2.7108500138574287,6.077745223712978,0.14018003100159276,-0.8251999888104071,1.3678300489144921,2.1691617268948926,6.228860589270939,0.9293115872076053,-2.9229292985465816,-0.8888141203631391,-1.093798827060875,0.8977215684594247,-1.7149904552612167,0
-1.027712592183003,-11.441107263666,2.9002726975505335,1.1755769307971864,-0.28982190886839687,-0.5127283198012589,1.8213372954843918,4.966433951649163,3.9852974733727042,-0.32565968059360106,-3.5315462010458427,-1.468562047052902,-2.0081813651764007,0.5708915863683052,-1.7181665313393077,0
0.029139253724078218,-12.715760476149004,1.657118120536753,3.7744228102070805,-1.6106942949172454,-4.590725750296489,2.2657454955472707,2.472254647123863,6.419002135905826,-0.05464694476447034,-3.2275668843167176,-1.541308572697334,-2.4879357298812113,0.3862115546625031,-2.0102409799591983,0
-3.517937843618449,5.7157575343252125,-1.088881386275482,3.9589515439959837,0.4504141613157049,-2.372849128842002,-4.981950079499345,-1.7817257233331403,-0.3777911739765394,0.3789793623634307,0.11837243116604079,-2.611392245396406,3.1943434536568844,0.14849530580110562,-2.1022976954859427,1
3.6236665753430897,1.8063806545268537,-0.26586029318957727,-1.0502896292322799,0.7804975206878598,1.4335757982922097,0.39764190632540575,-2.128454962735794,-1.1356363070174778,0.6141476940377332,-0.12456664242128501,1.367106673392498,-1.1314769917354428,-0.5445411809550487,3.941226180713738,1
-2.2157441920045886,-2.1311955467814117,-2.881123087720285,5.175645657446519,-0.7295610781475912,-2.128627712791439,2.0788313967284724,-0.7282801770579437,2.5322779843373433,1.3703165001393138,-0.045720921217453636,-0.2852754026833746,-1.3265015257495134,0.08037940020917021,-2.28003338342519,0
-2.8737652323774623,5.5248249991342675,2.178101229888814,1.2055246869271012,-0.5500932918560765,-1.2912976458831884,-3.2495039644120753,0.9785712787076246,-2.4436668894379814,-1.127856246145756,3.0954685749879864,1.211746061870448,4.4783370717712545,0.48603160228708603,-1.8728799820567303,1
-1.882111765582375,3.0264039302983257,1.400407805238987,-1.9544161953984474,-0.07274859845178454,-1.6905079297021919,-0.7702780329716108,0.31094612435533,-2.3058709622666673,1.1333479936032922,2.0667438094807067,-4.384166922175696,1.6085303965823403,-1.1101279409822966,1.508636973877684,1
-1.5268784848798753,2.8244077442081736,1.128041620243466,2.6964136029445336,0.32394278071826993,-3.472336224630837,-2.5099108166013124,1.1264754221867685,-1.1087054549899091,0.4480527986049255,0.4732095534201375,1.8027155031326474,0.37670929809724085,1.1380970941104478,3.770101592122361,0
-1.4093256331483337,1.3462626339042043,3.171946497616744,0.2901690140237225,-0.032838350655947084,-0.2079170757263913,-0.7031185795099784,0.9611587297427722,0.5050672494239142,-0.04883939112607021,4.743152615807641,0.33873606397327394,-0.993756874809522,1.037806941527105,-2.3930484249121027,1
-1.5595448872296644,-4.9136220314063666,3.1173015908579016,-0.23812217598720142,-1.7685856699134812,0.17486775042455371,1.9721964159719065,1.3909919956994985,-0.836496932650147,-0.318403574054093,-2.136888426172339,-2.4998015127990136,-0.1727117317036977,-1.0257935849257411,-0.7604836531075051,0
-0.3548480299564116,-5.847168650693112,0.25935060479914895,5.132512650509954,-0.795436583732299,-1.2657314992702422,0.22936776991352636,0.6341643614200371,2.734626818257877,-0.36019790848493516,-3.7356036435878863,-1.5827643331181582,-0.5299359130104295,0.14163812813565044,0.10182525650224017,0
1.2913421743040272,3.346278659588857,-0.03889302002939976,1.88435343116199,1.2329093740618797,0.6723064942436074,1.273884780470748,-2.9677131584427014,-3.0889814146135977,-0.17260324761682247,0.026904413232813784,1.9128433324616299,0.04173436133821973,0.17766099646898928,3.242104386900989,1
2.8124774063848275,-0.9146369602621855,1.5199912474620945,-4.926286270752864,1.6164255574900401,0.5330716671595301,1.3180581218606047,-1.3795884325050005,-2.5080041394751467,0.5303061822496024,-1.317050508669427,-1.904495013610955,3.2563294888842296,-1.7961646591685814,0.8037675657113018,1
0.6935393500270739,0.05281022568347972,0.970439898499317,0.04827066523857715,1.0803558012736438,0.8395728232911291,1.9635029005749924,-3.0804243049953945,-4.964997840413956,0.9077255197086991,-5.109597794430202,-0.8443633527452997,0.725344021864191,1.8196365716115683,4.1623689532296275,1
2.214578371889152,1.20193461544295,1.893692284749079,-0.043442057626097874,-1.3679353860913424,-0.204320040220072,2.153801882343682,-4.774363746587455,-3.6128490806899483,-0.0545932661127137,-0.8463379029820975,0.5100141377383518,1.7719341866134515,0.5893018059441726,0.8931220854313885,1
1.405597320533053,-1.2160231654876097,1.79456248421495,-2.8504679604439405,-1.3301003827998792,0.3306821995575342,-2.6387761931881943,0.5122832513175819,1.4669667490548874,-1.4636872101675165,-0.13348212222351097,-4.187281189625182,1.5414775495770043,0.2289274027027541,-1.012583127020187,1
3.1242110558309637,-0.1267005616476916,-0.45724818784824706,-2.3336537953923866,0.7920601020793422,2.5007941460710255,2.4562660942957466,-1.3422339548137951,-2.7991044007494224,-1.8604115021964944,-2.073350070300118,1.206918670663765,1.1456449458697056,-0.48457654350506235,3.0031288121773896,1
-4.973167409238331,-9.913927505282137,4.341283996343094,1.5249646896086813,-1.293625536082294,-2.4924299310460567,2.2936667281665066,5.250824821272531,1.0834596482945882,0.7328418069976331,-4.332589149708978,1.862219503448884,-4.80805586719536,-0.3615119724504693,-1.0265815766306023,0
-0.9428327650452316,-7.358503068920613,2.6027730948525543,3.3184114370273194,1.042746632841343,0.12827965800594,1.7766925626588732,1.4662026864337323,1.4900834776464045,-0.7809752928442871,-3.3085238478210366,-2.382667942540562,-1.0716259799686467,0.044447918775506724,-0.6516311346172927,0
0.7142222944714876,0.6852274324158475,0.3870801855764543,0.28192937056464373,0.879660997368937,0.714205271092315,-0.7524716284919712,0.13954847476357024,3.7303296488918996,-0.9021663615047605,5.295764085032726,-3.1175951617599704,-3.8847478209026693,0.7469099872563228,-0.7743982937235776,1
-0.3966956651033613,4.765921994651266,-6.073785521911236,-0.6719448314272087,-1.3018738518727866,-5.508692218430851,-2.7181855344684487,0.822502743901459,0.656060989743223,1.161742300505766,0.24450972066896393,-0.34064824811769356,3.559697495841408,0.9540434114633092,3.700227103962134,0
-2.874412171749817,-3.114150924034485,0.430608979538337,4.706296228890573,1.437896993368432,-1.3391035710371946,-0.2778231474892019,0.23893921817429975,0.7978481358703674,-1.3635358637280326,-3.9134604365782564,-0.39050896526866574,-2.943958490267839,0.35700442529956194,0.5327081193035053,0
2.229681864562159,-1.5220742493839607,1.1160232090973885,-1.6154683458039054,0.0935454593861461,-0.3810399990515123,1.0975723435124363,-1.8897063686677702,-1.8633274805346571,-0.5300113040413865,-2.780939119093929,-0.5856536945079561,1.2903614369944367,-1.014421623283585,2.0500991008591662,1
-1.74159467551148,-12.178340451284111,0.5294479207146378,0.1474094436308815,-0.7532324766646197,-3.0513457247007185,4.52288441488075,4.025902561600546,5.67465328296524,1.4605566355835455,-0.9269363399277495,-1.2889142759656065,-2.6311304008483427,-0.440791696011914,-4.976727772364697,0
-0.693891115909377,0.8047699340140572,-4.748939094982982,-1.092806965945583,-0.006664500390261396,-2.226308952062738,-1.039785685241287,3.036805247370662,2.688623079561618,-1.5321824160814554,1.3820512759920947,-1.2557306087248614,1.5667074373519636,-0.19678183338273603,0.6274899503380993,0
-3.3035476999476803,-4.586675440487245,1.3527719653168933,-0.8022397297341177,0.18056093819747002,-0.49115433349431825,4.72051674598258,0.8764080821604597,-2.819647753750959,-0.7093589096424198,-2.705424004426206,-2.5996632963881483,0.618811578384848,1.0008030433825523,-1.1968999287986688,0
-1.2304524624287922,4.568544539433729,2.0194538158878728,2.501189370745611,0.6039309286803327,-3.006657094498596,-2.1104556235274687,-0.8956422369932704,-3.1653228191431353,-0.6806964191617907,0.5644656718002392,2.172786151198644,1.6141487774811305,0.5548187148389204,3.276193435170125,0
1.4077027485412739,-6.503045966661035,-2.057110488584291,-0.348867821886657,0.6388688736788816,-2.797534508491469,2.4800117752930992,2.556108087811107,5.232441176468444,-0.839098222571048,1.6239831122780464,-0.7255666764798069,1.6448743836996118,-2.5495393447366808,-3.2321427856997342,0
0.6770611011760931,-2.389453173201039,4.197153955871498,-0.6509392128361988,-0.16913496067196493,1.9062790839164674,2.9067950857203897,-1.8233805644529666,-4.725482288641271,-0.37706081718204426,-3.026071355933457,-3.4017716273477427,2.8759960635307524,-0.873782887108324,1.3148382776493113,1
-0.4032488071578382,-1.3984138968239366,3.759691203947553,1.4765153861611298,2.391452662852093,-1.5925161533264673,2.037432619007722,-2.6232269129064427,-2.6663636704913487,-0.5864172784885583,-1.3243903228215745,-0.9240643625679734,-1.6326478726824094,-1.2849687463019543,1.949872613691892,1
0.9952456284994526,-0.9651555113542221,-1.804086884166986,-1.9815334612386395,-0.1204428626411764,-2.7890484949462646,-0.12066540481186405,0.32642015272515534,0.9654275249618544,-0.31336863128507375,-1.0103106937375261,1.6671876859421049,0.9795264056227191,0.357821062519898,0.3897842869685093,0
-0.45451636170206666,0.12321762921961844,-2.4228238439047187,-1.3648541971638628,0.1665864991558592,-2.8288099112542153,-0.551673357809733,0.993867647724731,1.1258541890178824,-0.7562817510624437,0.013822681122644731,0.11053800515838574,1.3715039202378962,0.6256228953496078,-0.1692309354321364,0
2.3643180704611924,1.9890999371874802,1.7874652341907105,-2.8334845333800214,0.8822575096080764,1.02049144617848,0.5180295144682646,-2.557091609777619,-1.8353201089899005,-1.3701377427598929,1.819389025005449,-1.1761937208072193,1.2787526522486792,-1.4250667751443256,-0.012599573801569619,1
1.866053206200893,1.7598053280860169,-0.05590681487689664,-2.0832681231992716,-0.1220596953690234,4.635036555304827,1.3452198342029447,-1.5569673668083803,-3.026959327548287,1.5995701220705898,-0.845022220290754,-1.7115902467620776,1.400393486515202,-1.726836148020152,1.239095633631915,1
-1.3476145621081075,1.9511407475633777,-3.1208676610319985,-2.130897266311662,1.335701394954714,-4.259993713425253,-1.788527015771105,0.9996624904341094,0.17234174032428132,0.6619295647340078,-0.8174649338184388,0.23287896760774163,1.5085293155776494,-0.35148776520369784,1.2554029982978725,0
-1.0295339622295017,3.194760989657767,-1.2523196057530304,1.2822276300536848,0.058040302064240386,-1.8769621240362888,-0.9694827331699687,0.23526258243000897,-0.7678067845594949,0.31018321810826505,1.0523134290334917,1.3018565103183615,0.5336564913229938,0.2050775799837972,1.9060305308664884,0
4.208774202894621,-3.738366388906313,-0.7771909264521994,-2.4877885047651502,-0.6874766264035254,0.25571164628490695,-1.4163992119556155,0.9124163038275523,2.473879555976665,0.6744048010569486,-3.2219278406134713,-0.18639582039948444,0.8435126233021125,-0.36139164056791484,1.9919386006646203,1
0.7320672764952518,-0.8728093569745994,1.8653494442548668,0.9974574762602622,-0.043116545113752174,3.1850955807291967,1.647025110830747,-0.24454878844230188,-2.5105623954473812,-0.5308364057146827,-1.6477778573175093,-2.3500205023963874,-0.15161113998013476,0.30227051295451685,3.191697516905983,1
-1.6644173365950048,4.9882905403745434,-4.18924146000218,3.145062595041013,0.5243372855760459,-2.088608549391183,-0.2801442229640758,0.5978789108272142,0.6782479741365132,0.4018846631275464,4.0200380266607025,1.4495241873220799,1.366996805586954,1.1142180702793143,0.5356100405896544,0
-1.9421188451618656,4.689700477579789,-1.6664602092160756,1.6844036151406268,-1.6523840564542558,-2.4091300419520936,-1.194043599971428,-0.6528306476317791,-2.0580298670924106,-0.3730037252610738,0.5915441006536106,1.6294732064732322,2.4397863778762763,1.2182579226197263,0.8637486534476397,0
2.3147730769470476,0.5418523618635402,0.3674187204191992,-3.910145964663608,-0.19646922455152543,2.6203923704683865,0.7753662504586739,-1.6045202714489177,-2.741753125590437,0.7189138372033486,-1.3987809689010282,-2.544225806721706,4.578218605292336,0.7546937503085799,-0.6219431064519063,1
-0.06879134230248485,-7.779341288464277,2.618997056988414,0.06082702513884786,1.5062959148871558,-2.3779096733736376,-0.05493243379281232,3.960033199567032,3.530793169755473,-0.35148363616116995,-1.8849333052491666,0.6516876647554297,-1.5410694530056916,-1.548088389692493,-0.49303042843532685,0
0.017389507696196294,1.3602158018440553,-1.81036531909365,-1.9746280102334262,0.15179594887250042,0.2685575803929763,-1.1644705518490222,2.236618678987469,-0.9706963643825863,1.2247245219097556,-1.0090050879976409,3.1879863423090864,3.910474758359099,0.763512567174797,-0.39843928776245763,0
-0.8482752927344628,2.234710250212371,0.11833418643779026,2.0882274965583507,1.3046027033473253,-0.9539061037105545,-2.807245610840848,-1.6821374027441311,2.446667252334366,1.4493091228686754,2.5909544009336276,-2.6441933543700777,-0.9488320971981072,1.276694199339649,-2.6474992259258574,1
-3.6013866960089143,0.8255923601666475,-1.612410294039628,1.7411863620381767,-1.605325281353718,-2.8356348537697675,0.5109501012248558,0.6472453595567021,1.525265730834632,-1.672670384724001,2.759659339910698,-1.3867699225959762,-1.3375810814389557,0.6071510407793064,-2.2201039035314407,0
-1.1613454945978272,-4.163588416815902,3.5123914245338543,-1.2932395372629433,1.3422535263036104,0.4542398712806899,1.829403042177238,0.006140292320889307,-1.331295739775968,-0.932086413557357,-1.5430378117664938,-5.944292221808215,1.559961599788061,-0.3301680625068308,-1.7131229253537001,0
-4.392334198863818,-3.2738017201159746,0.6855621868480272,5.618892039975427,0.8818182802006649,1.626922608241359,0.20834417486021128,2.3662677554857963,-0.5675908282187637,-1.2275242426383912,-5.013746119256121,1.8345912231571901,-3.0847414660746404,0.026428906200492753,0.32352839672010725,0
-2.139507728531513,7.40803041343088,-0.4589462381351439,2.5789031460960157,-0.652014123856577,-1.6941320582712636,-2.1577583755659835,-3.097251907168422,-1.8870517943667704,1.6964519799007398,3.1748433930832047,-0.33094059027262435,0.511228534052883,-1.3333795960353827,-0.22139915919841346,1
2.923158017867962,-5.766646853926681,1.8451798080155941,-1.3312866479880796,0.33987898131490846,-0.14476750271184446,5.254238379733133,-0.09992524935564284,-1.5645727690345386,0.01949402327685635,-2.018294167382428,1.6156470677691255,0.8698907906927276,-0.5465211607085788,2.0630937571294385,1
0.03767090860275979,-4.348931897980173,2.519466701949153,4.589194390289039,0.683062711399045,-1.967192485424685,0.277061291704529,-3.1929413922964613,2.775394517143574,-2.069318350847686,-0.8341369576166304,-3.76322238884087,-1.3561822633028107,-0.9786700420219693,-3.0110635396305696,1
-1.4865374837262764,1.6961461287947333,2.3568614202649436,1.3497309096195638,-0.7613273484611286,-0.578225549340279,-1.773942302289798,-0.4184969335620543,0.11662444541911149,-0.234259457201112,2.310274922225947,-1.1042569495383066,0.20287275141186267,-1.2485286823242678,-2.085382195450272,1
2.8589766273995174,0.6260763065464978,1.9671752588183002,-3.664471162524401,-1.0090102310848599,0.916744715853146,2.3604521215585317,-2.9317484657264288,-3.675074769858437,0.31643568342645223,-0.137920139213368,-0.6783328752605536,2.866606557050903,-2.0228761572290894,0.76748271831918,1
-2.3582647921954933,-6.904383054309019,0.6117607734510421,2.0726557292583174,-0.5445281169346958,-0.07381177614546908,5.4135178972455655,2.1696024250225863,-1.3740943309384226,-1.2421533507916103,-3.1199790118261737,-1.3391677753366582,2.6889091978830724,-0.9988152681895256,-1.614522737494526,0
-3.1984322048273963,-5.623519245729104,3.052034828216536,-1.9468277065993664,0.8305502903301341,0.8797213691652885,2.6274274749810718,2.960243147434427,-0.7753584139982237,1.1602107681070948,-1.6081976517903733,-3.349313855149057,-0.9217936279692582,1.702147323502177,-2.245989239680913,0
-1.6844883482610913,-4.354519836646372,0.9654357494044272,3.3275085533738,0.7135661515790268,-0.5781534169310367,0.7887328916116738,0.8734210375321239,2.2717646908863594,-0.1618292630143563,-1.2228719703434172,-1.165533940377054,-2.753543479041859,0.4233233815151238,-1.227834556296823,0
2.281147232873655,0.6207986783593843,1.3204411313014512,-2.9940028654795494,0.6918418040088565,2.287493542597342,0.20921731689736922,-1.1851073597290207,-1.3850184053195964,-0.0013300780263234102,0.4994024520503775,-1.5785908085419582,2.482627998255672,-0.4873399260391653,-0.7663173547695195,1
1.5780282333282867,-8.903378387351971,0.6786341108766272,1.7420882035109393,0.04380455660721462,-3.228283914940441,-0.7209794886500367,2.571940204573419,6.033797280587438,1.7428664700517604,-2.6358434401463624,-1.5849226196773303,-0.718350923387906,1.2572349606742776,-0.7518901606583442,0
2.7462251573333845,1.922593642106708,-0.35682106695873106,-2.3633351111997043,0.5267642170046775,0.5849513932263534,0.2149302800489783,-1.9129377205161404,-1.9023943545459443,0.8636299105789041,-0.4714152358825576,0.32673503187018893,1.7206154498976558,1.9222389753134637,2.15506463445637,1
1.3774171877512942,-4.445763129486269,2.0657957341334137,-1.52386076148731,0.12335479220716372,1.4648471179971754,3.9399031772975683,2.7884952700239527,-1.4258593177623728,-0.13308442792068725,-0.29917773406891857,-0.47896688413662214,1.0012116675854605,-1.0535226203160315,2.6627825333641892,1
1.1543391611103853,-4.220760517907946,3.859197548177274,-0.4603213084752702,-0.3702140306079106,0.03865477515302351,3.631230172208688,-0.4787479869101776,-3.3635910428724864,0.5273547467523633,-3.06802564263596,-0.9538423271482106,-0.12215587903722458,0.10242866407800864,3.874228986872391,1
-5.142752787189263,8.154480097941699,-0.035191899963431306,3.0287513426063475,-0.9598596051532643,-0.2700942075215391,-4.849667130991403,0.4011286643362475,-2.923090384731347,-0.6092993945063785,1.5550394792993378,0.3150649053993111,3.9832390753991223,-0.8561078403939216,-2.252135610917872,1
1.8260410955225426,-0.6333444964782308,0.7841590097301921,-0.9996179515326805,-0.8701764701253999,1.5062023600592649,-0.09571925937911652,1.236685671366902,0.3635982762139998,1.2981939116966108,0.6698692316212225,-0.8209893822457953,-0.11315743421545088,1.553247186688754,2.0726658938418305,1
-4.344479619326676,5.911277383311903,-3.222669173470206,4.1631472813282775,-1.0328144095081981,-2.2019624974828216,0.36932090212467306,-0.5618764400231124,0.02857108935251768,-1.362600279749463,5.112922937720578,-0.763813911382472,-1.3235237415645953,-0.19545965738642843,-0.6232145770534308,0
0.5837204741866455,2.1534837243843747,-2.2508230024620755,0.016093358076266995,-1.214064523072579,-3.591136067636069,-0.8918706271068221,-0.49913895661806595,-0.5119697936676905,-0.39571611087514297,-0.14566668471212663,2.5271928139796054,4.243183727347008,-2.259276171435535,0.3954135947977784,0
2.663124345644848,-3.6160681748641554,2.825321930105564,-4.421385388213401,-0.9299266098691611,0.5833726923618193,2.1262567446666045,-0.48308631013183945,-2.104751208213224,-0.5936994269872572,-1.9684230911922602,-2.5368960109369025,3.25284207791942,-1.2249740070298083,0.43331426824487895,1
0.4171879122408586,-0.6752034002479779,-0.6474635647152311,-0.3257371129383919,0.9686237857058371,0.971061776743352,0.5114331270944804,-0.6485289309418871,-1.3293965354419548,0.6768828201532168,-2.939449706171107,-1.036971037507311,0.8106698994425304,-1.55835644472052,1.3167471365345091,1
-0.11306602728307857,0.6750966324756089,0.2813787323190604,-1.2109776066959959,-1.1800239140985067,2.97444949838225,0.070724232978993,0.20236194502900884,-3.1465605267012915,0.8209820924169108,-2.8937612058005264,-3.330201246747392,1.9783956816082977,-1.8453943252229041,2.4504290468409704,1
0.7371002437328018,1.0479382516741487,-0.5613456838535656,0.3109078526731226,0.20541269721866062,-0.16478858916166628,-0.6268218767000704,1.249990007468473,-0.4506064473897062,-0.43445019964844644,0.32164554074712526,2.033831412567528,2.7071102290831175,-0.03982057611509975,0.9189463878135237,0
-0.8628244928145345,-0.4001246811326932,2.1379876251853593,2.748448348178834,-0.7010895013761145,-1.0899727846494525,1.9172473343324539,-1.609031165955148,-1.7893490642763565,0.7127245694093065,0.47586134818765613,-0.5247027887301446,1.028735206711615,-0.33003464625088946,-0.27021725567881694,1
3.7327460782039474,-3.2286612159689265,1.3928497772245594,-4.644608431883654,-0.37840250591744795,0.8563503868533239,0.76589869717797,0.8102181750606534,0.3751395381961427,-0.3001556002227654,-0.4657082260224421,-1.3098665188188074,2.4077894493825758,-1.2881107300675272,0.37578496429477415,1
-3.631247428480681,7.745307851027659,0.6956516182266342,1.1357703610796972,-1.4443855144982707,-1.790173390346935,-4.032726102929784,-1.7001512717736753,-2.4756713111017845,-0.5941922705388568,2.402938691434079,-1.2203363675370065,1.3000494660042976,0.9062158692056012,-0.8670669170242014,1
-1.6711314760244433,-0.5470266944458699,1.498880442313605,3.3613181628928075,0.1809378270039994,-0.6051875495461889,-1.3508665431232876,-0.0919100542903033,-0.8132842007073862,0.2707565235498433,-2.7729012710436973,-0.7686508612657829,-0.8112525239832211,0.5210286893314037,1.7341354195350114,0
-0.29881895335836006,-2.076985374711732,-0.3910101530649348,3.682050721175991,0.49166117485600924,-0.9248087895946738,2.0527123288146534,-1.3953524028317617,-0.4429998618811809,0.2565137399918442,-1.3974415367201432,-4.729120261306859,2.828654688735156,-0.9689620553135486,0.5421696942046257,1
-2.733496451738974,-0.5523940391143455,5.531685515039168,1.7257900873159597,-1.8269103039659818,-3.023578831951567,-0.7917867047954524,-0.4437837163374212,-1.2904304924923737,-1.2483878121270522,1.1339344178305837,-1.2852024037941687,-0.7230935562216287,0.7580273787604709,-0.9780779607444566,1
2.1851799493671296,-8.554099666137839,3.7849440487130206,-3.064298105721549,1.990147773818276,1.2139922156561238,5.255802976072417,0.523334423338905,-3.3461060395390985,-0.25390096274087554,-5.763250110218574,-2.85198103311973,3.0888855379478253,-0.8518059981826698,1.9244816132932858,1
0.029264582084221002,2.6280855735315396,2.7461075969585984,1.2652476185467665,-0.5372890108923895,0.5679007567917633,-3.9639682767608933,4.599024571389508,-1.7438249430994979,-1.046666058631689,0.3165783782057916,3.255774746706993,2.45453587536065,1.4120694308092794,4.9707389323435365,0
-1.5187801807187757,2.2911958703198687,-4.196814380885515,-0.2887750382546159,0.3608284084017966,-4.122233983484867,-1.6006461516570076,1.5667492689757618,1.0208281354498963,1.7416606639722867,0.2596239305237469,0.47266433114602946,2.007368656725097,0.8193469063825453,1.0663964469352745,0
-0.01934185020483059,-10.7742364583447,2.137321163651574,2.1399807437197143,-1.1778363550763036,-1.6361513460472425,2.0848229421212707,1.7279434787597432,3.7361791161279596,0.902916551413958,-3.9894835400881967,-5.148338906921536,-0.0628311386503535,-0.42474438987100777,-1.794758715769001,0
-2.5279653641345794,-0.014537150060298865,2.2719840343664486,-1.1824370802019128,0.15181909274375874,-1.7018332838147385,-1.3258389034312743,3.0876316886874,0.35586328202644185,-2.0017254812342866,2.1269640043934386,1.7512849015979661,-0.7128976967704391,-1.375320682059021,-1.4785095418473324,0
0.4881488508205536,-4.392414057276865,0.9591861509958336,1.7350609866761015,-0.9907135213880943,-2.648435679423521,2.151004582023144,-1.1325873354678397,1.414409863909753,0.5179733762901656,-0.6598765438276376,-2.823358700382471,0.18312058843112045,-1.1491989346880624,-0.44813816441632937,0
-1.3497238816690857,5.51590543433859,-2.3579743819791537,1.730775280936731,-0.1641554334938168,-2.1501487121294773,-2.6664742764308356,2.086241800852623,-0.7096389832180566,-0.21432806614491376,1.8761364417163868,3.6922331877374224,1.129883078346442,0.3756212317030415,3.4385233701715068,0
-0.6586091722163983,-4.600734760363911,0.976180863035015,4.154737927264534,-1.8381075650588399,-0.29234738246866443,1.3574747953054487,-1.083035723375804,0.3724274246945447,-0.3842226148317383,-3.9291193453565825,-3.241649476578159,-0.14187449881676506,-0.45876682966619275,0.20485541360499582,0
-2.952621427011966,-3.3549403390799326,0.6144260334739345,2.97840155999798,-0.7859155628095085,1.2732378108862759,2.5584298589510777,1.5716827646246943,-0.6090319298006032,0.81788196670747,-1.8996305145311456,0.43450633814255823,-1.3008809286260163,-1.1399312719358956,-1.2503968539857326,0
-0.7994510388865455,-1.466941181102295,2.863751882315193,2.2468268052657057,0.2075282778634226,1.2462325558007625,2.3002488213189403,-1.4998765273888008,-3.7074029972984173,0.624920464102357,-2.9809481068990866,-2.297762858524254,-0.1646117581149562,-1.236382128406456,2.6954546225135356,1
-2.8949923492500202,5.560276792234086,-3.645895614060446,2.3638698037430297,0.7607447616353589,-3.537995423058596,-1.5050321792393175,0.15164297239706626,-0.8905439600460505,-0.44705443596606326,1.3987921480892813,1.9208116656217302,1.013204698420412,0.018382032771019827,1.6209998203081872,0
-3.6025799281234265,6.185729252332189,-0.922472676731954,6.178018152276136,-2.1553626710579175,-3.3424963009415847,-2.8819113339159586,-4.726502144968378,-2.3734745130737243,0.16866776001929132,-0.8609036258161971,-0.42220953207100687,3.14415322094624,0.42794744058852835,-1.9872272275106013,1
3.276343370545514,-7.555918515756999,2.5149742320138655,-3.4965378431245817,-0.6846808925126543,-1.9692574322920882,4.7692067146438655,-0.31783139073364475,-1.444861762458314,-1.0551375469323623,-3.492860205323744,-0.1270585216967619,2.930573718114365,-1.7680812423866143,1.016569027719623,1
0.31123731905463914,-2.0752697433867957,3.298672332707083,-1.540791997930651,-0.189442777526179,-0.33797845183579733,3.6575913959949027,-2.551962440734789,-4.943861632293361,-0.63806300931613,-2.734394609500105,-2.152068597237734,3.4192309546716606,-0.2701601066121741,0.47893447623371044,1
-2.835370318639926,3.168587883915353,-0.669498216434403,2.27140581768395,0.7625106126926647,-0.9585623097802324,-1.4269336114249587,1.863496924552393,-0.9420169898110559,0.5202348958254609,1.273222257285857,2.484900786478954,1.346567628408932,1.5619407371867822,-0.12978750781469417,0
-1.6852021940031008,3.785484890287627,-3.384411862797114,-0.3819302692565676,0.5550849245738736,-0.7447505678970338,-1.098405570833422,1.5244931866278888,-0.8533286990674112,0.5188806757053354,0.44412529807471235,3.9540026042260763,2.053294806437105,1.3409696134093454,-0.4388827747486306,0
0.25307001709969823,-5.784719819277095,3.9315515698543133,3.2914013444323444,1.056024745140268,-2.8567155380313407,0.832474685805698,-1.8542982525152645,1.548514831718212,0.3362808307573559,-1.4392811128700225,-2.689415633910333,1.77879452967357,1.3073091189715773,-3.2808867692708557,1
-0.17870237690649904,3.46840578443747,2.9954618837365983,-3.563186888215883,-0.37125957839401674,-1.597398719527199,0.1126501914090392,-1.209371282345411,-3.230059250845218,-1.9251518126262714,3.2630082064757047,-2.5648714743816,1.4009726905848026,-0.15954527988460382,1.2724075085187456,1
-2.7148506039926783,6.0857200496768975,-2.876835159047814,5.014964316867806,1.2871810467060911,0.312245988468449,-2.240550519377158,-3.6383685682990605,-0.44983579968945425,-1.0769231186843455,0.7806633590007229,-2.6076616170512112,0.6171724101941787,0.7260387931103602,-1.8858387466254374,1
-1.3738760849376834,3.477178975435072,-1.5908173406708368,1.3095877475994488,0.24400606314279952,-1.4547136929464561,-2.8884025749099855,2.2090380395017175,-1.554036335294348,-0.5852733898711462,-1.017998529423478,3.4813628134783845,4.638624676456306,-0.5117960136519804,1.1552328172420854,0
-3.171461469048295,0.41497616261867026,2.6525450396251293,1.0187665680456437,-0.5235537426274511,2.8536659072724495,-1.4834081893001745,1.3223706601491414,-2.976178513631256,-1.1341944231152694,-3.402513956712422,-0.3311827133598788,-1.496892811359431,-1.039327298878074,0.9923640318575013,0
-5.90942868132309,12.616729754126185,-1.014416811073676,2.3927484153815533,2.30044997671826,-3.289960666067385,-4.839205737180979,-3.4959485327279953,-6.120015223856081,0.7507417926638422,1.043889989505018,-1.4248053033809926,4.0568816618909604,-1.4439265298750363,0.5245948440749615,1
2.3300644088871856,-3.3498601758428106,1.8417199742284134,0.638791340042721,0.14020512617124528,-3.693880243645535,3.968872153382336,-4.311612437231615,-2.6028217250936714,1.2700861476800949,-3.288134991329248,2.403355602369836,1.1816882297325915,-2.010027622744882,1.5471381285866885,1
-2.805582577813096,6.818731751568932,-0.700837967285771,2.6057773981012264,-0.20995356781042931,0.33749086422446606,-3.1574830969856498,-0.06284770236048542,-0.8635091115893563,0.5528119791930007,3.63872762445683,1.050937396358016,1.984255540697104,-2.0814371617666056,-2.272518568513272,1
1.9256251869553633,-2.4841271676086367,0.10525055973701325,-0.8497901615644781,-1.9608451414681916,1.0640402615091094,2.108289189652561,-0.6962223818538159,-0.6703236524148181,0.41487489908910524,-2.189191603765946,-0.024717367820680236,-0.8640215740892621,0.038738609191706894,2.069093622125508,1
-0.2789949386174788,0.8410311862140984,-0.4120396487725406,-0.0066700931105196926,-0.6758804361079083,0.7940922658614071,-0.49782777511997733,2.7906135397343066,0.6108923449362941,-0.8121583635515687,2.2048782177597883,1.0315439034814682,1.0833802754978843,-0.5157840675199,0.12170803071393954,0
-3.545301685163873,-1.2709566762611182,0.037602604956079366,0.42764691138281696,-0.28124290633667054,-1.6306056062384233,3.5412619137139263,-0.20215284603057238,-1.989898951985428,0.4489675555702139,0.06065182795296309,-2.352839350232597,0.8346015362579964,0.06265614493579669,-1.9416072324782823,0
0.688608956066584,1.8541014960464548,1.4218759735463358,-2.087323219059962,-1.2714536994278176,1.0885238129871975,-1.0788871690644823,-0.9860342660139355,-0.8723313008923816,-0.11111271407271618,1.4814583907893266,-2.9936705789498177,1.7085796891322453,-0.12193041358199798,-0.89476611280165,1
-2.0212296911381875,5.048149121023352,0.4471444117414227,-2.250539606657381,-2.075146966167788,-0.9915753749822562,-4.320688548006459,0.7375362009102582,0.10063681893764242,-1.5882651434415278,3.1994026678880925,-4.771859917311009,0.6217859431984837,-0.5700114985742541,-0.16000245302874383,1
-1.0818169019874762,3.1506035317010648,-1.6010948229985855,0.03334332478431867,0.05197172671550086,-2.1279014002972962,-1.4621000912991151,0.9085424470372057,-1.3005072535696,-0.8027776748685957,0.07305280583481077,3.975028573365542,3.144743568992393,0.013144788559767907,-0.025797114433556256,0
-0.22901885328827154,1.2604283608109363,4.614946454961334,2.5347354290163215,-0.27585271463774547,3.2437457784204478,1.6071351722797682,-3.6709377485697985,-4.644931526067647,-2.2106995273905556,-0.9989081160972001,-3.4110713622817745,-0.9910676543467156,-0.11908584242731844,2.1357651506637607,1
-3.955868289916932,6.626196747185055,-1.9555529660259858,5.904198170257662,-0.8528881258303576,0.5013996445658071,-2.7981191167950437,4.209292457213188,-0.7871024594734033,-1.225307673514962,4.073955712201419,1.9345105510445888,2.845776961494666,-0.8161364900510906,1.6837469835949481,1
1.1290432235665682,-1.514754459858418,0.5338883227288861,4.317496020955387,-0.7414847254600336,-1.1939789166330592,-0.35176565086790346,-2.5076420033186357,2.336009305867721,0.8149850354042416,0.3782563086676789,-2.019305435804538,0.7964698756843035,1.6179596843809054,-1.7998755124208925,1
-2.114887830585064,3.4142424001881486,0.6770227345007727,3.055226355970975,-0.8045426146940825,0.7539899793017422,-1.3725698560852446,1.8392504464676422,-1.741919247300332,1.67818537889891,1.543775977948272,1.0991594047636601,1.5566347287371252,0.6549797939138383,1.3306590048967468,0
-2.7839437349446103,-6.368198859753653,0.07696727868403763,0.6656226924549322,-1.6006831090159857,-0.10185034483889188,1.7426667551751263,4.748514528094136,4.196801375933821,0.9667049813966009,0.9899990328572081,1.125518259022844,-2.2032653901226826,0.05797469661566357,-5.041656208523355,0
2.0175152751566023,4.910204002822634,0.5420062668763301,-2.4395753873797226,-0.3945994667391139,0.5953390494851174,0.2222587132201581,-5.2660929262926786,-5.124124676674112,-0.19365828029379034,-1.122107469389444,-0.8129395671754382,3.5701787848443796,0.39670569151391666,1.2635023817562603,1
-1.051392317192112,0.07737239171650227,2.0711304665499313,0.16490970595561905,-1.287223180504095,0.9738390087536253,-1.6914996466879375,2.0459274592026584,2.145883350325909,-1.4051638599397827,3.628897917098995,-0.3545128937205053,-0.860913708563567,0.7815117256224239,-3.143517368821157,1
-2.7566020079736107,0.8242561942428781,-0.9147050619993341,1.8852499573748633,1.0656152597083106,-0.38944248614811783,-0.5793075051853617,3.7774495697143275,2.6186909637953364,0.2854869431991662,4.16635038648249,-3.5347143794041003,-3.8726043658627107,-1.168720911568326,2.2313393090555325,0
-1.2574588129090716,-8.77271925386787,3.060919432292261,2.8594362652060052,-1.620094339195057,-3.6592390416581084,1.3406548203449722,1.2708559498601457,3.0083500567843213,0.894657451692005,-3.5419739965822443,-0.45278300276167505,-4.08682830958557,0.34183032184610596,-0.1261080341554084,0
-2.646239904556193,3.1709383097449684,3.1127983518924087,-0.688040324009155,-0.6492886613610113,-2.2357576296030035,-1.0421707936026114,0.24561291355311576,-2.63529726727084,-0.07653593926840017,2.7130333084112666,-1.0309388591377582,1.720404742816619,0.420798888827516,-0.45765301718537565,1
-4.107045150784908,-7.312112185675252,-0.5337744987556641,5.0839891750268205,-0.27005489814431205,1.1041964014028922,4.236056943042772,3.8806391038847936,1.5328561971795571,-2.3141639826724685,-2.566440486838249,1.5100737825298043,-1.5662608552698454,1.379111403168567,-3.091417431823492,0
-1.1873100078139212,3.4553089347324013,0.9197425020405636,1.2287373754352873,-0.3317733937447442,-0.8964133815242262,-0.3607558326800486,-1.008889850698065,-1.849512267335424,0.5664449867790268,2.432480599126399,0.19693753864164898,2.4570690949991247,2.2057826947481614,-1.0191250929311675,1
0.08455971865877232,-1.9877535236735377,-0.38249218304073995,1.8729814479419264,0.8910786773973972,-3.664194502097618,0.42871634487989385,-1.6968631823261187,2.087291997786711,0.17165376996889647,0.2236499389567097,-2.5987167374058293,0.35146298489400385,0.34819882846444833,-1.0125138159142235,0
1.9821283464311563,-5.83530916726071,1.0457544584261718,-2.632482706460625,0.6534373706720666,0.049964584122887734,3.539617170099108,0.7816826705904538,-0.20553330859537666,-1.3616365481798123,-1.950066266587289,-0.6577846196459891,2.567290929844659,-0.052063541199248935,-0.9423959385703506,1
0.8154286087635123,-8.132552706673463,3.54677724248634,2.4204928402798287,-0.6251657882890393,-5.531047954813151,0.10434648437396232,-1.0313982259749634,4.14654482871993,1.0814065443924832,-2.5242307691288595,-3.2586758926682595,-3.71441843406769,-0.2798390758429393,0.6250850148494336,0
2.47576466066029,-1.6827339690494696,-0.657404561359646,-1.6526154395391333,-1.3717614152878692,1.7821749990829683,2.3626764684798323,-1.405366034017463,-2.2075039359379343,-0.3083143692098472,-3.547432658831377,0.433410155441615,1.4618491868602494,1.3658322887898744,2.002057115371418,1
-0.5952024997974088,0.7752443679973189,0.318663630553222,0.7977344659453034,-1.773354034607472,1.5315443725621225,0.03975178952755676,0.0070782784607792415,-0.8131928165558089,-0.44709659786565714,0.11660726876226635,-1.9905757312793098,0.10672816761064574,1.2919976261260564,0.5279507626255682,1
-2.908522658891777,-2.252278045643764,4.763529119680694,-0.9207410780126248,-0.3806906891024109,0.9411627800313518,1.078687276613124,1.3426812050961903,-3.4851079863701373,0.23492305049721063,-2.2618562430557434,-1.3611918204897075,-1.0006120961743092,0.02570488202790712,0.43416249964521647,0
2.107045855030827,-4.465265132774883,1.2239338415794592,0.007262977701128381,-2.244889293958427,1.6525659038951181,2.928398341317477,2.0875516055281103,0.8282217547724925,1.1933944363978717,0.20387438335079766,0.36756479085502014,-0.724800958142239,-0.24195821154781655,1.7719947615429803,1
-2.5362278963645117,0.18429216275526628,2.2212563134916494,2.1011466072367924,0.08462004839354878,-2.697576771295883,-1.201836704393452,-0.7340145101255764,-0.8897291639038443,0.09981366882164183,-0.1538220667661252,-3.520767541782726,2.4142935296292602,-1.3630961535803188,-1.454515020398028,1
-1.731183263915738,0.5450855618334105,2.298909747468358,2.801857955425069,-0.3254625317424196,-2.9398965430157893,-0.3743174356539867,-3.14106098156089,-1.8672549981140194,0.44686011639600887,-1.0002957976342826,-1.9296064783369982,2.738370508635845,1.2465963142886531,-1.9740226418754288,1
1.8845016775194834,-1.439391816064523,2.57466630167986,-1.583269285262443,0.810334628457446,-0.14094031900420467,3.1267242606179977,-1.9448318541128282,-3.5285999415322764,-0.11424391410212563,-1.4437402217848634,0.07901185453257686,1.191118629547562,0.27737295155788194,2.44082511818449,1
-5.109788718579399,7.519980774992797,-0.11165007268756,5.4301372641374686,1.509701819187646,0.43978815788178727,-0.5807279255736114,-0.08005586068422565,-2.856677592919786,0.13901318105897514,4.25282765879136,0.15805751396055556,-2.0744088576549657,-0.7645978705554142,1.6062769703910325,0
3.618116539630364,3.4616841024412905,-0.4964378682161943,-5.352159349737383,0.8428026912605329,1.7973796729598939,3.9665955931011134,-4.504814905925271,-6.6161109602306665,-1.3452324520998302,-1.0917071686848678,1.535825472963198,4.6143272298367375,0.2585749007371417,1.9655696924408739,1
1.6283962258994786,-1.5552501360268185,0.9309171641110442,-0.16504776222184758,0.547706193163144,2.141965349698701,2.3152303843489794,-1.5567521849854442,-2.4155287434990926,-0.5606248843752012,-2.7250180912151136,-0.2212632925459579,0.43261661275697016,-0.0806163648150821,1.8179510227440272,1
1.4071891757750898,3.7736125377136913,-1.1164333269305833,-0.9398196681843658,-2.78728892535578,3.5567246729945654,1.9415390977645504,-0.7465708345067726,-3.4832220429577596,0.03242611782242977,0.8385294788760929,0.7708702158948628,-0.06686060850323772,-0.19904928260845492,4.006408998969714,1
0.8461701318231429,3.366520813458744,-3.9760899549118363,-1.6999466014270528,1.1051135432740902,-5.8780900026593015,-0.3582805275199614,-4.076415122974755,-1.0041549970995916,-0.18983512806346253,-1.4496752381760545,3.343251989052094,2.299449067836876,-0.620175623514756,0.20061994482496592,0
-4.9830975585171124,6.329498771362049,2.3888658397806677,5.391255217187288,0.5871143970709833,-1.1166119799394023,-1.4313375403933297,-0.22234897833645917,-3.460019815151421,0.7563112906894081,3.023257315006826,-0.28944799451515313,-1.8411443419876092,0.1601108906395973,2.6751034987405578,0
1.4349473913155482,1.1064490689556583,-2.284799861832869,-0.5146420647639891,0.05592066092321825,-1.186983281258087,-1.6194133997977664,2.5497559512756003,1.0011294285872154,-0.1352705407042644,0.430693826606418,1.5234092802343164,2.6148195076151195,-1.7627069900416041,2.7072846834702897,0
-3.192035566736939,5.620618400040471,-2.0476091531713223,4.109055639248942,0.43057948462652357,-4.266655156511202,-1.2203282668622255,-0.675060292412824,-0.468219552495152,0.1928900118850813,3.351044336117225,-0.17629112060934005,-0.044844881509424006,-0.9768241258753142,1.8194396978871923,0
1.2508395009737205,-0.4886456265863855,0.5627992441844669,-1.8532466390224827,-0.8837232981868416,0.34325760038410125,0.9564631851779916,-0.7155045952756103,-2.363763632525136,1.3420353309757287,-2.3984334776479477,-1.3969183858661751,0.8853259137048107,0.4378721449493555,3.1313754409685837,1
1.5213593350839174,-0.5871179300944449,-0.6761426693988627,0.35041232563153923,-0.005743595515917001,-0.2163533386087253,1.3787634515273903,0.023173598636127446,1.5698635015427231,0.9336566014288975,2.2857086253102668,1.5085284623222974,-1.1020225459111912,0.07110385731734516,0.1010275829683116,0
-4.745217345997309,5.785052401840127,0.006320386315596949,3.4964240754851037,0.9509221185211658,1.7938107849280063,-4.031060988284111,5.9109151736889425,-2.9787418518443545,-0.21710574702177146,1.0308942159100367,1.7262329613665446,4.527026052967376,1.3070354319548776,2.0596949361837282,0
-2.678287469500745,7.609790084934557,0.8287123147291205,-2.666727101151296,0.007031797849549579,-0.4560913611866182,-2.389866227933556,-0.9453963990703693,-3.1270762680706388,-0.14865462863134246,3.9763336136517173,-1.8060776225751551,1.1012735805450364,0.19106181728130361,-0.7026894064537641,1
-3.5912473866050743,3.98884219147968,3.022194908925755,4.5137812299444615,0.23092676403965554,0.39227810929999407,-2.960126073110298,3.6522829643922345,-2.233592080547071,0.572490880452137,2.059019897380204,2.7942767357272746,0.9097706191174098,0.1606218250814536,2.121357911419747,0
-1.3526429419651957,3.4074844517384784,-3.5796730736567324,0.9386381703778638,-0.8816651280823552,-4.155023464950491,-0.6789315665468902,-0.7785813515729645,-0.23292033977527557,1.1415376602351135,0.6070889637208509,0.28135327636572005,1.9172091435791117,-0.37517372483555633,1.0628588232383576,0
-0.9345240014635744,-0.7756318238465808,0.08763709050824442,2.055746858972597,-0.5593219774756829,1.8314741797073988,-0.7326092732833488,2.6154558772222263,2.403203684394054,-0.36634332058951224,2.461200129619135,-2.234532943176509,0.18279917131335877,-1.5076808381562004,-1.6543666242808848,1
0.4946076668858175,-3.682971096626319,0.9490619858487024,4.104952581924935,0.3066926996134137,-2.5572644312713457,2.7295005866433106,-4.59966096667052,-2.032792664363317,0.4944664883523733,-6.359316694049579,1.0071741325755306,-2.1210087093003973,-0.3406230512281771,2.951709312888919,1
-1.69955200415046,1.100157301153186,1.0336116100567976,0.9177100569130734,0.12977573232761952,0.8664917174264937,-2.1141319030020744,4.735763403412847,0.17425259380634825,0.15160806864456286,1.8581726886723107,1.8431833758805158,1.4605098135119259,0.5390425910626099,0.48560362829323345,0
-3.4960031675220735,-1.1716771402774642,4.30889926492619,-0.5295054387493696,1.5414683957782052,1.9474045770142365,0.5708739778026024,1.540394421809699,-3.812391906623462,-2.30996860043844,-2.2707536670841186,-1.183925203843529,-0.664012778776987,1.5930936181652504,-0.056514926086760564,0
1.2121031062675733,1.0475058692060057,-3.296706600998278,-1.872814623147634,0.8403421802267712,0.6864851698013559,0.5995953459725141,1.0150484561437498,1.3630212517331746,1.2168597091290014,1.7864176348181406,0.32352972008538217,0.12416336076278367,-0.3050755391022553,0.4029567332922508,0
0.8068603923581796,4.318699734463205,-4.361870576033502,1.4581140404618436,-1.4237178187039348,-1.618095577693274,1.4801734173632757,-1.7190853620196611,0.42420966776318453,-1.3592890514201645,3.851526954291998,0.9826032779998233,0.5077383905212357,2.3819449834156243,1.3072485921456354,0
-1.6297948732402272,5.2378255270789005,-0.8507256229921438,3.3321176856598167,1.7041296295328423,-2.259085213355709,-2.479016097247352,-5.101689877200311,-1.2510949199103194,-0.35412123567735054,-0.010972494049322545,-2.77197657667376,1.7279795949675578,-1.1422746539202735,-1.5662889738931922,1
-1.782248142935969,-3.1592915739800227,1.5525603775438745,5.5162905516505525,2.331486092556837,2.237443719022255,0.10062781555743272,-1.3474418000405506,0.635438658430613,0.14116624938799208,-3.423283457501988,-3.9738292259379375,-2.5110172074044748,1.725518556754471,-0.673940859365713,0
0.6199830635362736,3.6877067355582516,2.1006267087669617,-1.7092061001804075,0.9138897415259529,3.000674877734595,3.99679579733875,-4.671220534624629,-8.484057958945389,-1.5658563846543787,-1.8829443295015915,-1.4992509641738434,3.023783414945484,0.9564964758415365,2.919168714356333,1
-3.740755512800163,5.093499851818235,1.0881058840375226,2.490961369356415,-0.3107771787876778,0.7978618900161911,-3.363479909369656,1.5492727337675047,-0.9026731503366863,0.3842581368216289,3.11882617163376,1.3406778777964554,1.9463607455669483,-0.3260603224520199,-3.1579319127627734,1
-1.7129281125645441,0.6675458309482648,-1.2858768342228046,5.066450817003384,-0.019088750235941546,-0.6441226802585698,-3.4751460090606203,-0.47186589878045115,2.0826154601867795,1.0881052926004298,-1.0932534381846044,-4.6988415899648155,3.6346807063026727,1.4585427656604837,-2.502594762265919,1
0.8467240992123821,-3.4287458982524437,3.3561724125127155,0.6562623490278119,0.8930043681997122,-2.2241371257511746,2.801929099646686,-4.397692560859122,-3.4271796219754167,0.3889585360402897,-4.511729663475939,-1.0320860061904986,1.7824838999538861,-0.08883214084491302,0.2935769253497369,1
-1.9160863890964375,6.708019613884211,0.08681437620898969,-0.24060994947545655,1.3162552162551524,-1.8979224559964691,-2.5708480263180875,-2.0724816983523264,-3.330375221805683,-1.447466417273949,1.5524703309904804,-1.3100929355718263,4.345699382275457,-0.029943447057749532,-0.6220065740300409,1
1.4149337977743033,2.00808383111131,0.7770284857077798,-0.8723818306659644,0.07451238509633384,2.0490867730386717,0.3086418466558001,-1.8863460704274018,-1.9402335402390742,-0.3235026694249729,0.30513556271374,-1.0223464383601608,0.44684400537219426,-0.5726385194242033,1.1188215621582678,1
-1.2800313321681682,3.75604861312197,1.6349846506815142,0.6338355498964681,-1.286609125399738,-1.3544303630794485,-0.7936443783166311,-1.8275411669189892,-2.4210340008945384,0.8074298502955989,1.9003820530953197,-1.5647388166796765,1.9845467114965138,-0.39858366430086173,-0.17275928939322238,1
0.950885943154112,1.4681818822949342,0.848094419532835,0.3863089972387759,2.1981395194794824,3.3444540893164274,-0.6266047024176493,-1.3091477362259052,-2.173746394692098,-1.982626328199508,-1.8284902265105871,-2.0875751976842896,0.5633056121009414,0.1164519777073494,1.9900004822653037,1
-0.26074575732126704,-1.6548505230643396,2.5471055830807963,1.5133028247061706,-0.09042410067529387,-2.4033987909708783,0.5015894722473546,-1.2270168163639639,-0.4861636858939224,0.7003291706062024,0.10415090887999501,-2.9222411949100513,2.49137438512624,0.10512109653044063,-0.8536520502383648,1
-2.244551952444834,2.3902193877571345,2.613182146588046,-0.6051901592432705,0.5224798230941273,-1.6981859165000914,-1.6389566006151115,-0.19207210470921887,-1.8987181457555855,-0.14187672638301077,1.5792805254574356,-2.1523515995692946,2.582476821528333,0.4229286085112854,-1.6295316344833237,1
-3.3537499268377635,8.144848364288453,1.8087695240755661,-0.29065123708195095,-0.27741743142964365,-3.6562648667843205,-3.1789063387783614,-2.613964595682102,-4.8106649825111,-0.7361867100886195,1.8543680200301724,-2.358879125596543,2.9953987259002783,1.056258453447951,1.1280236832859254,1
0.9171645595635988,6.217328002028873,-0.1767639204886129,-3.664882869290976,-0.1456973997215546,4.715795516269556,-0.5744646300821095,-2.5807782600724747,-4.482392770113443,0.7397224864874274,0.87111195201995,-3.0691866033874033,3.030550061892791,-1.0057305503479816,0.19487056526362556,1
3.2200034021934805,-3.382496294075352,1.5200716091547635,-3.967083598435204,-1.1074250456007102,1.4209957510734315,1.920760349403488,-2.4687514159976356,-3.3785003483142035,2.0429448611350307,-5.870373166973706,-2.3070305855019586,3.1063805387369428,0.10400542314856936,1.773374395922839,1
-1.2249020045321526,0.9632716905642381,4.368289290705125,-1.889060150478603,0.9275915211742136,-1.6336939425933275,-1.5237238069800918,0.2226099271401789,0.08980747849299384,-1.2594627649143568,3.8821953126379887,-0.9113408546832854,-0.6253921999266239,0.8418566293964815,-2.581199736320245,1
0.7814778423145876,-10.931679329937333,0.7549790280481237,1.1849971516939373,-0.2815065614207691,-1.2109312217690742,0.6607212459901414,4.7859974953328255,6.603223168945862,0.7386080660934153,-2.2109682426958663,-1.2708250313803777,-1.4208007897137216,-0.41205565476057665,-2.203814236305358,0
-4.611370602390963,2.722491892780944,-0.9105666944037143,-1.4584285414980043,-1.0892244918732625,4.515288963987256,3.2771309086249287,2.3381410473070927,-5.748663315294592,-0.2636990658730787,-0.08214784107356743,-0.0007321078529427538,3.7168884295675166,-0.0087895221227777,-2.2290574761025876,0
-4.2005247531336245,7.0400173400783,1.1005791508696465,0.141184355312042,-2.820266503429235,-1.690040882821812,-3.317825202955395,-0.5000115336541977,-4.41235285642788,-1.7423692262512493,0.932763832331449,-1.7204609293486228,4.216368902389348,-0.5979493450178113,-0.41324481959954285,1
-2.0438442537576536,-11.301916755013808,2.261476022059433,1.0934982128671984,-0.5342620226721879,0.05154024570974891,3.0912544331707945,4.268786805765988,3.92325666739598,2.013320946097442,-2.8730671131506895,-1.9057097520227748,-3.084091699088327,0.20015166480742466,-3.3891981735267898,0
-0.8666749641458844,1.4462174673619062,-1.635039750489123,-0.7722954943915252,-1.6980761479195645,-2.270576486869324,1.2578370215985553,-2.640202187834893,-0.7430942833324897,-2.1349218907610115,0.2116838630281077,1.6775619750495316,-0.05227083478970074,0.6154392512912192,-2.2220940642872358,0
2.3764318897963186,-9.592521704849242,1.7192479434398324,1.130547531418332,0.28114325269156065,-0.3251917599860217,0.7174419682596173,2.5080394091968925,5.56257595556941,1.4221418115480882,-1.519687484994322,-3.529650957874926,-0.014548458102860762,-0.9895804037291447,-1.8408686239836725,0
-1.289978521818241,4.278208371410809,-1.3487651323774061,1.6803682850980954,0.17958088931913696,-2.5399819379367674,-1.7074958068985295,-0.11047422570794607,-1.4916124869254088,0.8705507172005115,0.6754720444384537,1.4795134411771758,2.242561994687582,0.5875252900639945,1.8262694221525657,0
-4.224019287482969,-2.8456889100423903,0.53334681640649,3.582396483650254,-1.136890692399149,0.3528701441384652,1.7201245222344705,2.047917689931253,-0.2522227926036832,0.7254915722630145,-1.594761001232715,0.6374087383102784,-1.392884364541934,-1.0992485575665147,-2.003523220748569,0
1.5232070158292652,-1.1819054610178235,0.6600714717035883,2.364623316495797,-0.4564715159505109,0.14712719287415377,0.9459776705138729,-3.0109806799690095,0.3820091440541294,0.6020525232101246,-0.2373013690875445,-1.2312110737738318,1.9917387117367662,-0.3872540540989525,-2.2551680476355056,1
2.0389176362729833,-0.6708249776023615,0.6329065592809425,-2.210486730738909,1.3424598894067097,0.8126505676134995,1.733435753719373,-1.6311228947588159,-2.6093360275869077,-1.21028911423038,-2.287892273132561,-0.15033519533956308,1.4284803681000648,1.1709964932042665,1.922211697363732,1
-1.5130670074083548,-4.989063772390041,0.8825345266937242,0.4303637601433299,-0.1315940821633258,-1.282426506760455,3.529493859570517,1.0158431123417788,-0.03810967653886332,-0.1847259119794835,-1.2009974066492952,-1.0241217165526348,0.3391065608888659,0.4266317859767969,-1.6343061924491706,0
1.7407760455983297,1.8415558424051917,-0.32762032360790494,-2.837510063284654,-0.40969388995269546,2.442795572603001,-1.2168591793785986,-1.960693712587819,-2.633831499168227,0.7271137633387429,-2.9002797573909285,-3.121630730192523,3.735311653838675,1.221834906005519,0.692694087571882,1
-1.7652690910558562,-5.39499905809123,2.9150398594133655,0.9735453512233497,-0.5972653732735059,-2.3432958918446967,0.15970532306053675,-0.35930053540482443,1.811637166392044,0.35484015557029747,-2.374626589596775,-4.023360175480898,-3.3219330182860096,1.0581056179960362,-1.144112886920011,0
-0.5815006891670624,-0.7474865479167063,3.6122709326463123,0.7686212384709209,0.3039701778943337,-1.548822230834254,-1.9210385859795123,0.07533624977411213,0.4608399616588499,1.4099875116161396,1.2259666768557262,-0.09762302117909583,3.077197453321919,-0.7221348703287477,-3.8697332079533453,1
-3.6152931178218295,7.425874307342616,-1.6495383090315585,3.6780602684775117,0.5397907333710997,-0.08594857708874937,-0.25924267715451776,-0.11936426093971297,-2.7841900619479945,-1.5458036763256162,3.731508955383914,0.715800574770339,-0.4669992740142883,-0.5132741367946773,2.1873183361681234,0
-5.232267507963943,3.715038821091933,1.894551569820424,3.6731828046173014,0.2698236323771812,-1.3094942008689623,-0.3254619920320263,0.30299306050322405,-1.7666422497347434,-0.7585232609792003,3.131224046228698,0.45552832611657323,-2.592585847322985,0.3075529177284476,-0.6736775167488083,0
3.6577025349141903,0.05658307067912304,1.558673256992353,-4.398562671500402,-0.4867682329547862,2.395379648745101,-0.17569097150812407,-0.5166481776264868,-1.1586994476896992,1.5817541575774825,0.12332673956996887,-1.6377447184173821,2.322722341981511,0.5444413336690117,1.0156070330264484,1
-1.7939000511240852,-10.33227288317923,0.4318816784624686,1.5608704755167342,0.7123833448664562,-2.6438650991435644,3.077272615519524,3.4550511691314236,4.9890249410820315,-1.0819458791789647,-1.5016076790895403,-1.6219538348076321,-1.7597545409531008,-0.7876615918104071,-4.0011786979653925,0
-1.325049319808577,-2.8691834424618508,0.7479490679704861,2.6475360042914255,-2.5343361918071157,2.7561630836310584,0.618344077031241,2.681193956044715,2.647949711997313,0.631217377651321,1.7642806599672232,-1.9779854657575693,-1.4689138537636306,-0.00023548491478317415,-2.427786007360696,1
1.4347428949659473,-2.798931673956513,-0.002321971179889637,0.7486546080984482,1.4072110214783964,-0.4022891819261303,2.549026645005158,-1.7944061553458184,-0.9730298246251634,-0.7479336218779372,-2.986976025217202,0.8912988653777685,-0.10845132257861967,0.5823128855244826,1.3288013830062588,1
2.578707124890185,-9.599253733051434,-1.1711933653942306,3.23840490168244,-1.8104228817303614,-4.035507171225667,-0.17296938422228592,1.4804370480619249,9.589617169151854,-1.359066496888782,0.1264435550639582,-2.876053728617249,-1.6049735135076677,1.5325330906092762,-3.0887053397184827,0
-1.2495374097509386,-7.3163545734238085,6.060016283452821,1.83958541960642,-0.11599872616058583,-0.32815437611321463,0.336109327056326,0.5850813483863022,0.6709276906444369,1.0254065707512867,-3.7363022893958386,-3.7437969742148653,-3.779593901721236,-1.0389734837147642,0.3704082819436092,0
-0.5486597904287464,-10.845281922881012,1.0292084037049767,-1.2689329354838361,-0.6626433938280276,-3.1225096071050364,3.785118300828031,4.039146550603944,4.949498368483949,-0.3169070486057018,-0.29629932378245094,-0.7025729683868167,-1.435632340644317,-0.15843664412723335,-3.896208156002908,0
0.22387059481143434,0.6501762739780717,0.0835831355277703,0.6785294395891658,0.4810557241417938,0.82118524585912,-0.6886812249746195,-0.10413735314327233,2.44699169197194,-1.3844356039063366,3.4863038905210733,-1.985230696991569,-1.1826288918676977,-0.026296200865641,-2.058747091954306,1
-0.556388404477736,3.232802070938596,0.6336728112402681,1.7331032711478982,-0.8225196441816829,0.5548207634526099,-3.8076967124390824,5.684145712581067,0.10906264586141731,1.5813759691714335,2.511467191115111,2.115847466675584,1.7875931724619574,0.4749198737938048,4.4662031080612845,0
-0.44318323520096836,-5.97330933791717,2.382052218702696,0.3597720646951792,2.0732567066828906,-0.3584295267516808,2.516966225379682,-0.6166902177031068,1.4896762274589221,-0.5392647112273649,-1.1597361717767949,-4.641804856728726,-2.1903362786607534,-0.10936906641045824,-1.7633781238659956,0
-0.6917488072279934,0.9105481397683491,0.7440920782233817,2.6738313525768302,1.080621208954168,0.47170597474455755,-2.422539492556736,-0.9310880978035776,2.20638149625102,0.43850615570885465,1.6574998999040798,-1.7404207454101557,-0.11631159860970697,0.7787397853595502,-3.3178791448524136,1
1.3131100954794612,1.388516780037104,-0.23122348909169532,-0.4450968327828688,-0.15344236731551375,2.2908978958258968,1.8821985030228932,-2.4611147632794457,-3.055075437774536,1.5876929682261434,-1.3314535203875946,0.007078653801410706,1.3212552663949568,0.1964533795681345,1.0875725321201153,1
0.8521585922023128,4.855889395190011,1.5277938472763022,0.2815647656506943,0.28169591382735354,1.7819857668486476,-0.5297919152146848,-4.871605372390757,-4.705931948889702,-0.12019834358743646,-0.9978304601241895,-1.8142282409811468,2.5643452219393312,2.126441827526385,0.9860592277011566,1
0.4418177533962704,-9.868066377560394,0.1270193715092336,-0.7505314237142677,1.0688892755441985,-1.905006658643676,3.7725858194388264,2.194652034242001,5.526529960703127,-0.8069220858097825,0.4822107236589659,-3.331147886983275,-0.9908505081854535,0.2897671443565355,-4.6668592184787165,0
0.508072098683173,-1.484628706937879,3.3909338460957974,-1.943890382990656,0.8377462255551519,-2.0193574555528886,5.1501760791305795,-3.7673516984835356,-7.049861665005811,-0.4977451422811719,-3.4168200244561957,-0.8856910841369847,3.8602388266152707,0.9680227066762607,2.3768867183411713,1
0.10579437244918233,-1.3354422043060177,1.4277007877252026,-0.3648041966625388,-0.6001564950088275,1.4301248435536955,0.5655164633447827,1.5908023276157182,0.13906659118526693,0.31725858127898193,1.1113307621429227,-2.2130607408462164,0.7128777305863055,-0.7936164996533775,-0.040987755294324746,1
1.3779717446469428,-3.3368355183640412,2.9917324781283003,-0.05285505211603869,-0.4484904308664313,2.039028050188255,4.490775098017567,-2.48885171107664,-3.679589514039985,0.3465331468192452,-2.5162552436818686,-1.54931207282305,1.8591771732691962,0.8982968712060478,0.20227644926906474,1
2.119018307000114,0.1597336546049546,1.7798297880391036,-2.8005890259133865,-1.3227829747262372,2.5133767503617186,-1.3189024813614916,-0.8971458650468455,-1.275566614395778,-1.2648942084533663,-1.3989765510844419,-3.5010824906526,1.912415998424608,-0.9537636658717974,0.725416124749401,1
-2.1288984502751456,-10.51155545733547,4.669660741619397,-0.13427558069588708,-0.5128188094563434,-4.917840991486004,3.0150925221286276,1.8204988981117982,1.4106749168144108,0.3070275179293628,-4.014295578845976,-1.4442942591977974,-3.6314572494842574,-0.682632022012122,-0.3663580789506473,0
-1.6492734515220788,-6.528711607754384,1.2356144114675096,3.7309012545218203,-1.2346454174818653,-4.888057619718815,1.9196204671224746,-1.181828969996137,4.12981320128214,-0.3211521871301564,-0.6303811036637718,-2.0849722431366677,-4.848032507494713,-0.8862384333634628,-1.9989516215958973,0
2.4639304286758588,-4.423038718166524,0.8350043278029623,-0.9601278945101105,0.5197333059950014,-1.7707969345259502,4.196818486325284,-0.5848193996820801,-0.7053564827814819,0.6333012362556484,-1.0691698859545977,2.0828060418506533,1.4991898093310692,-1.244362484149788,0.8014389358779156,1
0.05059865486875448,-11.610586415231808,1.1062627723344822,0.17588807144334884,1.509979610415489,-4.75383962347982,1.9247563055161412,2.962357857973066,6.850705124724887,0.5920318093946155,-1.4835693404858896,-1.872925248253255,-3.232439742729553,1.2576769778532042,-2.8900122957420917,0
-1.6433585854563137,-0.6611350158864396,3.63994663888119,1.5095449376771206,0.5668169320620609,1.205420080555271,-0.9835125257393834,2.9064107214802783,-0.19216584014604832,0.02715490922249759,1.2279467107452906,-0.5733950746533871,-2.3078707833274263,-1.2492355195726326,1.7198580104633754,0
-2.1257112369872107,-8.145025126626491,2.909052293557709,0.959682979215459,0.50981790844696,-0.9537874024945681,2.463626154537207,2.041060659950455,3.1253572961594056,0.11233206838720484,-0.9336218676272885,-1.526507780091505,-4.509634911178423,2.3906481343358488,-3.1306998483872563,0
-0.39682899025574847,2.783710898850893,-1.891930957240799,-0.6304654828797176,0.6559556222187976,-2.1592015141966625,-2.108912541004228,1.5229710352476964,-0.7964021669384218,-0.07090810708075847,-0.5283222603407611,5.055864530998153,3.0545184610134792,0.06299778557854581,0.48997207871532034,0
0.6246963168100903,2.272737244530071,1.126447379040841,0.40780755201422547,0.8388708606780273,0.8842941151928616,-2.2264540239311237,-1.276491297374256,-1.1421064424214524,1.236848707354141,-0.9374088830857913,-2.32169843340872,-0.650631774012504,-1.166713272731042,2.9289197557449196,1
2.4166779873465574,-6.016690021564273,3.169754748366901,2.1107307476071275,1.7550836057615369,-3.6038256674668907,-1.2830889788204454,-1.556393813966352,5.356533457671205,-1.1810050084309451,0.009483849501010111,-4.278170560820564,-3.0504359957682046,-0.5028247189356159,-0.41740965397040886,0
2.714058011010848,-12.448669451459633,1.5969192169815825,2.867641006614866,-0.6994895050506996,-0.8390218832056477,1.4094306828995742,1.4525301457559803,7.213470730315173,-0.48870197023212386,-3.076740000272645,-4.629249010401321,-1.7679060184287108,0.48052966252196005,-2.2413486465460934,0
-3.7774998024753605,5.7497518281455555,0.9884405499901253,2.591564080082988,-1.485295181782108,-3.0922987386275245,-4.183174314822267,-1.3725821803766287,-2.385681010322304,0.18088362456584986,0.5857779267930029,-2.9515836396572768,4.238364053413489,-0.7246173885496873,-1.0224947093994903,1
2.9266145603215783,-0.5127805931417212,1.7925743466756314,-4.709696089301513,-1.264647272286512,2.6462794830727656,3.132546511577232,-0.26686326760468226,-3.137893017335102,-1.3007118005919829,0.8623107101304224,-1.1333128564622412,2.8171852408273312,0.9242969323081122,1.2371038588213006,1
-4.062797351617258,-4.5302385926178355,0.9356203235147886,5.666472961340399,-1.5068016448352908,-1.069104319615887,2.065322680457954,-0.10817709126449726,0.20044091614685428,-0.9287833699834165,-3.865098175550148,-0.23214624570010978,-4.060010051316656,-0.2136303084853857,-0.5455356599815382,0
0.5491140408060196,-3.4321189576153834,4.9202910753942986,-1.1325474309516619,-0.5755854538452915,1.6220881792605193,4.6819556022299125,-0.9265671646888352,-5.639834102149181,-0.10619937177418337,-2.6075559197095926,-2.7547129285132828,2.9892707446599536,-0.22252208025806164,2.17607599227473,1
-2.128871078113094,2.8210933953321224,0.41176251234843697,1.3469016931520617,-0.7229475172350517,-4.063306551625847,-0.9357103692216338,-1.9279541959182511,-2.0861154865345846,0.49467151944802507,-0.32225705794865545,1.266028456818336,1.3890690763970097,1.1045545249911912,-0.026265907708794556,0
-1.4706819855548985,4.131260588716854,-0.10242539915805793,3.319436564425639,-0.5717542523576646,-0.46465506197029605,-2.4817086448452947,-3.1203616605085234,-0.4195747218993776,-0.13167378245531886,0.9588120882826411,0.18611056939565684,2.438036477460841,0.270321245843369,-3.9933725813427268,1
3.118731793643759,-9.951761669212877,0.8940699858997523,-0.14837501419140775,0.5913201605738434,-5.732205587415132,0.6800922775529931,1.355727853564057,7.565383675142949,1.3700263763762275,0.10087259828607009,-2.9426922416796346,-0.9313143081463802,-0.9481239464325425,-1.6545553878534995,0
-3.4345095883993078,12.028200386730004,-1.0299368274601166,2.399835470604796,-0.20762913652587592,-2.315927568278355,-4.159085635586003,-4.02835095901283,-4.376372246406523,0.6351310389802319,3.1024329510636246,1.3327415310247375,3.521610726001014,-1.0645334203617114,-0.8903554584434469,1
1.80244360246874,-0.8054401994197821,-0.003807763432003952,-3.807016904042657,-0.27232460999476205,0.6095123241510276,1.9778210426629939,-1.070950365298278,-2.980774938135537,0.014079798464584264,-2.30760550791111,-1.3074153050597028,4.000015959311586,-0.26866861640904127,0.6551955466509328,1
0.1305100949765572,1.8662891190271884,1.20131317568831,2.115494293318083,0.7034545444193161,-1.232597445802849,-0.8866016223650139,-2.748766999736921,-0.5736198041802157,-1.0703024157146448,1.0460744776010762,0.5928598052254284,2.6440961268282566,0.11360202597788406,-2.6631319013417816,1
1.8750439763283087,-4.465658286850845,3.2280794311743852,0.6443030486342017,-0.5522744904226446,-1.0530454822310205,1.5794471514375457,-0.8411232167818339,2.32956409444248,-0.6057754148985527,1.7283386069032345,-2.296993201561916,-1.1578675452876075,-0.28687297889860314,-1.3001932288667164,1
-2.400957996322804,4.778419160611073,0.6072796539687441,3.672619389145827,-0.3685317769708997,-1.7686172048892348,-1.4156017921100825,-3.9691420786213727,-1.6967367495094496,0.17967401846044603,1.2477705307572535,-0.15778455888384801,0.34324804912027407,1.9566684572153399,-1.9975244381103179,1
-4.136587666736357,-2.4838138177231177,4.868275339714723,-0.6816635217017444,-0.6304985142467532,-1.243254299240233,0.8779622206028731,0.22528144971053266,-3.248813822663222,-0.1020382008184647,-2.8892016767201,-2.3175441180236445,-2.618699768201214,-0.9772688616230066,0.2664319609492698,0
-1.804606380227604,2.8980828039236814,-2.437927716190447,1.2624707037414062,-0.8674143292390752,-3.378496768570891,-0.7564206625632736,0.4329977332939843,0.3789344088776432,-1.8489378773712553,1.6981452411564315,1.948546626749282,0.3028902692134301,-0.37059643177535007,0.398937736961267,0
-3.1072419834712797,4.650197249887538,-1.5541572519401807,3.0053681744843193,0.56902814598146,-2.7742885613227948,-3.4855711323695573,2.740972121136778,-1.1111984999270619,0.9616880519293749,0.6721611807413613,2.926959554229752,4.398483543429546,0.7960099700058577,0.7672952787509508,0
-2.4083959877077197,-3.8260363413582112,2.6166014580071466,1.8342471385881693,1.3843117530307858,-2.959613786511392,-1.129301473406973,0.6026949925892648,4.836944021379739,0.7322676199282319,1.9251866041439731,-1.3901268746416655,-6.929390410579552,-0.5188000423713724,-2.8668156144021197,0
-1.2657420204095737,1.210850691475761,1.3020778331997636,1.7099160914694393,0.9046574819098411,-0.5481100467613816,-1.2764613904225734,2.5093666955087928,-0.25738396365415794,1.2160517252284404,1.6551094252324676,-0.31212963216629563,0.0512518022075128,-0.46932818131755216,2.4465062032022793,0
-3.915578235203681,5.9259180043044095,-0.08334531180085736,3.722985555662973,-0.6502989524671549,-3.509201723283765,-3.7010823925429834,-2.4578423607312354,-3.1667911512230833,-1.086882306594355,-0.9589350237408447,-2.350567271717352,5.590788290865973,-1.608401186930581,-1.205268703583544,1
1.6140715976722582,-3.2260199185633676,3.0661023733651054,-2.4157836857712627,-0.29566561208542824,1.9159993719740345,2.905332172582102,-0.5021927510525589,-2.821682720871235,1.039632329301116,-1.644125695930502,-2.8367470687833185,3.158755681906439,0.38356713170706486,0.07555749178417148,1
0.984130035873028,-0.7069822980057808,2.724433478617649,0.9063699617221108,-0.9490860282851212,-3.018500210896913,0.8326845271789294,-3.4906084246763633,-0.9194922189846961,-0.6653977643180745,0.4845513324407398,-2.0529861220733916,2.1556688287535333,-0.3754726122024387,-0.9665068493190686,1
-0.5828503870763693,-8.56609961649173,3.8382040848242265,-1.3672607123170946,-0.6820218148640513,-0.20202515726927173,2.0119213639951585,2.591191805173855,0.6219639671805379,2.3464013239933985,-2.9914243958475204,-5.658945235899012,2.6078192235412923,1.2053695557844908,-2.14516997559137,0
-1.5625986970645327,4.539564181366789,-6.03975082629187,0.8215838826939137,-0.020731528015692665,-2.36014062585905,-0.6837070141607746,0.5679291602375974,0.2652644453571649,0.3453095561647705,1.357873566622256,2.144929250268491,3.753368441498255,-0.7637695011880145,-0.9144759461685172,0
0.1918241651553374,-6.804684119453339,3.3992177346774035,2.8650705559072582,-2.0198498527638407,0.24248852673302346,1.5816027217601794,0.5883141636626721,1.2285534042396387,-1.0206250405038206,-2.54346710189426,-3.0311159201164095,-0.11576044222299786,-1.1400826010234435,-0.6362180578163634,0
1.0521831139600348,4.207013064098184,-0.43630209533259157,-0.02577985395257887,0.8601203919849665,3.0049837578925103,-2.782583956034321,-3.014193417404959,-2.0565205443694285,1.6342744859765308,-2.2807376085542694,-2.5407397380323262,0.21187396476450449,0.3018124860758687,2.008557959274714,1
-0.28912181757677224,-8.478903087075366,0.7380483786722624,1.3097870385991492,0.16685938989267557,-1.0086597725126933,2.8963037547076342,3.5831524871240403,3.3667608650422887,0.39726633562149777,-0.9814773457672361,-0.38910374515770463,0.7873329099334954,-0.7324538759713198,-2.766200998010043,0
-0.047401222009906485,3.727536745261393,1.1753233188705083,0.008321757038958877,0.14877034924941623,-0.9711372744706142,-1.4300023407865248,-3.306789057790205,-0.5658180821767236,0.5309868293620021,2.6958243937324102,-0.826559264533436,0.9356113066373779,1.8559789218064155,-2.65188743606884,1
-3.643606305517581,6.168019376888711,1.8227457608072464,4.5891402199766755,-1.1528662015471196,-1.2388104863629184,-2.01841715598536,0.20032552957013117,-3.254461143128679,-0.5287216328368156,2.301199033726016,1.5924675185330743,-0.31851902563835277,-0.39203986869712276,2.892968493956242,0
-0.39101696071448444,-5.162827625651625,4.035347045199368,1.31137282279401,-0.2163003284635096,-2.2135696811484893,-1.9448907617915352,1.7366616038684684,1.9811180391224443,0.015353451755977077,-2.5927760027808144,-1.5046787565213464,-1.9109668156412376,0.6951645831510663,0.992545487578711,0
-6.394552206812765,6.201212959459523,0.9637628276494203,1.8303690523733382,0.9821153121650608,1.2099505194843836,0.45168277123829115,-0.9020498075026393,-7.586804701311823,2.5036366422883325,-1.9173253113264237,0.9405182477531775,0.09026488928708898,0.9758146536025304,1.2620482968988278,0
-0.5767664584476929,2.5442125410320378,1.7389449573914222,0.48208693283098114,0.2922526095762693,-2.232931736156403,0.6866319835453094,-3.9626876398212785,-2.466567622478213,0.046885859018390895,1.2407883915032905,-1.7327823682323986,1.2249990115018163,0.13684600798785523,-0.7773195993170565,1
1.0952458129189766,2.5898032323681144,2.614661399973184,-2.025989006160321,-0.17522496663054554,3.0876198394309937,-0.9552857476764771,-1.3935737448390755,-2.339698922127056,-0.0012250383082545331,1.0555747335087227,-3.8222767951083783,0.800093452155433,-0.35245270353785757,0.9684547364158766,1
-0.6989798542773068,-4.415423214887434,0.6580029069049267,2.720427223626808,1.227987809585601,-0.7689907799047253,1.4127706347469933,-0.577239935493687,1.5006682006017014,0.07456406206049655,-2.0882326243629237,-2.6791254099430377,-1.4177219388750462,-1.362029682001001,-0.7486760193891873,0
-3.98338737010344,8.934603931219293,-1.3521219238353166,0.5983627262600507,-1.195256799383643,-1.6749376250336883,-5.708664309452287,-1.3406641759136542,-1.9613269348030598,0.7995188490735968,1.5745991855512658,-3.722224429126987,3.0045529034757985,-0.46005924222016575,-0.9076159542495504,1
-3.077801480108284,3.8556182463130164,1.1212757483446751,0.9288937156797505,-0.3507271285678659,-1.5966002677311746,-2.0346257713929283,0.12768878744312873,-2.0954529773043005,1.2223934376505747,1.4928208155628369,-1.3846780216482197,3.1294817540937254,0.7328649768192781,-1.2994221064616975,1
1.1561302543343603,-5.540379544819957,3.0171480369968995,-0.8758842546044489,1.2739467294749474,1.77187928091514,4.679074126239902,1.9498588298204425,-1.2862780238893095,-1.1382621349580988,0.04577356075984196,-1.3049079044874803,2.083575166131286,-1.4951396584838834,0.010018408631401243,1
-0.7748156664829081,-4.39873638764823,2.0237201547887063,0.6701521032319023,1.5111411600126732,-1.042776600973549,1.3690201581293482,0.12001629135120107,2.448908765799687,-0.09952832764775339,0.9823979525017803,-3.220823611409241,-1.9097479924261356,0.3577550834268766,-2.733900344878374,0
0.8643530860591992,-1.1573958459133822,2.2797795607760665,1.7586625269584113,-1.3081215769724863,-2.0999126145838662,-0.3685570987971354,-3.6677735278131602,1.061320664344283,1.553279187692493,0.45631762213887983,-2.3710949695267347,0.6590937200067238,-0.7537774585576116,-2.775475159910495,1
-0.765891824883836,-5.929363174570697,0.13868350764435888,-0.7832599945430676,-2.0160302195142723,-2.9561790775186605,0.15818921697142474,2.683796350703226,4.495242249645663,2.17009499187626,-0.1906361732207933,-0.72903347554322,-2.183183998229092,-2.045622890945603,-2.3606205917083405,0
-1.516808177877481,3.9262043784939906,-1.102186293690529,1.1965788453083737,-0.1715091588912414,0.4959031444134592,-0.7262705980979052,1.3542655568724993,-1.6276305875712216,0.9091293525995522,1.7647248333792558,-0.5728257337522327,1.5913160388112784,1.1663397115612522,2.0346440994250767,0
3.1839962436726736,-5.982322008471153,1.9061749457058164,-4.041725828654734,-1.8886191897177196,0.29208701351164046,1.7516332545580746,0.10229232772235863,-0.2533079142437158,0.708112140184589,-3.4729706004891443,-2.6749206606539726,3.633131153373823,-1.0108136711173168,-0.5100438859173044,1
1.7115129489250127,0.2874197953100117,1.7815735618929085,-3.879077396356989,1.8991853208368699,1.2740379676029832,2.9717279045200913,-1.690737366188275,-4.61781505298103,-1.7316575239726546,-0.7929163994111724,-1.5882490210659541,3.452650087435546,-0.852888043886751,1.4237624413273573,1
1.7296720690327896,1.5776914572588505,0.16071393703653358,-4.122874195265927,-0.5309596471542593,1.3632451670301007,3.1453512570195388,-1.14104558856746,-5.552694009146067,-0.36224169775737963,-1.8518792021953918,0.6179797017560915,2.0243162980837486,-0.7729036637422013,4.476758169606489,1
2.2493890013255347,-0.21834869628924347,2.1531895676221264,-2.539252304680018,0.994893334888379,1.2218905026345257,-0.8696552798478923,-1.0180391058714409,0.3542280616716249,-0.10187635503705197,1.2757168339071594,-2.3848067328403104,1.3731700475646322,-0.5979454646241336,-1.4136034401884068,1
-0.3984900280991559,1.2587032758382675,-1.6626825087959785,-0.5451445178079313,-0.16473022875896323,-1.7601690124246911,0.2568892144369055,-0.295897203275048,-0.24287293351933284,1.4886019419519942,0.38061552845248814,-0.3383058169639419,0.3710574580733057,0.08459063374753534,0.9203284812027106,0
2.8007106208781565,-2.8640471835802432,3.33046504341078,-3.0208124857924323,-0.7396290484685878,-1.5423134676596804,3.175690334910546,-3.4667437578902245,-3.4000322712158884,0.5591964340783401,-2.4390177864701674,-0.6898633604484267,2.629254994150905,-1.8208755518180693,0.7813389448301865,1
0.3625795188476084,-5.061742933756917,-0.36747624275425106,0.6850526336700667,0.7860963201043751,-1.5762384225965544,1.9132196880519194,2.3236432711775774,2.0196515516665867,-0.3013318614033824,-0.5852155678323787,-0.19497745848224302,2.242372197713188,-0.9466099102115474,-1.2181164845362047,0
-1.7762781104237189,-0.3158681423196882,2.1862544366279155,0.5223218203061744,-1.1770203880226942,-0.9715048604403638,0.659602196678819,-0.4932106161412888,-0.9335174082982725,0.1209954343635004,0.6274401011155885,1.4988667005511576,-0.6129096711906188,-0.20639905744054216,-2.2644770794198816,0
-0.44158687202498714,0.896627070984248,-0.16350062112861097,0.48325092208996323,-1.6541460305732973,-1.9708868068285577,-0.9344789430676813,1.2019085592884935,0.8495941459876872,-2.0053123968160627,1.649119641637583,-0.2915451998801617,-0.4746238879567728,0.5240350173448559,1.6870556845380156,0
0.9179011292588748,0.14388180732428932,1.3799547496305706,-1.6002513626691979,-1.03651263075859,2.854275414782962,-0.08817704092898415,-0.6713433153903604,-2.077445578369988,0.617685612811298,-1.6534056330797111,-2.9107060141155263,1.3807694924397993,1.0109095653427445,0.8978804734024102,1
-0.8770615121744694,0.5335091651941058,5.126288644159901,-1.5369847164521202,-1.5819876447035377,-5.972428946227988,1.6400541236375856,-5.246763873455285,-4.533582831857884,-0.25241972174037147,-0.21030101997122896,-3.516847508566605,1.558333846783928,-0.7493413001200414,0.5658109187956972,1
-3.4453323455234957,-4.558447982162983,1.0998854823637134,0.2966853037124899,-1.8516569636800562,-0.9612387015055441,4.308012879762593,-0.09307005164705417,-1.0847381572230732,-0.1346154330632297,-1.2289299116104,-4.186679526664706,0.2044651832668185,-0.5466878217372169,-3.2140437550812404,0
-1.708022517544851,5.130362544236391,-0.3157270547522091,1.848645606142675,0.41097616501416834,-1.5392537941004836,-1.6608846095344354,-1.6016697011074783,-0.8036107770088219,-0.7574086559794119,3.1099464550812277,-1.6517552226351377,0.6857743014767491,-0.1307003267325405,-0.09047540908312679,1
1.404664998058745,-6.89598277971588,3.6072876592150425,3.004573722598476,0.05553874089166623,-1.5025763757794963,1.076913499037089,-1.6213554514369162,2.0841988855663276,0.667394438057835,-2.8253197067501894,-3.8562215489754292,-1.7435823961597738,0.4334636741935265,0.3231920365649372,0
-3.092694519703806,-4.993793865359283,6.413354809784192,2.496400027821875,0.33635673747061456,-0.20144240861710005,-0.09407241973238678,-0.6461888340110762,-1.9209263055073669,1.0234334555645097,-5.291880141076281,-3.981736296355606,-4.663265477450007,-1.7615824272546483,1.7221375444160447,0
0.7159319309168142,-2.1196378867784924,3.7992108739940575,0.6940414619139127,0.14113489074529878,-1.9694163574439834,2.334895372849409,-1.9200976191347061,-1.2023980581852225,1.7899364863062825,1.2008571268453494,-0.2189101714053594,1.3666712181585066,0.26701033343017444,-1.2094329480789212,1
6.7117481892697555,-14.825471247029894,-0.322592734176699,2.7111278455264127,-1.1401971977561183,-4.190185585302784,1.9248719085515789,1.6248987790210196,11.226390309806133,-0.9079917421781208,-0.8195582591215943,-4.240698252242963,0.24223794552263933,-1.3093939454332773,-1.7638414464444196,0
-1.9637472616448792,1.5611181711320543,3.046611042556453,1.8846522274013064,-0.23453259251808048,-4.546615032665814,-1.9008869149454484,-2.3093464825210903,-2.0978380028797554,-0.8192475127286687,-0.4586718103950309,-4.323298383763541,3.0530440420843226,1.967366111091494,0.45572837736512595,1
2.2964452979589267,-11.39900650137379,3.1205307303924537,-0.19488716182667964,0.512583152688558,-2.8066563141852146,-0.50111242435618,3.95694246351286,6.1313463910654775,0.3974040328868454,-2.6449702611049295,-2.337982407736397,-0.19171823180337544,0.5890230796419218,-1.101837146947719,0
-0.8298894615493881,-3.7356666589572263,3.404198356812458,3.5059615508535815,-0.06086956993105802,-0.19555302866303736,0.8247898492189559,-1.4461093034762786,-0.6121311074652426,-0.2634994729260388,-2.875262430944169,-3.82315385638661,-0.8840586491044914,-0.4240765933669789,0.5957085985928194,0
0.9436282681345701,0.340243133571135,1.0048984568074422,-1.1094006598077086,0.5578630298876143,1.7723200093316636,-0.14739392725922595,-2.581940194253039,-2.3280344216163638,0.006536847735195777,-2.945962307757233,-2.7038765027611857,0.8712655680707082,-2.225377956905714,0.7905212458774371,1
-2.3102949058848967,1.4890446405996236,2.840165243540301,1.0862343404867745,-0.6167513441519322,-0.9739192315078612,-2.596643179083537,0.23603447820273127,0.08735211889517246,0.5504029783299276,1.8955540030668319,-0.9706048996978078,1.1094718175595362,0.24566324137724918,-3.2200460065043757,1
-2.753748025955675,2.4608937534563076,1.2197646412162892,3.872938652165925,0.5722367269445582,-2.6105804203036627,-1.5104713791323074,-1.6548000139890497,-1.2293795174103237,-0.6069316273554748,0.5489135120412681,-1.0177898331162665,2.5416035164122617,-0.4002884813290898,-1.8651741637684824,1
-2.5438036663857027,4.250496412223158,2.152529937409225,1.749968468829659,-0.8037326229232822,-0.6644106976701157,-1.563239540929778,-1.3903724167039937,-1.383596380602263,0.4266948423043742,3.0022702589991432,0.8583517790176578,-0.7348679299230478,2.6853053088358845,-1.9832621528828582,1
0.1985113663105056,-10.379708905960541,-2.4749951770390055,3.160452423163108,-1.1550756209601392,-1.9850832976706316,3.783427807343446,2.2866167367919727,6.643118060688922,-0.3297431588698678,-1.2947660919087676,-1.8309836969731834,-0.6523976042993771,-0.03753880137224185,-4.195269224484502,0
2.089905855634438,2.1483430561928234,0.10899588322401477,-2.08068781028309,-0.3305531873668884,1.9494109780841153,-0.1307367868723761,-2.441300062981447,-1.1100190441894897,0.969767778003491,0.8720649254178792,-1.368453530110246,1.9803718667646661,0.663094021340344,-1.1071093170470911,1
-3.067508620744319,-2.8072510783694358,0.2578624911862535,1.3941387030546288,-0.801937475063715,-2.014259306770946,1.2540471709817145,0.26913814350553067,-0.0029068227935071835,-1.319728656149004,-2.650397607048725,0.15664415096636075,-3.5824870684209857,0.47763439100988486,0.055242982277732056,0
-2.404491804489259,0.17755955551334274,2.7092284711903805,1.4675334693762938,-1.4697123646737555,-1.672374119123889,-1.0895057603980933,0.6265572126311967,-0.8447372345109071,0.2484732179970922,0.8269095986019265,-2.0816181833097636,2.0920872443085337,-0.1563754773549615,-1.5011509814159165,1
0.6396311348247776,-6.2067668274197185,2.464757187990881,1.5784598606099995,-0.1008609230790248,-3.285307139983059,2.1301118731224014,-2.1113690173210315,1.6067128182875186,0.24893461186111668,-2.0745611947718094,-5.328850740822508,-1.6334465155388975,-0.4397183593776238,0.5436926478714512,0
0.9710169180960779,-4.664253591431615,4.665053216224884,-0.6007906645779619,1.6544919295549054,-2.9785802002491897,2.5904089177595013,-2.6750939238140052,-1.4394597430265283,0.7532150359989478,-1.2651799314845262,-3.2139305114803536,2.3531262143511924,1.5019385487984669,-1.3618506945263893,1
1.8198305602484306,4.011321805344415,1.1437541302278584,-1.9883301424813908,0.9009157617853091,3.787836582643644,0.8364439482678321,-2.59430121695621,-3.704100843608098,-1.7000721649783064,1.5626312587040219,-1.8220880432625344,2.358513669023294,-0.614131808866791,0.5696147240122199,1
0.8184416140077855,-1.2929388668085013,4.508944908350506,0.7205536114160274,-0.06751400752828958,-4.580585791273235,0.9083446723379325,-3.971093656991306,-1.6578097005190386,0.019827153765367127,0.08692267866140879,-2.4815453758989308,1.370869247767867,0.15303459706762285,0.3047903156580123,1
2.3131497016610654,-0.14193579864894426,-1.538228163169015,-3.556101438729493,-2.179781191964252,4.248132830226774,-3.1525248642659633,2.7722934328122264,2.243340831776675,0.9083110412118409,-0.8822027971428399,-3.1218980229162043,0.062087394574009025,-0.4292742228731781,1.3155806646945771,1
1.604300651363093,5.265173164809934,-0.37205803627116696,-0.5140049439086171,-0.5851858525992847,3.659318044312946,-1.341689987852169,-3.220177716897646,-2.5840742118758917,0.6262442660633177,0.1189020630447104,-1.159551665884333,0.4430812299581064,0.3922725266505483,1.4541942510721384,1
-1.1971463331901235,3.644594360888627,-0.15939677684406717,1.4597643702784056,-0.20995278364111966,-1.9169397970836262,-2.11693909944759,0.5479284164064468,-2.4407147269979026,-0.0956041465655053,-0.7533342677691937,3.0824442086586035,3.1319357036253486,0.671850307175194,1.8869430437779293,0
-3.0939937092292036,3.101210551908746,2.0276979178383945,-0.5862661820918427,-0.26149246457602043,-2.939346539724488,-3.243604948450553,-0.2010174187052507,-1.283835209657694,-0.6852633084704479,1.0732808063716162,-3.7332458861548607,2.1287732233057275,0.4152954812539195,-1.204195386874546,1
-0.6848372590234993,0.6748182838559904,0.007889654464437568,3.4083544969273767,-1.298814858264458,0.19119158999944097,-1.8086313164985994,-1.5245330836102353,2.46203200871602,1.3852373796081388,1.4212161942089518,-2.1869749554785365,-0.7942084839973202,-1.1808659398008103,-2.8896652250084465,1
1.5711512091057245,-2.865385138011422,1.8580566442389874,-0.0038507463728010283,-0.20378756941675114,-0.8136080127799237,1.4282015003222266,-2.9688851034479127,-1.2080972824351817,0.634252876471426,-3.422778885538587,-0.7153632705927373,-0.3756067553875224,-0.5045605322361106,0.8604532166234685,1
-1.3747829122317483,-0.7725098481095543,2.0584995910763855,1.5747537731716286,0.1475975688331556,-1.5948822418020483,-2.6097576383245373,4.186132773202576,1.3955280692589869,-1.4260490416957121,1.2154460311177817,0.6309612138046153,0.6761472969533157,-0.6004366764672047,1.0881856153170908,0
-0.8232565555138768,1.9046359209893688,-0.28465262999946117,-0.1596268703918824,-1.053636614046387,-2.494565746885649,-1.1415594758522065,-0.30198461468929994,-1.8699519360921886,-1.0228126440726963,-1.4581054844955954,2.4883843519541777,2.0607053065103833,0.0655537251502785,0.8938678029423525,0
-0.802992838043761,-8.800429110266892,1.5365374471264535,1.8073296957043599,0.8813614866061223,-1.3061525513544154,2.589394777513486,-0.7330835428173526,2.3068948746925675,0.22489579488632003,-4.617551966854707,-5.576753465422472,-2.3742277280926536,0.2664460756186423,-1.4183732365046073,0
-0.2500721422825891,5.806999032209856,2.446274919236499,-0.08695782704371147,-0.056661542413238425,4.454187325744156,2.8143769419503597,-2.4737439707673854,-7.690394816800098,0.5515735388198252,1.3426555356862173,-1.611762626665344,1.7824516769022984,0.6290826192412396,3.938176224947713,1
-1.9746955835721962,4.525487851507949,1.8413650193236237,2.014852559230921,2.012030027571847,-3.3612697434320706,-1.621999787829764,-3.076818092599126,-2.575992207922356,0.5527197446498667,1.3347107904588684,-2.1010835421764873,1.3346914002585752,0.8291267716215981,0.6931351042882352,1
-3.5600430563703562,-5.307690856000532,1.6351062133899945,2.359868691553972,0.9506278731265124,3.291609765855868,0.2500239588305371,4.9464602551789305,1.3569670559739733,-0.31249487814126115,-2.532873046185318,0.41769853262263257,-1.9193467394908186,-0.9260621643490131,-2.6007011245511085,0
-2.4746429757863466,-2.3937619894238145,3.4198641295498966,-0.3449847396425285,-0.2637053055765539,1.99076051035691,2.3186635309503405,-0.8815865002548953,-3.4146985760350934,-1.108016393980767,-2.554442229192641,-4.897880303222877,0.1608176437640314,0.5579377815243737,-1.0273258524914757,0
1.7106707319454229,-3.0195634661183344,2.6180148240964205,-5.02932364862578,2.2068049320544696,1.242292225048035,2.7145421296255954,-1.317432402480476,-3.9616668883429407,0.43457850096541834,-3.0105908440087417,-3.816669975140915,6.036605218295594,-0.22333436943410231,-1.4118731358646035,1
-4.585391106320595,9.436276637188827,-1.5520223492734786,1.328570283209489,-0.571825785724448,-0.20110038242969996,-2.9188660825131025,-1.2626413190845998,-4.2343013252740205,0.007940523023238076,1.7417137991191314,-1.570318676255125,2.4468287761084193,0.8502330518370192,0.1889765643408896,1
0.18557857558781277,-2.9601907409916497,4.83865164178148,0.2198561447886811,1.174681132528032,-1.6827528005308312,-0.39313626547106306,-0.5271042905598874,1.5135836341244087,0.5445132224284427,1.9671947111782737,-1.7209789729954648,-0.4041571200082894,-0.7871465955299036,-2.961460277997258,1
-0.05330672293689065,0.541104750487681,-0.34245703135937244,1.5748959705788719,-0.5086148940886572,0.6524309070058729,-1.523271765244771,0.929870117633719,3.306318015248862,0.6714776714320864,3.668029116271623,-2.1914475064983696,-0.38932643323158067,0.6535966839459677,-2.2456540645750214,1
-2.793446887234123,-3.5290718087418944,3.0398041430897864,0.43487216873763,0.3191964446421203,-1.3768631535739795,0.9186630212831097,-0.22327696601680636,1.749978977099987,-1.0912035784152248,1.114948200765029,-3.9754898822210114,-3.8998587790501387,-0.7703135378908958,-3.284974234932254,0
0.7754212019247286,2.061795765085664,-3.949427952070366,-0.5153953674328795,0.5351210087995322,-1.3485952795439484,0.8158532160065111,-0.6045751621336439,1.8131600524578149,-0.9026197913712333,2.824878395832827,-1.1683535275966226,-0.9129382695258461,0.0976081411277479,1.019124697628432,0
-2.0534519647939335,6.003689019276683,-3.242856940096105,3.2331172036914593,-0.640954146351397,-0.9370778280429046,-1.309936123546531,0.7049484018989205,-1.486999808860035,-0.16515412302837496,2.055863381087705,1.0138331909361582,3.070273626934167,-1.538282942130636,1.7135578806384553,0
2.878294231823867,-1.0256176188849122,0.2815973066398394,-2.7554508195677823,-0.7446649024149137,2.1729861111146773,-1.7983840282740906,4.7487745832065755,0.8268518866910717,-0.5726082756051067,-0.11592325672716308,3.9758405568854296,2.2403522627563053,-0.8402517646186641,2.2002152130642334,0
-0.7528878110463423,-2.9088013715241368,-1.242207073875703,1.2371283310223535,1.6076173868244463,-1.2666683433423171,1.652766012267499,0.7161963755911266,3.1875243104012365,1.2604293992232585,2.066572082001791,-1.9011220021342456,0.09982644559390819,0.4163962587438965,-3.5092625433279,0
-1.7053545164522579,1.4878521175875898,5.333497984173793,0.587707503828289,0.04365273430296112,4.034835140693774,-2.812132595268854,0.5900238783690962,-4.916702676375334,-0.35641653402274304,-4.010054330667602,-1.3444619996012233,0.3216481227310257,-0.13280630207669494,2.7348064369900307,0
-2.647928303244095,4.942190716557923,-2.2759870309954895,1.8296937460728413,-0.02097995741445105,-2.2651337086000503,-2.0218268301629854,1.5984992702956955,-0.8370312518223196,-0.5181652898279008,1.8509310378936195,2.2025075438293618,1.827943729225642,-2.4202174714597056,1.0542272960429062,0
-2.9471194673546486,3.862633717812569,-3.4840244478465667,0.8995677130943686,1.0376795407302604,0.10537995933966604,-1.6714184605581606,2.6527713586690025,-1.4299481998696446,0.6325069760618053,-0.446186192930178,1.965592828151516,3.7445759461216013,0.5087407198072074,-0.26024577958564676,0
0.34135568899176083,2.2079001235458167,1.4767350287287697,0.5319266557332111,0.6045329441009561,-1.4983669582009889,-3.1772421271632383,2.6884764827668133,-0.8139745312603393,-0.918694360920061,0.43477794071446296,3.945509032354439,2.1996602480875933,1.0925008042559785,2.974069618142579,0
1.0809172934691915,-4.359985526556997,0.5669353182897315,-1.0334716065110183,-0.05087965164398104,0.8488690955501963,0.7261709138126747,-0.584129590179057,-0.5388805019430113,-1.8788569137431494,-5.326337194491433,-2.744906869344895,0.6026368322837656,-0.9198106131509073,0.9661115031912149,1
2.405424893136776,-4.8110231890913395,2.582699860384956,-0.3937194147390364,0.17599725212739498,-0.033346117617923055,3.947940138730291,-0.693923115411925,-1.0562327113733434,1.8856687850553053,-1.0565840091196643,0.2691670337269956,1.2531753491851523,0.020001322150924445,0.5540132065332314,1
0.015776798577418427,2.8920044066429393,-0.6501877138896972,1.0114766910339004,-0.14332106856435312,0.8110811783235721,-1.6646815378908928,2.6678228474074053,-1.0173123428518318,1.1081978964258854,1.1182630026043308,2.485212515963183,3.3226056134321293,-0.8529283222958393,1.8129899836788534,0
-1.680219194680511,2.3158071275234606,1.0839272939440954,1.6442679526215693,0.06987638359648339,-3.289657725542193,-1.5978670175105139,-0.14179871689028478,-0.8592086813888661,0.4242911326544627,0.8747244680126,0.6638692598961261,-0.08066997495717354,-2.990601448204536,1.5771456261896997,0
1.7054848475430697,2.741468105549822,1.5739477829985296,-2.7046397378384546,-0.7965255751603473,1.4644147925473756,-1.8755861456042693,-3.654583227765266,-2.8471987558648713,0.642400422547114,-2.173015404806981,-3.504692616313952,1.0060202518736905,-0.46169871558758396,1.5359881532196649,1
3.4079534905638846,2.046434162609542,-1.2090439608222283,-2.263705597833321,-1.5171033671831091,2.0330944704419416,-0.8798264919785495,-3.237497835802344,-0.9944406639911875,1.217167134896644,-1.9723805047617164,-0.1296779270794466,0.033664006398923085,-0.9321610548653619,1.7404351511614915,1
0.13023309285541562,-3.639333072278381,-1.8936228679178035,-1.2716399292033405,0.2673913007974061,1.462460659297725,3.4796849610057485,1.2627574243996988,1.9182216696040093,0.7544658289351189,1.6834439835255037,-3.552754507843211,2.571617380005663,1.2867697563752534,-4.2316384241171985,0
-3.466844182460334,0.20301169621387316,1.5056966894031896,-1.28601081859758,-1.5478404612786616,1.8946349682430208,2.3276474918924057,0.739957745270733,-4.885007857159698,-1.7599519260721297,-1.9698376581463897,-1.807465856861441,1.9356052427628252,0.8915784566951168,-0.5462715706269177,0
-0.501973752404407,-8.0525178097205,1.8407461942515042,0.3489970665168647,0.5741642083638515,-1.1722787436562618,2.798735728876863,1.9214565610335554,3.406209292789844,0.8550016347102224,0.26340169067186214,-4.812377829855262,0.590267070020067,-1.7236853785590116,-3.8761616416846745,0
0.08858907526673376,5.199752623915968,0.01943209643401178,0.31015931814254993,-0.4217690877659065,2.9502492580126214,1.7359408942893482,-1.835520350740709,-4.5019825125742345,-0.8205852958539446,1.6515945014601456,0.30208263897724064,0.1638074047224234,-0.054424300371305634,3.1031883188440297,1
0.8950009258559168,-4.733144699564606,5.907788630224539,-0.9287233348043231,-0.8726919359140094,-4.241345517514301,3.6005384556966176,-4.201873295963183,-2.3795108713890594,1.5353277333766129,-1.1124330269675013,-2.8892242240782595,1.0154362929892948,0.006547891718373756,-0.9664343474043062,1
-1.2120722304022538,2.233240866116644,-0.7962675940771996,0.07450517887544406,-0.1622191490215529,1.4542158130167047,-1.9084164723255093,3.9014202718920172,-1.4340291538522594,0.14583626624197032,-0.31921935253801625,2.7927061315839286,3.3063068581440396,1.8289096324371783,1.1342933806578432,0
-0.5429871574567952,-0.9281490999576171,1.6114779645710657,4.879002775030539,-0.016226208704295298,-1.7141935181206889,-1.2898304158068656,-2.537547982801196,1.952458556955723,1.7635375024423534,0.47528582454267787,0.4624664668475502,1.61982806108385,0.38172664678788615,-5.061480293950547,1
-3.012226521444961,5.2091556380975526,1.7656334460541157,1.1589720524291702,0.6768621373344127,-4.123211104655346,-1.732069305661433,-3.8369433987859276,-3.9873891961457772,1.5007363826579414,0.3287373447107662,-1.9313850046427414,3.6456034674402122,1.774418532880004,-1.2219140370049013,1
-3.5413429674419596,1.9815729287384787,1.4917994834914623,2.565889153890665,0.036152527925827134,-0.06480552612381629,-2.2632862526414175,3.8334851883854344,-0.7461623808962251,0.28922194091661935,1.2661353671174584,-0.006312625144510919,-0.23556367760943098,0.27202689662882695,1.8051328060463723,0
3.7725912061333986,-0.4931578414064328,-1.1614610467363953,-3.8558482099811076,0.17078414760020774,2.413406098497341,-0.7781937872884339,-1.6413540383521228,-1.3482168495320541,0.051243511653020504,-4.865280097529367,-1.1381171732596522,1.0164873729553272,-0.6108380022781855,3.107400639831668,1
-3.156753840635898,-1.3212333807719834,0.9912330152537417,0.7388366041441278,0.08190541260407326,1.9809052572172927,1.7794627194882673,0.8928872860722098,-1.6135443470746031,2.422555574595944,-0.93907627773951,-1.8857418104104076,-0.3435310407875227,-0.981609264444058,-2.0067717253770843,0
-2.09132349559588,4.169988248262552,-1.742974167131476,1.2270201849835547,0.09728872853929155,-1.2878272051485657,-2.601136867923291,2.899362588893787,-1.117822619458797,0.6200865894994544,0.7399662487564217,3.248419473330949,2.908535656570118,0.9537502593951385,1.4353160778196887,0
-4.795709124393406,5.000010023911055,2.776667305078951,2.5710245204304973,-0.6926796792795997,-1.4650172263987093,-4.381789686578287,0.4663887750128721,-1.5289703402168906,-0.32430188532020293,2.110347058850383,0.2046861812783496,1.704891642680869,0.47469122448500445,-3.186662021943362,1
-2.7913956653056835,4.37166135998195,0.09338717661234996,2.9037724230501487,-0.7606817398859019,-3.0171271477708217,-2.391189603442606,0.7902803395490169,-1.3724848794094189,-1.3312199885071314,1.446440598202426,1.385731966842852,1.0299412273101936,0.6687245052724784,1.8642171939342504,0
-2.8725568014173772,2.380744212678205,0.4344451411821695,3.9662412240315272,-0.8186850432111983,-1.8983346067839275,-1.3427811707548574,2.1988582873480267,1.1151804746393532,-0.9733574194340967,4.1052927223867215,-1.6376152326357607,-0.9444598980842875,-1.7698913358905783,1.306579058363853,0
-4.5285850014634175,-5.955540149153,1.7193143839645424,2.6644422916165595,1.512126142376654,-2.804631543521161,1.7769903779536793,1.871995075387474,3.0511272774717435,1.6736906973213392,-0.39013043282687243,-0.1512409659975451,-6.075669580034645,-0.9461535811296805,-3.1340614295365654,0
-3.6762583724079003,6.882068178027367,2.196596728436058,1.6025674790493305,1.4508473357321354,-1.2171927486496439,-4.251000731741849,-0.3438013402098543,-2.3569024917270625,0.028680695698867664,2.9483026158330023,-0.37114281325379617,1.963018082864048,0.4212222394352376,-1.3813735961259943,1
-0.4589633046169026,0.24236174715236972,0.6487703832078875,0.17839869616068804,-0.020701003116861988,-2.560711819239814,-1.926191381232434,1.7622764952820658,-0.11928106616650573,1.220570292345089,-0.6336118404944098,2.9940750216423617,1.8063668829012387,1.3790232409712908,0.7661647089032729,0
-1.6134382373836866,2.802428277519355,-0.33617485111054335,3.047824470036688,0.06368995542688848,-1.457540582319629,-0.5106201336489616,-3.077927739719111,-0.8936341447841329,-0.5590945721049398,0.5663829515790805,-2.839817600952992,0.736090340371199,-1.9379733144883526,-0.728967712428363,1
0.7682289720383255,3.322914046365088,-2.088733431594466,-1.239151720003901,0.431332186353047,-0.9622075720150309,-1.3603098046305913,0.4883601310666992,-0.8586331414723488,-0.9011523426340876,0.4447355799641348,3.4468392885408465,2.6174259260233645,-0.9869193832323313,1.003061810186196,0
1.3444602269421067,2.192970392324055,1.4941508825821792,-0.8092519031656898,0.44047979738721704,3.603135015697109,0.6944677160937925,-1.3292435638686495,-2.7383471271383155,-0.16800680644956742,0.5342029095563632,-1.430463850342914,0.21964913589417723,0.6761882715783463,1.863776372502435,1
0.4540679784899262,-0.6722829576741234,0.43030840473073595,2.751261046020403,-0.2326414366821449,-0.6408420399576348,-0.6741046601247381,-2.7249026592543433,2.497282032367869,-0.13426567343942075,1.1668108657281464,-1.0237325051309554,-0.058439683843684254,-0.4413736136969297,-4.115949903676092,1
0.08849547135775682,3.50230842552338,-0.23554859903559078,-0.0782172692584322,1.1803183169861102,5.06532037340223,0.2988558870621647,-1.1370046195114911,-3.6509511190459367,0.27566358173523053,-1.220194524148285,-2.3408215034461746,-0.2992870693861014,0.37431308954649783,3.0582860895332424,1
1.3307543928238839,-0.03058434970125488,2.5105448460921136,-2.0109346905981225,-0.7221591615216957,0.7659592973882309,1.4723069257692085,-2.3198227805004934,-4.3107455394859215,1.8544309005166413,-2.502748021326786,-2.472200585219229,2.573003580152906,1.1345383310080746,2.291574935742511,1
0.9078504359045171,-1.8282280164893725,2.7362527620138515,0.23983152702086108,-1.3351466116608586,0.12754797487502656,-1.976529006154132,-1.115344902221692,1.140704885868061,-2.3038449694880216,-0.8694675692735416,-3.569697047022353,0.9780989548243104,0.10070321403397768,-1.6946251484076011,1
2.5626941819856004,-2.4722138453315767,0.4163044169108314,-3.9106404254848,0.9872372384192569,0.7911072567718098,-1.012293670395247,-0.12194927520112375,0.9503637347454232,-1.2934505227298703,-2.133373007911559,-2.804091435342358,1.403537900025605,0.1757536516880854,-0.3046836566900033,1
-0.6975063845516741,-7.4412920211773645,1.8956644927415123,1.9335550475359606,-0.5223599258541148,-0.6996454950077461,3.759852833248661,0.5451678923257344,0.03810848537595078,0.38658258917092975,-3.5679072248570356,-3.107904997358244,0.4095850283257618,0.3763670371991087,-0.33455156656058405,0
-1.077538778216724,4.4058472097533175,0.9395603904352765,1.270377539546807,0.2998304641277433,-4.095179697360635,-3.0098150682293143,-4.409574223390024,-1.3228209988895319,-0.012431352181799788,0.6270936009285355,-3.609381346814135,3.186359251873302,0.20083983868110694,-1.3873103590268268,1
-0.02092142071645542,2.26864849946261,-0.9877335219778852,-0.6306244360921567,-0.6466868530633912,-1.4887410591027588,-1.8661916940350496,1.3996112231041369,-0.8482488817489097,-0.3951401086262139,-0.43568997520961994,4.728006180255468,2.341691457249845,-1.325884076953689,0.7595440033008674,0
-1.4623490085100472,1.6467783546148584,0.7724092270532004,-0.5293447572160375,-1.7097678073296625,-0.12737674005716548,-0.48636793953675017,0.2992196074893767,-2.215961457788745,0.23929011478035628,-0.647148647618276,1.4742141012955612,0.8892931806229747,-2.1574838291873797,0.06012741536037036,0
-1.9792650117891684,2.088531387528946,3.454736755873733,2.4082227283323574,0.36683486883214705,-0.7089529910019683,-3.325886024914376,3.3049284589452435,-1.7589579015424066,-0.38553909741226045,0.32284339713162713,2.8363882635498667,1.287401472841022,0.6134432666501503,2.524077214772327,0
-0.6180465143206378,1.1844062832021431,-0.04548095316767853,0.4486443866675096,0.07332992825063586,1.323058687309055,1.066963003556971,0.27344705644926526,-1.2077051183142429,1.002802734320083,1.04743323114757,3.9411473111720094,0.9081012415064866,0.8686572407355625,-2.0383041753496447,0
-1.2773234869432322,2.720875661170841,-3.995407667692709,1.08229044854622,0.27607900554815457,-4.21740522848886,-1.9734942785576552,1.8283153167958808,1.603901536901666,0.29915097295744597,1.4251119505563994,1.1834464850209963,2.4313039379690284,1.1893913786129298,0.9104121980741107,0
-0.6008899472942923,0.8144582408124031,-0.47046449665787926,3.7346013543491874,-1.2318842455504964,0.561034706868937,-2.3026545251102615,-1.1982635564894017,3.687041177650078,1.8340004182804073,2.182887247233146,-3.5571923760066375,-2.5361919270747997,-0.2689530678994436,-2.0703681033144843,1
0.17762484210660823,-7.22052065392204,0.8966001309661159,2.851783283260195,0.07363889294023972,-2.9906375749237943,2.1291428411420656,0.12741132366596952,3.9742414540044106,0.4317057853214802,-0.7627221985175366,-2.3650689058065657,-1.3465636167333803,-0.7844419187412465,-1.9260502177790912,0
0.05209377883730104,4.901944996751157,-0.5829671205215723,0.5661430249463604,-0.006392320059787118,2.349574552166826,-0.5122635213922129,-3.5816154045026285,-3.902972027568979,-0.356455786555902,-1.9129218447307867,-1.1812798494884937,-0.855949543217938,-1.235922173509193,3.2942232239137734,1
0.6318960965528646,1.1290320610356597,-0.06436171278198954,-0.6674577831127682,0.5529941576713682,0.513489720346711,-2.489208309439868,3.7392389890923194,-0.1903688229813451,1.1617832013557894,-0.241597736190581,4.011810549237997,2.3720010038286423,-0.27095067337694356,1.9312204673372146,0
-1.3538414842779862,7.213078938395072,-1.1080680540035952,2.229406573807314,2.611247308810287,-1.0116423721148324,-2.328429396158213,-3.1155869633870816,-1.3349723493220698,-0.09687672718933386,3.0398940146378264,0.8667014541477256,1.4550786102126843,-0.6651885407333455,-1.5259491126801252,1
1.068507502314711,-13.120993166470225,-1.5669178964709047,1.4141600139482118,-0.8345148555721418,-2.300817183134178,4.164214960579146,4.489976749092381,8.44818485846255,-0.7471162610326202,0.07198702346789676,-1.5951650618890834,0.13322605041780555,-0.726992992618417,-5.651984674021604,0
1.2365208731897996,-9.846030190081867,1.6959098878769003,1.5660904246293976,-0.1830028796239041,-3.2927448918935083,1.7736460094919095,0.7742285908006805,4.207966716431439,-0.3776049530579387,-3.1683345110336303,-3.9412100057157105,-0.7019451872109146,-0.6932761239231569,-0.6341653494290279,0
-0.7008273721739681,0.9114247071829686,-0.2280764318254842,3.4878333494581395,-0.20699687048461748,1.8000826321551728,1.007170223934713,2.2865728021308014,2.42788619547198,-0.017860700974917706,5.855986234973561,-3.1904886566998547,-2.6793719371681517,0.21209304417609687,1.415083930826732,0
0.6892244139132334,6.286730780373883,0.11461978547748419,1.1229190782376346,0.9436000527945995,1.8314475049057743,-2.6975147526993286,-4.267155829916671,-1.3355834808876161,-0.035031899152849294,1.9067242019574464,-1.7201939990629318,1.0283625916337735,1.485400523570422,-1.144860105395693,1
-3.797609536965454,5.035152785046319,2.7204071618644186,0.3980344622432823,-2.0766160121985853,-4.590102026219732,-3.403824178132345,-1.6479776361539589,-3.749540002389621,-0.3600313241083667,0.18941453845562028,-4.5585295218888415,3.128051615593276,0.7883648007773563,1.1621645569342323,1
0.16776065595638978,-6.1243657683647506,2.762336524605566,0.01092696061425813,1.6181067830476878,-2.3550427371669356,2.406316430577972,1.8202130787756912,0.46509324467404184,-0.029478115021937257,-1.4513347305238269,-1.1467080821000113,-0.15664783245066127,0.6834172312388914,1.322809341742117,1
0.7210494065043451,2.4526496948446233,-3.761457139169139,-0.4884682459067997,-1.7582216298695785,0.669738972212782,-0.4884510029200688,2.6427775825399786,0.6702963717593386,-1.3863790722157838,1.800359475655302,0.5803513600471069,2.4631818886962584,-0.23816954237597165,1.976771125376791,0
-0.9023636799134501,-0.7980359244422628,0.2550608789414339,2.9892686536831024,-1.531460426522707,0.7483446388593622,-0.5578177046955969,-0.3204381926159596,2.689633948075477,0.34447844084702445,1.7472560955333365,-2.4444479962072423,-1.8588902673276588,0.3752015749164665,-2.4606046941676163,1
-0.64411330433694,1.2629193494727453,1.1703478851893787,2.46561917071946,0.1375418294721938,0.8843407868375888,-3.3922268792284944,1.0197870114570464,2.0389313100146573,1.4553289348821974,1.970945596375066,0.012118884491366888,1.3600619232720197,0.7818503575829996,-3.054711919694694,1
-1.7135913185150349,5.604658092215221,3.1486549881991914,-0.3518492745181552,-0.28261239000863825,4.10415252962191,2.1718878546011346,-2.776710505664731,-8.248626501000306,-0.42981192283138003,0.0003892512441669993,-3.5411754185731015,1.0208857498298225,-0.05162542410916941,3.7593557954963535,1
-3.265756724610763,4.520739379065743,1.8019266099864844,0.22671566706797552,-0.5259720594039843,-2.9908941584433957,-1.7389777140055647,-1.4274095353334177,-3.146343833318216,0.12180132231336971,1.1563675092494181,-3.4849052909964673,1.233951890814088,-1.0029428030900815,1.0368797631571751,1
1.3362892312123098,4.206224094758701,0.9215290138226132,-2.1158948826005255,-1.4628778368074293,0.39868390005386,3.4603564116289274,-5.450811557914985,-7.592721130660191,0.3652903274589056,-1.6527873763971317,0.23550221263802662,3.2745166226349536,0.04149608622286022,2.9381552279050656,1
0.4166075541709091,2.3241733779505602,-4.065648095262594,0.8709390882602226,1.0027245500816246,-1.717024635920767,-0.4039698575682189,2.112499508099614,3.3457518359537923,-0.26015677962667516,4.801608284535042,-2.901385614807335,-0.9118239714947309,-0.45450829930227044,3.1088937434144164,0
-1.3056210377877768,-3.0107667205336583,1.3723085187113755,1.3581595030546656,1.691650408397664,0.4743514789778249,1.40073088937582,2.650719363786439,1.8040402475948183,-0.40843760127265955,2.279171935765233,-5.8038912885216325,-1.6494622944033686,-1.1969379266681042,0.962468210386946,1
0.7080239665179042,1.460900713556976,3.1184454422922343,0.25724490832715086,-0.5378290684533007,-1.7688107505575232,-3.8669672568463525,3.2158470933853187,-0.8403412152375548,-1.0800574753017402,-0.054525106562316905,2.9997852968790357,0.6548650282675477,-0.859386131070751,5.286682261749506,0
-1.520465384488759,-1.957309611456692,6.853739000565587,-2.0321014538077216,-1.3889405190630546,-3.1053698906641194,1.3963777656908767,0.32839592797357775,-3.2766929418300537,1.1581495556595445,1.3030400945061325,-0.7575067077040213,1.9426658110002908,0.41095333070803153,-0.8717390345139927,1
-3.112709240861876,-8.047598024523465,3.6049769686485056,-2.0366833029675186,0.3204616215115825,-2.348084729728164,3.7274104172921043,3.3129004036188574,-0.8140694246923449,-0.1732786482934271,-2.857360777021685,-0.7926968634990597,-0.6150401899419418,-1.0735434435238893,-1.6696419542294298,0
-1.2615113023020936,5.405605539432869,-0.9493843383187232,2.655492368280542,-1.3733242797608214,1.9910643152578973,-2.4582432433060304,4.11642359066804,-1.3742226776265656,-0.05577433767981306,2.9268231429149636,1.071510495761596,2.29793010914058,0.2918613130146538,4.118461091570085,0
-0.27747476664401893,-3.277139351597016,-1.5054297986618428,2.1934295494000136,-1.264187595991705,-0.7614765895023224,2.146387044518108,0.39994955749379857,2.060670237387976,0.9910594242225638,-0.01044090869722325,-1.0611389154028847,0.48673641890246255,1.2844943775351327,-1.732496791222142,0
-0.9434113365016578,-0.9513025955648032,3.721815981453086,2.8019529248426274,0.45855085878510643,-1.6898707481746085,-0.04905238137879575,0.022817344964693786,-0.87897364521321,-1.268797912528891,1.1084456197818615,0.10466073172660151,3.2089241979727294,-0.9243634400641593,-1.9261851360849076,1
0.05583914812457902,-5.246479424010972,-0.4339737555105396,1.222541475188161,-0.8696110349031873,-1.648103550579389,0.8357585219124365,0.7014367017431529,3.2065832262065204,-1.4031384080889997,-1.2894957459826204,-3.273786472525704,0.37159248223386965,0.6551002716225308,-1.8140251047321476,0
0.9394363886101351,-0.30889246434101786,2.3622009601593073,-0.36513215644066044,0.5551717689786619,0.2971028923696579,4.971870752926434,-5.005019074412437,-6.9338877166191315,-0.037850690810116897,-3.934413253630619,-0.512874777081032,2.1675305396537397,-1.2396704393524807,2.702640780636128,1
-2.9985748056976513,5.551970194176962,-0.9677750495233165,3.023605815734488,1.191006549750692,-0.27495126352771204,-3.5478715885575154,4.517297227288565,-1.596663735669324,-0.29804417419648666,1.7416014036259635,4.0447008597401375,3.0139900448675374,-1.0167009527519517,2.4917145221416184,0
-1.5739124484632117,-10.792979989837194,1.7004255038049405,-0.44438335862399714,0.155575112758557,-1.9466933961362014,3.75779777131857,4.055967517854281,3.6003784088339117,-1.251522794304531,-1.8353778276365125,-1.3243096124405587,-1.6098069409565743,-1.507313581481862,-3.3614017367836686,0
-2.9137814885896764,-2.3968929981746934,0.4053051009915436,2.4162011590012886,-0.42464332891591067,3.3802112281227794,1.0405660178875424,2.939273857673096,-0.8375500412223219,-0.11838783734422807,-2.323958912143294,0.1906257834219678,-0.07768801264922409,0.41222069356544727,-1.2165955620618767,0
-0.24991171340718354,2.288747471417401,2.0551980912347947,0.9473030285696301,-0.8591039801903084,-0.868974205298121,-0.5848535958150943,-1.9082696479258674,-0.7089615319857814,0.4535798521453311,2.5640147525159858,-0.05457416504563262,0.39072023110606025,-0.6588028263717759,-1.3682852056618837,1
1.2648921287422983,1.0673682087947483,0.11919804200934347,0.11359603175569966,-0.29688598269229904,1.7906117374116317,0.46200641996562974,-0.19764984571210054,1.0860898345504366,0.47439106515605706,3.6923283795723956,-0.16427496496479166,0.7338142850123297,2.3453045634718284,-2.0348308407510274,1
-4.741425722858878,6.729239000457249,0.17968894114530642,1.5369861820739152,0.1977074407087954,-2.2637322552923402,-4.402099766776195,-0.8284600902742029,-2.21744423054309,0.39145949793353263,1.1047450074196123,-3.7837671467163467,2.145129391486577,0.6744991984345704,-0.6886703845100245,1
-0.6885454239794585,1.7098143857375823,-0.14771644730868294,3.0104666681174272,0.8785325584748495,0.2883477089088389,-0.05054871288471108,-1.4134007867003648,0.8536293612701713,0.09728466512625855,2.604745007981389,-1.4272755085949063,-0.25556906234100785,0.08684851905539678,-1.6729564917282898,1
-1.8547422899386585,-8.013302045426032,4.799652746145675,0.7633957716081299,-1.4743828693181482,-1.6093402654097917,1.8298568478709643,1.6587091952710271,1.2025223206922706,1.1908859328665193,-2.3769138424968776,-2.5768274611825506,-2.6048206365018887,2.513643468208903,-1.4289378147920397,0
0.8669943869792642,-3.5792881450262746,3.970049869758107,-4.391630699624317,0.4410541128156447,0.7163217580292339,0.889668000584415,0.7223899049216911,-2.3365675127125956,0.6739443903503098,-1.999019682509676,-4.865906431481741,4.123067890628388,0.4869847076588633,-0.5060779298360156,1
0.048854751862568824,3.6017785247966967,-3.511778603657643,1.9919492735645983,2.5874412287774575,-1.2496034572953025,1.4746833822608498,-1.2561175422755677,1.0430102596205664,0.9800916201979563,4.446230293840662,-0.7213537222879833,-0.934890727880112,-1.1758597705872447,1.1684367698999203,0
0.534595330543532,2.895448385045953,-3.1751440306604986,-0.4653801101179773,0.4844842391297401,-4.365985575604029,-1.9730482251970733,0.7197979741762545,1.3960709490248688,-1.3034724287815804,1.6607384336824893,-1.4306623630967694,0.9548165697536947,1.506167130884461,3.9823025528215528,0
1.281144571725826,-11.736122971785496,0.37698843046535013,4.072185974116536,0.22463231585607507,-1.0998879286079868,0.6957597379452857,4.382840029199281,7.469856087065817,0.35706537446038417,-2.9469377984399205,-0.4634269881491815,-1.8182983135476671,0.7265149187347837,-1.6669315412192682,0
-0.9536165713997701,0.7388481778624051,3.275505243469566,-1.686271972381201,-0.8825370591471574,-2.1048723187297003,0.19548239592524652,-0.5318184005149783,-2.57365543553716,1.5531312035393556,1.1584081916351865,-2.5954507767763837,2.547983826198805,-0.36159738167651845,-0.016815765639377034,1
1.9696396547582737,0.8914919866320721,-2.0059089516858783,-1.1403388726688517,-1.4904659940538516,1.7972906805975395,-1.4620917626755578,4.2596661041730695,0.7661601738693474,0.3796728556844046,0.8177043994741362,1.5374960804718956,3.292716750408835,-1.129975870784416,2.7520729474441,0
2.4127583677862248,-7.633918181352277,5.402133264997649,0.8109846452479316,-0.06657344933036004,-2.9244626401862144,1.9114026996185642,-1.9427236879663754,1.681565661617265,0.14245175905206084,-1.0091632636035706,-3.133427582609346,1.2877807565402095,0.5081906548516807,-2.2017464936280353,1
1.1692879611453793,6.051058562973341,-0.9300359525096442,0.18012660503733802,-0.5077894908066064,3.73805913144631,-0.39484337513824497,-2.106884781382109,-2.6003060414849686,0.11623271729256779,1.9469185906044544,0.4853898443297886,-0.2230073278418725,-1.0867118956770103,2.1504814903646308,1
-1.0370045149144822,-7.102783654710628,2.289120262642351,-0.7236756715844925,0.05917346556049609,-2.7014716050729426,1.676471587660179,1.5208265115440427,2.1244802259904803,0.1790209142295196,-1.7261957341056497,-2.292649770199586,-1.2064847424856584,1.3742909135733763,-1.9551400702452157,0
-1.9951072111270445,4.105269324732718,2.6670723132450713,-1.1392293451154374,-0.3393968153666179,-1.2786193793741691,-3.3466066524242075,-1.1952767843128764,-0.6614285164918668,1.620111605006437,2.9723319495934666,-1.229246994076772,0.6168763098091441,-0.24676253886008834,-3.196340062158316,1
3.7396830180779355,-0.2715766525788001,0.992257086317024,-4.381557550744812,-1.4474622570271596,4.540550466229366,1.343515544618614,0.7720875605362236,-1.780607556727833,-0.45933512405256655,0.40178339691773246,-1.5127624417873682,2.3383426130281078,-2.002142724832433,1.9082974968042385,1
1.0391284971378885,1.2708967972037308,0.24550651798661982,-0.022232138621559594,1.0549007175973635,5.544532034477007,0.5451924481924749,1.5236871722752152,-1.0372020187949604,-0.4337129066910224,1.1436183690235717,-1.6292612049870143,-0.6750919073999735,2.4449813006664014,2.3623035189946413,1
0.027272112405350768,6.068797710192641,0.03657350967910222,0.33541800924361254,-0.2541258231901035,3.4751692433620143,-0.8346384333840815,-2.6095490112716906,-4.282034855621735,-0.6673096054709586,-0.19662991418477271,-1.86696606269065,0.1068213538074736,-0.5481628789401488,3.39336074853618,1
-3.45328999389708,7.833042643894974,1.1196909400880841,3.1416082854177674,-0.4105591886864966,-4.4911453177211,-1.3990109708150789,-5.376961327101835,-6.053036373450416,1.4142206726903268,-0.07865418100832966,-0.7598159303655824,3.987340515899552,-0.1242884594829956,0.6770760404000549,1
-1.185677284813068,6.002515279965792,-5.311339229559198,1.1738767030761743,-0.20045391335293464,2.6121290043457632,-1.2404912134659032,3.7711308138199358,-0.314266360510831,0.45228716578347633,3.0885048467677105,3.833343122201118,3.6445545972318505,-0.2466833675884122,0.3252331429127293,0
-2.5128118736386122,2.6878289570248413,2.5625243984662767,0.7676516317782616,0.437498296408455,-3.521273855717846,-3.143561331034789,-1.9202006587552802,-2.6035990917291705,-0.6823845854715656,-1.1379043923299865,-3.571368773652217,4.619217715374777,-0.39058231264857,-1.294440337327534,1
-1.6608557254981449,-0.03903723665697107,0.9511356604724783,0.040587102556002286,0.03931935677783195,0.18218723943455695,-2.4917034417180908,0.9638480092040345,2.5166670341387847,1.07015853441254,1.8780194046203125,-4.68689649471615,-1.2560872617798666,0.4239440390706323,-2.353076569596615,1
-2.089889265384129,-1.5413745892681199,-3.3679526155646284,5.439309952396531,1.0774164988521733,-4.124475654662941,2.7638292289921167,-2.519356399825239,0.31340483271009184,-2.2593708838316977,-2.362207227674751,-0.5164863268830182,0.3013335225615581,1.215325970476457,-0.09372695961232269,0
-1.411758473030107,-6.915347209842532,1.0494341331208692,2.7760267450198084,0.6010827381077641,-2.1658274245954,2.2121100453146614,-0.005323297199002042,4.345579317427258,-0.6484466533719213,0.27536958082955687,-4.406825657973722,-2.5564194891929697,1.0122459076529051,-3.9200584903732714,0
1.3823499436691558,-1.5112618954730856,0.45482728544651096,-0.19448069556663072,-2.44749514234966,0.05670637720728999,3.758374460728868,-1.4915235837750085,-2.1809908197104813,-0.13987868060571226,-0.6555363826105344,1.464172523449633,1.4306518569997055,-0.09796573209675552,0.5859625815565084,1
-0.6586393158618071,-7.620409450664133,3.251646058515763,-0.08092638081945469,-0.26812703062785004,-1.848114510133634,2.589119187536004,0.19595007355414062,1.1490107643761436,0.2089192734777545,-2.294967523745507,-5.025419521930031,-0.6839884383686083,0.06916979303598314,-1.4582278216492355,0
-3.083836038202728,6.578288317247476,-1.878003443968928,4.029141366842882,0.6945455519581831,-3.424179861249079,0.1636877548127038,-2.7615522251709024,-1.646337110471952,1.1151243154949684,3.6611384790187294,-0.25780672198440135,-1.560556479543472,1.1954064989229398,1.8029139423926477,0
-2.0648736064820232,-5.5070442790415415,5.045891411542965,-1.9536815813328516,-0.5484036812635643,-1.8261186155986096,0.3688054182407341,2.433547359043798,-0.614002934507858,0.003063637440674221,-2.048985265510897,-3.29424917396868,0.06056057724799002,0.625120456339924,-0.6776259375464309,0
2.2527855564095134,0.25284081117908924,0.3547633076594545,-0.7252421770835062,0.22367969649555597,0.7722510382030455,0.7157626675829687,-3.122568229105495,-2.2911487793097964,1.1324231099888953,-3.1010990971543233,-0.1834623578767114,-0.2734346957591858,-0.11941766989216007,2.8696755103763114,1
-3.45688437250642,7.75331525375805,-0.0061783728075677224,3.8869860342521596,0.5136012339746958,-0.9915399969534059,-3.8953210258825193,2.3699038010080002,-3.6002785797933674,0.583050730963885,1.2889750876065373,7.212033604525937,3.32326709754731,-0.7296464020615799,1.7728949927906272,0
1.3269773276760386,-12.295191420280178,-1.3295361853425463,1.0203935043558667,0.14854752771129245,-3.1915849825377647,4.535242933187943,3.5197059128957386,7.266395524243117,0.3058602707520377,-0.09602193304514017,-1.9190622969611921,0.299312625332514,-1.2217363696925094,-4.21606205776665,0
-1.2113205026543548,2.7093731236688745,1.7719892803306994,-0.8487048048498527,1.0088861367667623,0.7779587965672925,-1.0092987267951732,0.7131736615635336,-0.6512229351140139,1.8899786444022575,3.5426345197610067,0.15201750265510117,0.5691518145104958,0.4978127664133091,-2.0419401261325856,1
-2.311873574673485,2.2255226967189787,0.34438802708393457,0.45783979121438434,-1.7243436803964847,-0.3622693898461733,-3.6257650150861442,1.9403264077717988,0.6793780269193658,0.28816538694616667,1.3816901267123463,-4.72263486242814,2.4302703530208576,0.09505522373370942,-0.8917799498930542,1
-2.075549639680406,7.059767542347833,0.984634505564512,-1.6026256727206416,-1.2508317064844046,0.030794976433883292,-3.6091325358101627,0.4209547321462548,-1.0478410617524032,1.102910701701311,5.198380293735616,-0.9179345197307782,0.8777830094029174,-1.434072663335236,-1.3833940766110806,1
-4.801978723464689,-6.845431785016323,-1.082318434859347,4.982167185093516,1.0128905740373726,-6.076658356551969,4.877285531455749,-0.97118861151773,3.3026112399666916,-0.5296040488022927,-0.9948140149804404,-0.2812720741709416,-6.2340800841164885,-0.3353570705459931,-3.20328491907262,0
1.7392305175104097,-5.965504481202719,3.012954932019473,-1.6997222769302203,-0.1738135128917204,1.2274165203849798,1.8839583956851282,2.2497023445649122,1.1845388350281474,-0.5793574933451994,-0.06285936097484379,-2.4636161194612294,1.7178922981480669,-0.478366716587938,-1.2399336603176843,1
-2.896801813267187,4.34813386004322,-1.0263621419205862,2.4349587010924227,-0.8520531376425,-1.5763002877460868,-2.6094002369246603,2.779276766283318,-0.9174399916753126,0.03345412020148505,1.5811354029310303,2.4161602887008833,1.729772772316367,-1.261918976837642,1.5600149905444023,0
-1.1617687072981753,2.71468562698246,-0.6991843083683564,4.556604350237518,0.11399358939169314,-1.9356779936342676,-2.5509012176744528,-4.526741478599006,0.14325862996931457,0.2400498284919416,-1.1721442386104166,-1.8929725450166706,2.656089642337343,-0.6762615106134099,-3.3238740934307645,1
0.8455981505297397,1.3124477258036324,1.40415951450307,0.19588134625180653,0.0200032198274639,3.2249641633074244,2.1759195270944605,-2.176898697936347,-4.257171001673302,1.17093278612036,-1.4775723582355615,-1.322234416697689,0.8363762916596295,-0.02865566103526391,2.5089639157530526,1
0.831295866193146,-9.753857325724208,1.7739648537927377,2.2746672423276935,-1.183617663196396,-1.5522878310811887,1.1178773820676584,1.407119172322113,5.98847936797225,1.2031973581423765,-1.4563911523157496,-3.922482463303736,-2.6321778306121577,0.6121619263953538,-2.523764345219222,0
-1.586910744660762,3.1941128787666178,2.06704788911416,0.44458599238770047,0.9200009845150428,-1.9764807337512438,-0.7055839387926286,-1.5603543917487812,-2.19700696939116,0.5991016330776804,1.9761022364316352,-1.0106788245629812,1.349346191169321,0.3676555467887745,-0.39566029690247473,1
0.46715729746342727,-12.440815734807618,-1.0897603734313237,3.163391698674042,2.0305457232242023,-3.34395038698169,4.699100941970884,1.8695208295145949,5.2189094666401745,-0.17252437332674642,-3.95815492937623,-2.2648941144829413,-0.7004632568671735,0.22459063324999182,-1.7501819932683915,0
0.004740067062973585,-1.7245871395824213,5.001154020166791,0.1915246809442317,-0.9210259282265284,1.719669480090023,1.7352419114023943,-1.3759886322297128,-4.165363828220721,-0.12692920007147204,-2.296486711951956,-4.108140009434571,0.7552332671976225,-0.7481579372985909,2.5026063020899594,1
3.0237797123771806,-2.5859703461590406,1.3525099625725494,-4.37599214730674,-0.699582696497317,2.703368221009381,2.11732063627978,-0.9088453467873536,-2.0302217368403586,0.5764464926030052,-2.2328998042902772,-2.157889629212767,2.6220466213651026,1.7978387330904715,0.17338893021576918,1
-3.974044188875961,7.61952574933519,0.24469691980332353,0.32497189748533795,2.007988106470156,-2.235282244107082,-5.004662904250884,-0.39744486634599663,-2.549837135840075,-0.8326044119902345,1.6311566242140654,-2.429716342705756,3.550435408000899,-0.29011536499940843,-0.7464791902307791,1
-1.1358747897880073,3.4566812099223325,0.7809560457542797,1.0739817661050917,-0.362334458274863,2.351054727018559,-3.0676727453326325,4.314707910208158,-2.149424883918116,-1.0728901157149175,0.03995267397854718,5.576459221939245,3.0655854455796967,1.5439506047611449,1.4906687697897876,0
-5.079791458720694,7.851887425030485,2.6572456443145853,2.491941364096472,-0.6786206175368819,-4.3635139599999855,-3.3377101833513936,-2.7116999099077046,-5.568179448201769,-0.9435321166459417,0.7490025495708265,-0.49898295988609953,4.134167916197492,0.6115839257817424,-0.45807046017823727,1
0.9525172047451202,3.018882266738195,0.36627903975954323,-2.2040476124497457,-0.3475876229448206,1.840033652959302,-1.2768700343036214,-1.5280334276618726,-2.278654260551979,0.38200720545276307,-0.2690957859393537,-2.2678943252783745,2.866085337031538,-0.9614444439743789,0.10246693387463934,1
0.746297005085668,3.3973595003609933,-0.44321122085900067,0.14148241412037632,0.47181173950614497,1.1574666653650025,-1.1170102359695626,-2.3652504882002177,-1.8951715770541013,0.8638420936387817,-1.0041772677124738,-0.5729052601785187,-0.5458619829166431,-0.6045800876541457,2.4334781795500575,1
2.1309606317756695,-7.373243689401364,0.4610460773218088,-2.195399278953031,-0.445083285623264,-3.0090182799885037,-0.29719786788989966,0.6722983121006862,2.88079956140069,1.2791757773481913,-4.3843693252142995,-1.8933356732993916,3.1437122096578243,-2.115561414118679,-2.0814340670300533,1
-1.3247385016008666,-7.292218421050824,0.9735713707788215,1.4589857352526303,-0.4326944606082731,-1.8141475126076692,2.637051719522564,0.3295261878957998,3.757830529322497,-0.031403016924503806,-0.460384810698915,-4.183349667795024,-2.690992157407246,-2.220256314839614,-3.4693648023167887,0
-1.8089799093034995,4.706572525221495,0.3732521423612345,4.682781011595882,0.7556334826820653,-2.3327334720998083,-3.1796536821369545,-4.312543837069745,-0.8088712072828036,-0.23153942311748107,0.34026872106069384,-0.5467033271915342,2.551356537432435,0.284816215339809,-2.962611749217391,1
-0.9600350183374576,2.7558810960328377,-1.8977538219238894,-0.4645557702249097,-0.37658887481751024,-2.509105147700402,-3.6062012143981024,3.2078084164634504,-0.5515745247338842,-1.032675529017987,-1.3045236326892438,5.447997877858702,3.789484622431156,-0.1275013186783045,1.1643788896623337,0
-1.2267648402743556,1.7387246500275868,-0.07971598723480389,3.3617613048144284,2.368045592155442,-0.9436842171016472,-0.506604941783195,-2.0835229954294685,-0.8536912874503708,0.43416123877890517,0.18558839803854776,-0.46180385958102743,3.892602085685393,-0.5035378633157992,-3.07196469478746,1
-0.8378324131251792,0.14525932261636904,-0.24750422065764766,0.26095681103596036,0.14634092374917987,0.2057463936161772,1.8765023908974676,-0.536984638189836,-2.9037911984633977,-0.6324441920639787,-1.518622004027411,-1.4109787274274836,3.4514812739268894,0.9973506565515259,0.2614713403905322,0
0.9581892158823835,4.571647988705607,-5.851580107535557,1.0060010444002936,0.15864745121227877,-0.25704517817084716,-1.262960434553863,2.965927774737872,1.6583375306214028,0.06482389875544045,3.466874032600751,-0.09322499712176113,2.8146628043379196,0.40470411266044076,3.7940916431668317,0
-0.5343444408044477,-0.08565870640910668,-1.5340879267148928,0.7943384210622224,0.015983766722198454,-0.2342382096000999,1.3828165573989462,0.6834595505963255,2.1207334541331235,0.5115256721178874,3.313144480841127,-2.492845612575289,-1.9946774396272056,-0.25042721743676133,-0.06314546012469613,0
-1.7525745571429718,3.072382737735107,0.3220115241071877,1.9023440816100585,0.14165790312128204,0.5244244660255579,-2.763268028047021,-0.5394336425036445,0.6696187243031826,0.15746924233453652,2.0011909370350995,-1.3061544834208878,1.0765765792260875,-0.9533004704344341,-3.192572285986011,1
-4.125373375057215,1.8433905281955414,3.757941031060181,-0.24201211163816816,0.20259852447607388,-1.9885345420751477,-0.2748586190931799,-0.8994093836900223,-3.3042935454467823,0.43917042443232585,-0.169642847194456,-0.11231591466864299,-3.708300252709583,-2.13962756355356,0.7950671713944883,0
-0.8562788472415319,-4.834680711630884,1.9897441557746822,0.1265164954661948,0.0584770684681394,-2.1967891938110133,1.210226466911881,0.5373604979947785,1.309146760453566,-0.9117978816606773,-1.1855963270526164,-2.684251076342008,-1.368541855933554,-0.13841785233997445,-0.6067265923729447,0
-0.6016087153409316,-0.06065874666049981,1.9567468298177317,1.8237279753927065,0.5355125448653145,-0.8733039400567643,-0.5875029751202779,-0.3882510132647352,0.23717614421760055,-1.0525089108060393,1.4108496798481045,-0.45422185579462426,1.775178999449402,-0.6876247190613484,-2.2728395713067,1
-3.4281985766209067,-1.6466370579634537,-1.3979119521832795,1.6999061932778394,-1.3883045083134937,-2.3304730627917034,2.5863146022019703,1.0014352765829713,0.5854664279295434,0.8804711054283936,0.7427492965631908,0.6961331040992764,-1.0386333786627997,-0.5206890955191443,-2.32779232126538,0
-0.4357022788852134,4.26170448268689,0.10769613997369931,0.4579937184504723,2.064494389843675,2.167697070543652,-2.6034420774167355,-0.8000656325572929,1.2649260589629223,-0.20979816035453064,4.085384296197434,0.8089545525350119,-0.2774523462827563,0.663803578706365,-4.096835308727098,1
-1.678365390946257,4.095358305734491,-1.1587941789532104,-1.0390376526346143,-1.5834894011131166,0.3276483920402289,-1.2781777826532983,-0.024808244317236827,-1.131003041304903,-0.40267255994220236,2.0452717186591305,-5.217745749503404,1.5774434561934787,-0.5638034643043767,0.5547603328016719,1
-0.5487882451267959,2.9263225655084395,-2.6457028038404355,0.7511841812592306,0.2503526084510541,-0.9423735255917587,-0.818354009600882,1.4266872463226428,-0.3881490780863336,-1.348331505280538,1.1241589333569513,2.0672829803372377,3.316637891261431,-1.1736988107537336,0.418181469255011,0
2.7285745739209726,-2.6787842195341214,3.3505491217142964,-2.366683839654978,0.5456106633808282,0.5275805125046668,3.3260442934618135,-1.1825030057454136,-3.7812593727022743,0.9805632589915355,-2.221850366305212,-0.5999075480769773,1.4083983699567324,0.3962775398868718,3.773827386026532,1
-1.5898539890158376,2.9703338453120622,1.8186872321766732,2.0344622259349796,0.03004136452128492,-2.7258231851364387,-1.1318000495389764,-3.109487206913073,-2.3481411353280093,-0.9691193442983064,0.1976197604349148,-0.613704357329564,2.411661627612872,-1.2964383755849946,-1.2488127918949066,1
0.983237408168327,5.107774665765748,-1.0269905329813143,0.49441542380263326,-0.514091339179963,-1.3712010876296017,0.9059700829644881,-4.975366808498646,-2.323646117176306,0.09403539871510253,2.2649365121143665,-1.6522190938446215,1.0753789200817176,-1.0643307126037362,1.1268266218501357,1
0.6898818406793965,1.339863948323851,-2.4034251699463236,-1.7860921890307693,1.213597562302249,-2.2074646031337943,-1.646736880464964,1.8028736122684585,0.40209773210301697,0.47853083090839754,-0.25288559219397433,1.4755450893183766,2.8555710383395465,0.23609729421507558,1.6221529178463994,0
2.2230977990976366,0.7354607107571164,2.1528246449548316,0.2258306479900678,0.10032295575614611,1.4444247881081,0.1481576760799035,-3.3652383221574063,-1.422050024944667,-0.2140577706320174,-0.004862588550511804,-1.112201491680211,1.732236205045342,-1.487177814550033,-0.85217348008696,1
-2.26154527939822,-12.42696649376479,1.2171069182772065,2.8290263380942737,-1.4932529310315983,-0.22324741495854772,3.389228949541726,6.852970541989941,5.280255423022373,0.7078845144122309,-2.1455825787212883,1.284793908563889,-1.9630472410061457,-1.0033254574540318,-3.9369585119208077,0
4.61128357093445,0.28221220983444284,-1.1833786514874156,-2.1763065370460324,0.11665065001560704,0.011317747538365897,-3.144012913471079,4.722678824890664,1.7196487687097533,-0.7500936574883064,0.3976349530993073,4.170929080445679,3.9460427457059777,1.1564177714974384,4.750374295141505,0
0.6402008496578415,-3.0957243032019024,2.3314684935647163,0.5951288349622759,0.2833051793804862,0.7033603961831765,2.261445551713102,0.8464746815563751,0.833385460390587,0.8628175552303327,2.055384292028238,-2.4002974930338508,-0.5119691135450966,-0.1787381196899341,-0.22133775768789188,1
-2.812786968874219,-0.10132677790507834,4.549771540888726,-0.6611241120786566,-0.5076678492097068,1.4387728992220845,-0.284455843914333,0.004087582858669281,-4.778239453174437,-0.44721073654455185,-3.1995147124652954,-3.295126303625074,0.8483123904835619,-0.27424350847644696,1.0369991040190123,0
-0.7796512336329046,-8.58347361157131,-0.31898608714213883,1.5962804677283646,-0.2574305241108466,-2.0708866231448737,3.598694126287391,1.0295065002412054,2.490014386332669,-1.0949806181122828,-3.8510074528520235,-1.0452776334934057,-1.7110679848434445,-1.0115702757043907,-1.3061043204749632,0
-6.228232322240162,-2.481523590640139,6.589038304606737,1.288990968725909,2.141982640147936,1.2582980186501125,0.04750185519088146,0.9306699036605652,-4.394255156861101,-0.2620352218414382,-4.59619491950443,-2.1459086971494186,-4.5943945177932894,-0.6846297971775508,0.27734221900810097,0
-2.257791970966831,4.746848188323489,-0.8713628246912196,1.9064303170173926,1.2635130428331494,-0.21180034749668564,-4.5518799836880195,5.391191357805631,-1.8963381744499452,0.34788253120223395,-0.4378925383911647,4.181944593382558,3.646496991476371,-0.4777037159744287,4.180948176379799,0
-1.0163538063136692,-2.1851969830115414,-0.2973820124771662,0.8595822899405037,-1.043277594110717,-0.3075664338156052,2.5273680877786697,1.786152973041117,-1.2754103346705397,0.02462598855679703,-0.780736686879107,0.05976956636517916,3.5114724124864516,-1.1157847113854849,-0.4626325778880289,0
1.1659749648016127,-1.9288148701901942,0.04263179069276468,-2.2920322578909893,-0.7784915651183486,1.1693851501547277,2.906066345941565,-0.7278300632352135,-2.386774975353893,-0.05105441276005814,-1.914574304540975,-0.6613323346198025,3.827541518309392,1.079277692746526,-0.9745468694471473,1
-0.3759166316607985,1.7920854075283814,-2.4439477438434474,0.1946876560572699,-0.6976628460130594,-1.6070343065796884,0.3976562588963597,0.6225949405121398,1.1266135942963462,-0.22552782732172874,2.677918238070399,1.6694702568979856,-0.11878954838863764,-0.006959882912358075,-0.17715377144893996,0
0.15166018260291536,-1.5005707078842985,2.5218420162576383,-1.3072133433737811,0.1474224414226123,2.870268695155632,2.792834527787467,-1.4473892931249126,-4.30024140752899,0.13172528806515155,-2.6135319232098286,-4.119727287050987,2.831714481095795,0.2195713561410768,0.4773868831929866,1
0.7882899943347601,0.22673005940552782,-2.385481069378814,-0.699038530402885,0.07778434197711431,-0.041261868900253296,-1.8828445533956037,3.934155439158937,0.6819595585823759,1.7934649248771786,-0.8268961193189375,2.5406910076316946,4.8070339618674485,1.10227652658535,0.8336280055832912,0
-2.3617636082281437,-4.544213430580606,-0.8796078677178274,-0.13109420815037565,-0.2336732917249238,-3.5332051430018,1.1971954950774508,2.502236706490959,4.439674353780759,1.0604042110786527,1.9732762878470966,-0.5064598749848459,-2.042176781417405,1.0761787336049151,-4.245820547702635,0
-0.3681784766996812,-2.7902483659455077,3.4381140924991396,2.470452985436361,-0.5950527062908985,-0.4705665711556182,0.16228173542908708,0.041187488313179976,1.8331996252151168,-0.6478484525505558,1.743765258918621,-0.9291357946785666,-1.3497867218747843,0.04308374220212008,-2.290529061298713,1
0.198711645936966,1.325249790382852,-0.9800690054976692,-0.1919352305330162,-1.7964587211700052,-3.5946207886632924,0.14396020318025604,-0.7585763984516318,0.9716585205920524,-2.093108147319697,2.240433986417533,1.484298293648083,-1.3295014944562862,0.5091394756715406,0.9389240047942821,0
1.4363365456659785,-4.577594288510225,2.003599527291546,3.1273270580692163,-1.2313669260938347,-0.843002631857034,2.271696729468161,-1.5431291493787365,1.7503773639967057,-0.9064961190764659,0.14936407786257266,-2.864829574891795,-0.10717063628765633,-0.9666901089250267,-0.7587139635320528,1
0.388190101408048,-2.4983033113667834,-1.6955485584629737,0.08618296027793426,-0.07460538911875449,-1.9909049958761944,0.7066907288750287,0.9456213393227351,3.958852099425735,-1.0295645922271728,2.510792352005212,-1.0592326349333863,0.605520960072516,-0.03591040363842985,-3.206773385960047,0
-0.8137308719436269,-2.610032540994949,0.6478707680482105,1.5601482938046498,-0.37571790905371677,-2.5611323104964603,0.7350827825574002,-1.2458363788127294,1.7849707603150697,-1.2178033053225852,0.04744854854850522,-2.8289914610234863,-1.2798624357118684,0.9530880549924937,-1.438451944135087,0
-1.6478590139784985,5.32192256361442,-0.07079989426719435,-1.7882874399552509,-0.8723402853002961,0.004287007783832397,-1.481918910570038,-1.0346354982931338,-1.3700148143886646,0.2847355570693363,3.4407900051082567,-2.0563556790490707,0.32048056848059203,-0.5559134963140018,-1.1325577539105627,1
-1.0791304264004664,-8.182235569749826,1.9137988154858252,0.47866797955203233,0.08402176093309313,-1.3312974324316882,-0.11066200435056994,3.628129440972645,4.008485409151178,-0.6527362855635124,-2.951018690893817,-0.5303073248169454,-3.4349012328555837,-0.08443678635553135,-1.165538384599249,0
-1.4148811305235842,2.5128202324603452,1.309014165223595,2.8888919387386034,0.26979907455798763,-2.1803232928409892,0.172631020329733,-2.903105580878568,-2.433890445609815,-1.1092624779072835,0.6111625449382937,-0.07116599643231258,2.999968887105351,-0.5638699025053332,-1.4334367147079887,1
-5.709927121606889,-1.8969847818855294,-0.43734503474563313,7.631052254153878,0.5559970515714441,-2.4090582117837047,2.0134686475018984,-0.9702854325629691,-0.9021306238705084,0.8454605329743672,-3.7550819830562245,1.845610168783348,-4.3433416256252215,-0.3088646305731551,-0.11106234167148465,0
2.1993600695829403,1.3794672390375047,-2.9969785170160597,-2.0910024541459116,-1.206795886422005,-0.6663702915150762,-1.4207351520282339,2.2720520277586735,0.34132278106670094,0.19418090559442003,-0.3930264984299128,3.575293569621985,3.8973561054222357,0.5805590584064954,1.8210386512351235,0
-5.2140909889533695,8.415692749485158,1.9613604553003978,5.454390399121202,0.9617159605132203,-2.0865423236927247,-3.9081444192417893,1.1330192868866402,-4.641542033042234,0.38082469583790973,2.000521563692086,3.4902903621842674,2.958858440867253,0.5066221699517468,1.9751573460017693,0
-3.685046376975273,4.834549210657462,2.8720503885356274,2.6400378359335246,-0.9565002896740199,1.0538153059751894,-3.9376321906602763,3.7377054065579496,-3.8279376327943444,-0.8031922951270563,-0.2356070830397421,5.376808348865553,1.9069854027187538,-0.5797598767240226,1.820655227062017,0
0.8637816491589931,0.6361798200450963,-3.7731359829026805,-2.205785781678777,1.0584029080951756,-1.8063767335875518,0.3634256179653026,-0.28947168594723904,0.4305874635962047,0.45014976005973206,-0.6658209278080158,2.6734607401963224,3.0413255855366543,-0.442225526008153,-1.6559968727886667,0
2.346053513193027,-2.600495816704593,0.6630565045770449,-2.013512639633226,0.3622968036465537,-0.10395615447002848,1.7883360113428957,-1.1214615157851395,-0.998998724948076,-0.8507239905465955,-2.1127589935940483,-0.25157056657449606,1.883272869816214,-0.38269514108280356,0.5419432005733508,1
-1.1502940897231182,1.6616292105109383,5.039901730834196,1.2987686283639677,1.8208865915594061,1.3371127592209677,-2.1902811444385972,2.4770357232358977,-3.2145772583244394,-0.1433795048399753,0.12500428624705928,1.6357597882227093,1.4241554294377292,-0.7222540723962968,2.581712302178811,0
-1.6312591839134314,1.4999681463436025,3.182177473046967,-1.0801375120850025,0.28385728982886005,-1.4583023181782675,0.8792828539065449,1.4309104932979122,-2.7122480503944058,0.1682591023545915,3.0759369188622907,-2.83865595630325,1.1076884426840823,0.15300537317866494,2.3590054502665847,1
0.48595797440468624,-6.484457791080131,4.772634673028579,1.2525071550976998,1.413372924685207,0.90714400087426,-1.6405326326433807,2.548697519583916,2.1250107388551824,-0.6499442953076904,-2.861154438290643,-2.568122708700545,-0.9537375968408908,-0.2542156502880655,0.09687145421837795,0
0.5309075040571063,2.5820714172932115,-0.3823422617600898,1.1081179994839068,-1.659735361381571,5.834874931021711,0.9435424368234097,1.6177423508477329,-1.0485917741512718,-0.45969814247392055,2.5771774464450763,-0.313384362192046,-1.2208958156744663,-1.2562860414069255,2.2022748535270456,1
-2.5417172842237177,5.563131759037529,-0.02670888478278255,3.9138062996353784,0.21386223282894956,-0.8489240657751496,-0.7049991251149804,0.03585572968602535,-1.1969602851169159,-1.0948634923668525,4.255304580337896,2.2591892824213855,-1.337951165555281,-1.066859841662305,1.292714381221779,0
0.5022604823706969,-2.971052105308404,3.059586415888083,-0.6006097248332791,-1.4820276818110107,-0.8807928865211448,1.6349244857911205,-0.8571580071283121,1.115892802386299,-1.7289756002047878,2.0640114874715705,-2.9353213085683247,-1.2660187380920802,-1.4084491406020445,-1.7117783353079905,1
-0.9599086199236188,1.679823106774084,-2.65600105334854,0.326946407194064,1.089321356628154,-1.2219390907469316,-1.2552549384138834,2.8793684261845307,0.8790292186225821,0.6064926261587394,1.1824161813368892,0.12908476766894106,1.920837092723104,1.1854805190416324,1.3573291582904266,0
-5.816851657818598,9.065484414923423,-3.311522748382905,4.038212284813764,0.6429313324226437,-4.987320961311557,-3.114567759323231,-0.3828202276831385,-3.498126839153258,-0.03388384281391958,0.597078496867911,3.464454099166769,2.3127311556478727,-0.12816917026649377,1.5452998019366972,0
-0.874199951224788,-9.162370295801528,-0.47194537045482665,1.7177179865744687,1.6716594366486115,-0.1424553742178698,3.0204229051094837,3.0715940200974843,4.647342736953501,-0.7841627421933196,-1.143688816814774,-3.5631511624243872,0.24436463180973367,1.070882292171469,-4.318114878626346,0
-1.1629257546474778,4.216888666624788,-1.082831334750805,2.5215864420084717,3.0382816136218285,1.305605663364136,-1.4904195360032533,3.1900513287630945,0.07552657015719605,0.9839061553329236,3.966318173725219,1.4999412101382201,0.8189370039604303,-1.6334374113986085,1.90843634458021,0
-1.087416971106106,2.038208623624417,-0.4364547496011497,-0.7190469347932029,0.5875655954353307,-0.7915341139926552,-1.1975733388821608,1.5322963953723545,-1.4324511869643344,0.790529563425356,-0.13578782530065525,1.9332496755872497,2.2966541368003437,-0.357492847271728,0.49203173513085163,0
-1.181863469793757,3.631780411897144,-1.4923152393894898,1.687756289289785,0.3139350723101654,-3.598054334179454,-4.669216897567553,3.9842443490163584,-0.5623287752014022,0.19100763429546735,-0.5730811362361559,2.771511121669423,5.090571535513136,0.25725604702933647,3.841408117049163,0
-1.3917229067487242,-2.161237168756945,5.694346286227401,2.2484295612304597,0.644451157913382,-2.172100506853571,-0.6147485020529868,-3.0743778975466154,-2.0604703003629736,0.39886812413114325,-2.7302490949185003,-4.983331410655765,-0.4142779018805536,1.1727211798231125,0.4398724510936207,1
0.16106212956857413,3.9382627230079263,-2.0384398289272436,0.9540122843462663,-0.13198089873068228,0.027497325239775217,-0.7146620790351795,1.299583511331049,0.02564802456420583,1.6512339717068583,3.144414652488549,0.026206653246860778,0.3183124833934008,0.1624439052040752,3.162359060248385,0
-2.4971432453112,0.7847076371897281,-0.3232294152155948,4.43788989823978,-0.7135564909387535,0.2031203953976226,-1.8868430454995186,-0.6984365234397459,1.0629457760253966,0.19802280057807073,-0.3942352811023724,-3.657603976004006,0.36533825028625144,0.24467034907095767,-1.9153244169512957,1
0.7469088611619679,2.162226184514365,0.47942753171305696,-1.1145922869588296,-0.5578922599036563,4.502003639321382,1.0497150825650678,-0.4713905658188793,-3.7460257035006688,-0.4155482714426437,-0.5737834195384253,-2.36490169625969,3.074811820597507,0.2523659241830736,1.287769204015514,1
-2.8267368614465873,5.953277367792818,1.068512159247732,3.171682587266143,-0.18358228949315925,-2.0842242454849695,-3.5562466801784405,-2.3135309482034754,-0.9201555868824152,0.1024784820330321,2.608504568277989,0.34948481880417126,1.0627944904784148,0.36842980843476897,-2.5008359295639595,1
-1.228575285730142,-1.38806196601102,3.2982849286549523,-0.022119477876609395,0.4886615372604771,0.2681672430063655,3.223802716979562,-0.3446151693021646,-5.264763590571776,-0.7710363141410225,-2.835271597185687,-2.7774804872418755,0.1562820289118909,-0.5231437464415264,4.717153283474285,1
-0.8236831543285595,-4.836234190759025,2.6094858374834544,2.733677740723146,-0.8752092007787461,1.4125564667170667,-0.5300375495184788,2.2424880692593647,1.839386163491518,-0.21150200685020693,-1.8777095471323606,-1.579745804147003,-0.7546090913065566,0.18161521479442014,-1.144271374456006,0
0.3435727817057066,5.378668384190374,-0.4109837511117431,-0.13510288319763508,-0.25881367049292153,2.026523685069011,-2.049628035670266,-3.778403818144296,-3.603210236518562,-0.09217408005330353,-2.3841409363643553,-2.169724076865703,-0.41719541851628716,-0.07405653664407366,3.3730882018619246,1
-3.3523791969590855,4.854935313163091,-3.455203713492503,3.524952994997568,-0.32904429524238493,-3.2292171149692024,-1.872215155989847,2.3471814000838576,0.32711801987568173,-0.16374274729121518,2.8485805105404403,0.9085910451044591,1.9298845905716504,-1.1472519911746517,1.4133612413403736,0
-2.2547635371808505,4.714661573873985,2.0585367046071097,2.259730169042342,-0.5324653940071872,-4.4866777480494004,-3.753999632590525,-4.649787013562847,-1.554207743830998,-0.40444968246911106,0.4325168926670262,-1.6403507686102918,2.593436057323271,0.9451547356668297,-2.9173624464664165,1
0.9952556187848938,-4.45507197842142,1.741914455399369,-0.501542518855885,-1.101899972988713,-2.187150154063503,2.478288055337368,-1.0989196238958938,-1.281098451395087,0.03466143205718531,-3.5406232479348265,-0.3602859671290537,0.4523032998964056,0.3585477138792277,1.6124227155818873,1
-2.9629770809081304,0.46397600786177534,3.383672935815949,-0.5473810137425605,-0.9377866663411604,1.472235571515328,0.7349829836614346,0.13230785526672317,-4.739895054539936,2.0061050974174037,-2.2895027072213185,-2.117018994508143,0.28139673130056964,-0.6916284254233128,1.113099884133422,0
3.1745153151441663,1.3120435768480394,0.25502680065396555,-2.668828222742376,-0.11382032618358325,0.6948084986825188,-1.9489044958223416,-2.1817689162535356,0.8478571074571759,1.2254210614586665,0.7386825489054885,-1.4938271185164849,1.793242969265045,0.07153318204094465,-1.2096885870924878,1
1.0380720252368847,-1.2080945745413716,3.256718028046809,-1.0796684935326488,-0.9947172740359198,-2.0417937563524236,0.4774570451419071,-5.1700003660898854,-5.107767067600396,1.100391824055466,-6.837194887711232,-3.0328994261931443,2.266469266944268,-0.2849308186431779,2.8995177370341114,1
-0.501701970914876,-1.11295205035497,4.127829994484859,2.6620678306797894,0.5064244969473461,-4.672041290003747,1.0396945876742896,-3.7218409630122484,-2.693013758090499,-0.5117639567336494,-1.125733375507151,-0.6386060035556509,3.673890487463533,0.5632918957711972,-1.1038822419978902,1
2.1295647715704766,0.5525942739838989,0.8954678912992947,0.35522303933517496,0.6055129202358394,0.6637510922338652,1.8921400721498356,-3.392864647509384,-2.478197926319687,-0.8901945732223427,-1.0230681029140087,0.9229415954911504,1.0941532473576103,-0.15841623466821794,1.0186486849569356,1
2.498114102549378,3.432799192747144,-1.9448659941646618,-2.9297102150779937,1.127477858731929,2.611881295856512,-1.1453759011751785,-2.6133191156915405,-3.086717049923935,-1.1355180451889948,-3.643165189262622,-0.8416021917649196,1.2050076092902646,0.11010758575632887,3.680584151017204,1
-2.8963519966919025,4.367232123320347,2.0594027687388836,2.638594307672518,-1.405728144418045,-0.895979577737139,-1.7347986820764916,-0.2967287466961721,-1.5145193645956394,-0.7032068801281984,3.1338721274832704,0.5718897023110148,-0.028277211066027874,-1.7196471400903521,-0.8074015247789085,1
-7.491933163288845,1.2135609805466387,3.830038459137311,0.5395490979994185,-0.9418027323249555,2.7418057946344883,0.9109066832751455,2.346416861274038,-7.421168383679983,-0.30126468457423644,-4.449741127885199,0.7703293165276839,-1.403978637165937,2.4570044432505136,0.870818360012223,0
-0.5898536406096058,3.228451304376689,1.256844930923912,-0.2594775843291963,1.1326224577717492,-0.7045902032160197,-1.3016485623405178,-2.191513392468181,-0.1859561699894401,-0.7293418589630624,2.989327065124003,-0.8894224205513647,-0.31852144010525074,-0.019260756073364933,-2.2313615695265647,1
-3.221340377103272,7.327329398140979,-2.6442306341631445,2.1692717668374923,1.2411183724953738,-1.561055290768203,-3.3458662375366437,2.6888170401091203,-2.4186530513849784,0.4293496704920289,1.2981988638934963,3.5090466067171815,3.1468319406937786,0.5637147224289293,2.816048938651228,0
-4.170181939337606,5.4503289741276095,0.5318788986265494,4.123689470730005,-0.4605555731546149,-0.6530752873524847,-3.3713400925806516,0.32190057594752086,-1.1163268179626615,-2.2979125327857317,2.181066030885154,0.18648705497857887,1.2704579245685854,-0.3425124079994532,-1.5966728656627045,1
-1.0448001375099447,5.214774405148549,-0.2497756219999001,-0.2593822289077552,-0.5890130393147649,0.09341681680549851,-2.1951949647806255,-3.1751857917947097,-0.16178173102166687,-1.49414979514256,2.8504875306440756,-1.3206244683878392,-0.7507578250378377,-1.9339148116774332,-2.9061577904220037,1
0.15608780118033594,-4.659682014314225,3.3272041618772983,-0.297618855226214,0.44885083134150466,-2.307290171818909,0.713818772526897,0.7575854993895108,0.910798849117821,1.6064583679786404,-0.15164188982201465,-5.179042346193329,1.4941822723297238,-1.0229678848680677,-0.13788938956085284,1
-0.4483833911508539,0.7123036684680971,0.699299011576165,2.8397998997178124,-0.7923692641806491,-0.5941196444812435,-2.2411372657283333,-1.4522957160460552,2.2987547654607963,0.6795831493856468,1.6561834948072411,-1.3205211753440185,0.4169944218238988,-3.0205759218297796,-3.5688749705965197,1
-0.9048657474993725,-9.035375040583915,-0.11373631554645147,3.7730021300951435,0.07968097984541386,-2.171024277042404,4.874592442968881,0.6174403105255439,2.914848556015199,0.5196374682685905,-2.4364777343043063,-1.4897551320407376,-1.6564670193226247,-0.14346973030439783,-1.8438875677102884,0
-0.34468310295342985,-1.0313409456735612,4.4425307386257575,0.024619183544154044,0.009526377219802219,-0.5968221018450127,1.0358664946952345,-0.2751843055931258,-0.4548177342399746,-0.2786037032248349,2.9196444266903985,1.329043427628969,-0.6385387073340594,0.2339149163733896,-2.407369349482642,1
-2.9299488898682204,2.2920377280599613,1.5556971897577658,0.6667611688546461,1.8604763531922952,-1.424003106220917,-2.5886003790284255,0.11751124235004062,-0.8983535422900849,-0.4496841232973195,0.5311353629142216,-4.05961495506441,0.8413591557848218,0.46950248118984517,-0.3200902991661285,1
-2.895632816829819,5.682140754144951,-1.7386223887982228,4.129082012154113,0.4898407647378922,0.5500550432754956,-2.474940609576073,-0.45970593114711344,-0.4341857251233081,-1.5675503716910393,2.2995542996687046,-0.7904277862120702,1.5459339789589996,-0.0822500866533239,-1.4088435168831144,1
-2.8840467291513283,1.8114919521321518,2.0485459068189122,-0.06438814822489003,-0.9265237663409348,0.4142325057859273,0.24298497771211336,3.235142613888451,-2.530059219180249,0.2676210525626648,2.562356075082849,-1.885361940825095,2.1157863587980636,0.3692484433509569,1.0500985384573647,1
-0.9971208003792299,2.078464021879809,3.9858804696189245,-3.7238980374471966,-0.3270076626519062,-0.6459309054940457,-0.8125566908988768,1.6002934437970286,-1.602277656321508,0.6678539132878224,4.301944846680518,-1.5343045179824923,0.5449526694444919,-0.49009446006628976,-0.26406590195476265,1
-4.409065058947891,9.500210600287938,-1.1229630793382905,1.3028633401029717,-0.8259323545912736,-3.054005406818769,-4.994513812663442,-2.3787357808148215,-4.101555960161458,-0.5497084021567107,0.37230529022177117,-3.903573809064244,5.434032750421011,1.0138411610681415,-0.10274440271017848,1
0.31525916420093303,-4.265182840444385,4.748783002539393,2.183101049899763,-2.364515369855838,-2.123262438409146,0.615097480652957,-0.3625967250511273,0.7797035141215801,0.1767988850112951,0.2261734570238303,-1.804220641511051,0.32716422664147826,1.4935711625578796,-0.8500685930551911,1
1.7383593546572107,0.08904067121318741,0.5646701811699738,0.26479022463918156,-1.2928092899281622,1.1973266093239423,-0.11607709268784006,-0.9409959426642992,0.3318714083549521,0.5191306469494293,0.20141204612232233,-0.4384238947959409,-1.465709032005229,-0.4049186907034995,1.58032750532337,1
0.9354439740495089,1.4208611360926313,-3.402551229238427,-1.5455240706687023,0.36100194617710163,-1.2023168868805878,-0.8158455600935102,1.854971215455841,0.6822152202093973,-0.6241202228669391,0.2235278561678644,3.53757783557304,2.870785718314892,0.3151717038924908,0.3633593634419552,0
-6.435254496588345,9.08871392558561,-2.4068103430755183,6.421601185716066,-1.3730475446650445,-4.428333178376249,-2.9807634472630244,1.0888198541453584,-1.3557999037269377,1.1267236367786344,4.819611736385173,-0.8423554691614554,0.11518464110338522,0.6597747586417776,2.6918547914182698,0
-2.986849349926178,6.417562442513211,0.33756529736844176,0.3011428026685794,-0.8109332246388214,0.019347441614222305,-2.442463861915477,-0.0009717036557577163,-2.532986236916105,-0.38409091821079866,2.8735931077913706,-1.1487778248163676,2.232735931011754,0.9687345734217893,-0.7577012402814319,1
0.9606924615414915,4.152903927208402,1.3569777299056933,-1.401204430796777,0.2551230881234501,0.5260429472288186,0.44781618641882837,-2.310153380370395,-3.103002206343419,2.368393468235372,2.6683144231092992,-0.8986127990739291,2.6268117216917877,0.2643014140759551,0.38456918321422773,1
-3.065567821251461,3.398262558178963,1.2097543200893575,-0.2563554350917432,0.20414660450805558,-2.4604509178546308,-2.4928398066582114,0.15913385243872447,-1.6228359264086503,-0.43067639196021534,1.249012199717313,-3.9507406407598147,2.2317864678541,0.5352151476096952,-0.15847692442251882,1
-2.0049313004686393,4.361126004759972,3.8711169380273356,-0.5069922749963665,-0.0461792126592684,-2.771001527769566,-1.808027355507309,-1.6049094950016707,-3.48806032402481,-1.4434130630185737,2.2936034136345724,0.9442949931332953,2.973667681989962,-0.3632635391367173,-1.6386405739555718,1
-2.491938099197111,-0.5537539823725361,-2.1450619288214505,2.1400559744892007,0.30369259392119685,0.9282113942782364,2.993363028591059,-0.42021689058065226,-0.22201267029240748,-0.041679778129414556,0.3728290813303068,-1.12294955328188,0.11489803850378166,1.5861972650791303,-2.8930936775238356,0
-5.177287501046906,10.643460731044925,-4.3815662823146875,7.231649090124147,-1.8513587079899194,-4.791492765658064,-1.3332478977626616,-2.455607217674726,-2.4609713444161456,2.451625371836304,4.5136048463824565,1.4656595646652588,2.289927140576145,-0.1558344900070006,0.867896879385538,0
-2.1293503414555994,3.5229808939204474,-0.9567067806630707,3.2781059578536436,0.5166118585767997,-0.46743419247179574,-1.294418346468603,-1.3739878397194385,-1.2627392078231896,0.9856209133365973,0.3643132720378073,-2.257478434039209,2.674279865199221,0.6960424110964861,-0.7831546326632607,1
0.3969000699603893,-5.969911118476445,3.3224953777750574,0.24739254189289794,-0.06119574110790367,-5.157508646148573,-0.8746213806866079,-0.3622915151301136,4.554175853628055,1.5628898196781764,0.2286847550139781,-3.820157454054023,-3.448922676881503,1.4425781722524427,-0.9337261658664663,0
1.0854343810756113,-2.755549372702613,3.7826941684425996,0.5005258741619277,-0.5954899924892867,-0.42977320822402554,1.8180173397547938,-1.2079585505672612,-0.2751618224984642,-1.9310614920340123,1.2153605047763345,1.2159637836726116,1.6583933807957114,-0.33454602892362273,-3.209456814990882,1
-0.3603773486687163,4.939138972794154,2.6891434345121534,-3.9123432062580883,1.138638949687134,3.523318915342494,-2.2024855723906525,-2.8997678228653667,-6.524292854459506,1.552282909376714,-3.0394386168388796,-7.159719260642626,3.632435306613941,-2.670167933371547,2.414403528020754,1
-4.883002438444661,-2.632033999395375,0.13647016207198281,5.665581179739476,0.43007764836748535,2.0815816963546085,1.9975906070313276,1.2362488841826371,-1.653965041866918,0.2230380248264751,-3.981297072322502,-0.603274869374604,-1.2813372933987235,-0.653690686996257,-0.917662516359701,0
0.19616147529831984,-9.43962699761741,-0.8428169423678731,2.348231251267303,1.353612109546766,-3.008160628818315,2.910233891139963,0.925551535761244,7.348305489162535,0.06073612558130447,0.5339056260502164,-2.648629401116221,-3.822304194171122,0.00030496426228980426,-4.223131427394465,0
2.2089291309376695,2.0200021850145657,-0.7999680468606578,-2.0737005993932174,1.9472567386642823,2.7417547833651508,-0.4026032896535341,-0.8672689703449642,-1.0183980007326197,-1.0608842556995841,-0.2078440149075047,-0.5743191192759562,0.2805248125059774,0.027999545194562925,1.8002131462910589,1
-1.2630517812565127,5.830543177194419,3.1822499229054024,-3.166474455930028,0.3033923751977811,-2.9177820119495026,-0.5926081696706498,-2.931485437988293,-3.7318387078644726,-1.6305128776410573,4.219774283236468,0.022772849254949712,0.5271033311978263,0.1530317527811502,-0.5890088299530873,1
-4.3257098237859495,-3.8605225211773218,2.771598095219198,-0.7598457977535471,0.1281076019934963,-2.7134183818222075,3.5245460606059003,1.5241251715347852,-1.3676909900322765,0.7038073822515748,0.08416092186970303,-0.7495781552953062,-1.92485620258704,0.5924210073873067,-2.0448931616189254,0
-3.168430135097058,6.510178271297766,-3.3388015764062278,2.484522989777511,-0.2849695087881883,-3.406278777253992,-0.2259186197465326,-2.432646195568693,-2.78918336904931,-0.4458294809755354,1.119782553928276,2.147912442334414,2.781430082396611,0.44194438380837825,-0.6360009092605443,0
-3.330757063660025,2.9948857457659086,-0.05713536722106349,-0.5468772666780914,-0.39328413661381123,0.13140471673604637,-2.732694530261335,2.963554729418213,-2.744537648019978,-0.3906403152194575,-1.8893192400743954,1.807327956253646,2.101413752107587,-1.402000623428112,0.9794154201248443,0
-0.8074954750657217,-5.522416354322314,3.9386909048311076,-3.196393220438808,0.1802847729902364,-0.3408054156793294,-0.061054673636497636,2.8360036251842677,2.353176872526558,-0.0570799031958977,0.5674852197050049,-2.500357918596994,-2.017781107309798,-0.2329550134485338,-2.9067941124478445,0
0.6075680966755582,-1.226578240530741,2.7255911378895226,-0.3306453202990429,-1.0650175492146408,0.010165148982595129,3.064535506705579,-0.4871539506489584,-1.948452876022016,0.4408798982374823,1.8921566650337311,-0.47178209962007367,2.0494051391073187,-0.940332187509568,-0.5487089451918923,1
1.255278253398089,-5.7667424999695625,2.1366477871380676,-1.0945557963736854,-1.0835461924485188,0.8554275187950773,2.0641673434466896,1.2090723131173284,-0.8939306930759543,1.0261622148441978,-4.049897817366922,-2.8501271785168028,0.8320170392615043,-1.6641829545710272,2.312367118186622,1
1.4508522543652131,-2.955222386868529,3.974032142521581,-1.418170673738534,-0.8369560396988299,0.18919252909132434,4.094987269347177,-3.008410820888674,-4.556502951632685,-0.7991362008564648,-2.5999389793930847,-1.892640933684799,2.8294444009072306,1.32376206283529,0.647574185586605,1
-1.1728210490823994,1.1126343977152722,0.6039303681111459,3.6350803109173673,-0.7164585163612808,-1.0421014001951814,-1.2101321058762229,-2.06283700648805,0.355751489936609,0.30203932308916087,0.4021568298697076,-2.3251344321449503,1.128313618965898,0.9923547312467885,-1.789459681951659,1
-2.941724841545849,-3.900360797396984,3.3936053697452864,-0.2089965777535412,0.6779632895993344,0.7720601206004507,0.6335198808891992,3.2597849342456278,-1.4034377594115033,-0.30837846923364687,-2.7237997108464524,-0.03650950269626052,-1.4549715276567337,-0.05229713757100654,0.14251198866600712,0
1.5941861150168521,-0.7103806593954336,2.569847527095022,-1.877550279098432,-0.5061974766426176,4.220633234641209,-2.1058834428689845,1.1591892892609588,0.08190124081959055,-0.5680935515910258,-0.46576942517108777,-4.738405624347127,0.7795186169346363,0.802624760078478,0.6448241150764211,1
2.2257636752619727,-0.7330381735655579,0.41837408531620124,-1.1546226677346663,0.43081407069741506,0.3234251836256945,3.126951784313673,-4.167896196985824,-3.798123921413011,1.4009808496930505,-3.4918319314364052,0.2897723224207889,2.2393362331200377,-1.4756787481901583,1.0731616416647434,1
-1.4106160615685246,3.7923221803878757,0.9143554990004117,0.6431244147112728,-0.6372118248590148,-2.274614996108647,-0.6512379325935047,-2.2855158262526127,-1.7158783940319469,-1.542681989972529,2.2483279745593308,-2.5011768637501843,0.7697396403414708,0.5265031181081061,0.26559772729647846,1
0.46221462730787555,2.4885948459651397,-1.8954451586772914,1.6743301294661759,-0.8451981140855563,1.3067474754680837,-2.576960148585564,-1.3349403688346557,3.247087706587673,1.2432291429623945,2.6673461161163172,-2.7003902919338962,-0.6133820208920584,1.420999164216819,-2.615921445365651,1
-1.8720635820243514,1.9499826905036692,1.6193012930038686,-0.7872176828698834,-1.182520022227632,-1.6054225372806952,-0.13102727482523258,-0.9747391274492508,-2.008522132473181,0.1479956095400277,1.2542580615419143,-4.529645064845264,0.7666309636362479,-0.11970573304069894,0.6158777713135994,1
2.7157621055553838,-1.7013249964997625,3.7428517452158117,-3.935845915113619,-1.1146434693531446,-0.7680913126505815,2.593187070319794,-0.4006512417755057,-0.5235770743572172,-0.4545664225417623,3.8268604149262133,-2.1569433222904064,-0.038923129897576514,-0.797774878028373,0.9517931331167575,1
-4.3182552731739525,-1.2411750909970776,0.9148126458092218,3.2831993613966466,0.08479763391309508,0.2051398995891327,3.7801178976155776,-1.1532254046161055,-2.7967650136494995,0.06617883186510318,-1.3666402868720695,-1.3611337562052381,-1.6285127934105286,-0.3150636095991657,-1.3091708085043816,0
-2.1087969872132986,1.6219669369917946,-3.0407147571251554,-1.1731174156614395,-1.1769632050593244,-4.5759359196307905,-1.8208149353374343,0.9666436113025783,0.6112694204008199,-0.3303634624936311,-0.7026029657817596,2.519252928792699,1.8347941344053527,1.1379101748045837,-1.248322295535932,0
-0.7013058937097734,-8.185492329447241,4.7354196820364205,-0.4727275533741495,0.8138412692605569,1.4702284938979637,4.204836805140909,1.609617173123603,-2.666685682958099,0.8169851431432842,-4.706161047306088,-5.006895639380009,1.664126011918963,-0.21071048057617164,0.8459723347185196,1
2.7022447514433026,-11.753693059078124,-1.8458235545025081,0.7791105585159591,-0.5660097285200234,-1.3855649093263969,3.179218459154235,2.611675258035144,7.748620251086193,-0.2197437480218142,-0.8422243306488535,-4.512037618771991,1.5569506711928809,-1.3313494413752138,-4.398693413783375,0
-2.192158128475952,7.165420719119667,-2.494518222996613,3.0114095411367368,0.7802139722002417,0.515407111639143,-2.6844097860795015,2.6583943587035135,-2.641134218912858,1.7614025499361152,1.648735080007102,4.5564247710944885,4.631483387855614,0.31912734306903845,1.832558872852803,0
2.7388173161608265,-0.6863265778892556,0.20977670920378877,-3.224184294631476,0.11426523006332008,2.1819786847642137,2.3238840410515067,-1.2226849349505466,-2.1424701524465255,0.8074191823824282,-0.8620792126108089,-0.2838923073938775,2.593465347999468,1.2633640849509191,0.27587295342064033,1
2.6776229621644694,-5.614713762658528,-0.3216748281825095,-4.339456387756471,1.1025269564560145,2.2120813879818906,2.1925303110159535,3.49754520921996,0.3346442861872999,1.9801963416895896,-3.079600651924796,-1.0318152471603956,0.762050772074388,0.7376067644769629,2.733408659821815,1
-0.5799655133326201,-10.863260733621642,-0.6562627947379598,4.334241535300407,1.4337500342142357,0.3219026652852235,3.6598812614371385,4.101646398365065,4.930074630375602,0.4784096833437766,-2.7054459985045476,-0.18513174099739738,-0.27944064758973997,0.5096631077101231,-3.2253311866798864,0
2.6831738811798367,0.6030964337647879,-2.741792188036317,-0.5004936374565689,-0.09178984681279126,-1.4893250663149595,-0.32065437326017254,1.1239346991290329,2.26025860004483,0.1824993111126999,2.0711263934167574,-0.2198154302919053,1.0403437379679399,0.5141469076343045,2.9197455497214215,0
1.6384144594601957,-11.387517823853415,4.959249793897595,1.6609777219464241,-0.9549640356430029,0.2996240410440223,0.4600520559913883,2.544485537148192,5.16201802395586,0.60666651348988,-2.485092755353705,-4.814669611730817,-2.352029343921614,-1.8552505395526635,-1.424738099170607,0
1.2977536976896116,-1.4243867438627817,0.5216166766239789,-0.22608261354808845,-0.2384908570507993,-0.11342924953924283,-0.3520004458051478,1.7509072831547516,1.2473817435313423,0.7079133390535047,0.7180643876719282,0.5437470979310733,0.897963248636795,0.843184219245011,0.5998603847689228,0
1.6618902132750135,-2.639718056819837,3.7144889604688114,-5.077493446767793,-0.08593947249682984,-0.3928364106658455,1.3001643856022136,0.10029407418615888,-1.6914431116760114,0.4529415931378187,0.4367722973209891,-3.564643874150443,4.336254322980581,1.529330653691702,-1.5188151009720428,1
3.211683498213068,-0.22780098398297188,0.8752268165142686,-2.9800019596978333,-0.7129184102428672,1.8910048074123884,-1.2288592260660467,2.1011008438584855,2.466073998964711,0.9390098785218387,3.988558583600348,-1.078654285622299,1.962638279582282,0.4360510747759399,-1.0621409964609305,1
2.0288809679564124,-4.588082561345297,3.9769330490276578,0.7767693411691611,0.9225087966048213,-0.5821027057997228,2.163638454042619,-0.47381382967254004,2.318037070892565,-1.6155886984680774,2.9111473180369964,0.7050411838936941,-0.9228685234004179,0.19078993668678795,-2.9838382341417216,1
2.525984574991514,-3.9069050319568226,0.4556206933667455,-3.5891861562051357,-1.3222714785911764,-0.2714998173107648,2.7728490311737795,-0.8606041287752252,-1.3434348160790808,0.41426689979139125,-2.8328116253117415,-0.7583157630381321,3.125141661873041,-1.230476058177251,-0.13833848973804086,1
-1.9142281477783105,5.860201121772429,-2.300676055775589,4.093902883527905,0.5136373890002042,2.383309468266733,-4.276337635787659,-0.9514336916880995,2.364489641194581,0.040321210739587866,3.258059688186782,1.4088340582174252,-0.12462235982044767,0.26402244899635335,-5.033514618379389,1
0.939931097969299,-1.6429426376726273,-1.0243436405997044,3.514029343343567,0.24970716122253878,-1.8349084534107603,-1.1096465738009065,-0.8560832066583997,2.0097017571827207,0.7950317937850347,-2.237836878461853,-0.24375649744412287,-0.45568848954100005,-3.2129536105150227,1.640584027019306,0
-4.51172921841594,7.701865688715299,2.1530645740733814,-1.761532549169973,-0.5163974846607704,-2.819281176228502,-2.556793286335291,-1.3427352168552384,-5.855189907487875,1.1095782415009494,1.476086825507037,-1.8321107571395703,3.704348563806965,-1.0106000406510562,-0.03681897114503241,1
-0.49800653363232184,4.620219321894073,-4.6705935710978,0.7672351586332399,0.6320083228598582,-5.44147232449286,-1.7558540505366897,-0.06643708863638365,0.9229877059506391,-1.492751175906025,2.0228892191553203,2.76058727643597,2.4347073097963396,-0.5514739112794855,1.3632952252949042,0
-1.3758828167698152,1.4271106049470144,3.3796503103904576,-2.4882012703292795,-0.7553408197272258,-1.3339599175264643,-1.6492285339156947,2.3104924708363286,-1.0098582603714292,2.6688827582232557,3.3241901525284963,-1.6916258888147446,2.6790972501879313,-0.7726846233740311,-1.0238416890654487,1
-3.0124715762314604,-4.881712685152702,4.571375630103699,0.6478729783537545,-0.5399419147193418,-4.643628509608805,0.03491605926576624,0.5248409287785376,1.3588146971064199,-0.26610405524621716,-0.8045890695093073,-2.032418766585946,-4.50690492041479,0.02726450763447467,-0.6913777676667503,0
-0.4452580519291893,3.041833458144514,2.197775467749294,2.5311874489519903,-0.9400674553918519,-4.236135824064837,-1.1659093279261241,-5.285321333751393,-2.5056029352420524,-0.1015795887228356,-0.13339163114082564,0.7982191092131758,4.110998234607154,1.3462127661126204,-2.5994657847597846,1
-2.6997385774505025,3.7864286359393344,-0.45347421804845944,2.4272170480578676,-1.0804177358283704,1.353775712043792,-1.3328344880319416,2.416939416802943,-1.6009216420880104,-1.9780641418688398,1.5144251190448734,3.069679550746109,1.7971318409468366,2.1759541618354867,-0.38094940586796544,0
0.1364095526882898,-3.8919254135897194,1.1763488095718766,0.873277527681974,-0.0617212106814233,-0.07511816432164609,3.045921383348768,-0.3993536809836895,-2.159596593786322,-0.2313223276918222,-3.9639367176096774,-0.6388949303444263,0.23116347365416212,-0.17292658300140687,2.3574948050563016,1
-3.2979325307648706,-7.263530822126755,2.2201738989737176,-1.368024563974553,0.42489610417240287,-1.967032714332217,3.846437691901241,3.0426380360584826,0.38284903475851495,0.8246595628492529,-1.2515205331933477,-1.7653797529553685,-0.7920224933632443,0.9314695195539889,-2.928524087090242,0
2.6034910566608627,-0.17750885932316782,1.8642515765362024,-2.1503428357317818,-0.0784896243763409,4.220538000944261,1.761200653005273,-0.48222613584203433,-2.685402032442031,0.29330623601702466,-0.33555237954207007,-2.2296087552154242,1.4359942279614286,-0.04887723351959414,2.238291542536427,1
0.8334408781063809,0.7287361314346963,1.5116529968314476,0.6569523585986968,-0.5274490329254542,-0.7350319724698623,1.0488719241551308,-1.6028630698412263,0.2834942428400641,0.6884945499820935,3.4271760970293004,-1.1451900214304156,-0.43848568696445067,-0.06033272242006658,-0.4735360923833285,1
-0.844468102868774,-9.13684006122677,5.953442324278237,-0.7872033361148678,-1.1103541609416774,-1.1779540821251533,-0.009995278153701825,3.807029637896259,2.2676141523707476,1.9359140507224122,-2.7526240805759157,-1.6096104240825855,-2.7603429123061822,-1.160372977667465,-0.6810027031149972,0
-1.7304481702012504,4.379871905662504,2.3297325654165397,1.8287193934992971,-0.5643098941401705,-2.1401855689997444,-1.4136405411689499,-2.6696312737326284,-1.9345946593352623,0.8531668196841885,2.576606815079865,0.6270597681601804,0.5485413365606691,0.5001834215349241,-1.3355186290574674,1
0.6525258952300125,0.6833116644354995,2.1034595393844704,1.3375690098845165,1.3943390520546883,0.02926452035036342,-0.9865707733735998,-2.3108608471063143,-0.5443361642771386,0.3220472043256931,0.3013580095063173,-2.24981379282153,1.9954347055709947,0.9502792834882797,-1.331900204377022,1
-1.3268055925045832,2.118672258406772,0.5880693897696458,1.3884253203146635,0.2812105299558777,-2.2130820591268785,-0.2911373969719264,-0.897689558240903,-0.93260202282651,-0.6098212167272987,1.3476837028692994,-0.04879426789187424,-0.21989838054471655,0.0671876754939992,0.7700011167223941,0
0.9803784872200896,-7.678158347449498,4.781679625877999,0.13655320092568646,0.4014981505462089,-1.3877141856874509,-1.7232275769738665,3.2426933031687506,4.7095116820135585,-0.9172066963350255,-0.44806581172788795,-2.8017189824726314,-2.347834022290904,0.5608432859764206,-0.6387767104407434,0
-3.0399189244031146,6.85524343689203,-0.036871448310644706,3.484211981244778,-1.4672723981921136,1.4323316914058801,-3.223961045776785,3.5694521140239392,-2.63361066709719,-0.8331377801895606,2.346998401687354,1.6590501835304534,0.6989675996174067,0.14770582076300817,4.660252020379227,0
0.2934580316350317,1.7059139671250791,1.0524494982554766,-0.4881684286594212,1.7540430503268643,1.4292750066145392,-0.6651612871228598,-0.253903713530893,0.9058113211608291,0.13348449541451154,3.5875194586141297,-1.4284052065816675,-0.8966264257383614,0.5379842725420181,-1.5281997299925179,1
-1.9047707382826602,-7.436860436645933,1.8216423884429107,3.0973862904694993,-0.14165919770220706,-1.5128877444025295,0.4136076815780887,1.1007392077506553,4.087452131457312,0.08165522477277443,-2.5071741010768394,-2.30330245762285,-4.346317812007275,0.23763640301074465,-2.3954247877252737,0
0.1428023796454081,-7.853417975837987,-1.3403147056511666,1.5340497874880683,0.643913010296156,-1.7997151728013172,1.892274642239813,4.523946804849545,4.1080307312506354,-0.9791804362775993,-1.7612752997403236,1.1039241011251502,1.1692979207615637,-1.79807835994288,-1.2102824030659034,0
0.4214100870097057,-1.9603300159776413,4.854556003910227,-2.943341219701411,-0.22776128871237047,-1.843584735848312,-1.615289728579945,-0.3170582544357661,1.5557985544222828,0.6505926199637431,2.46323492549845,-2.3110434217047313,-0.10514064574194104,1.5770748223271638,-3.6438342194679896,1
2.2714102485700303,-10.578770129014877,3.2255981370260507,-0.8620823348205469,-0.6836904851242519,-3.100052199278389,-0.033264878396883635,4.047862141101266,5.486470052807051,-1.412583182544061,-1.721875638120117,-1.2347770982311184,-0.11740074414575963,0.19902111276273207,-0.8959350908241327,0
0.6993059207403252,1.5742070967841388,-2.9004062416012193,1.0433987419654926,1.2162938850972826,-0.31259732067262114,-0.5652597942897696,2.0494739257073777,1.84636663699813,0.7842881257277071,2.568760229266595,0.2073863302102974,1.6456386966511507,-0.5907805773742271,1.1916050578277495,0
1.7092296109963705,-24.035201217138823,1.6091501406679471,3.3045975758013264,-1.9920650648213725,-5.319346452828124,4.107160246378437,6.095879049412192,13.980283820471296,0.10984309313381067,-4.4648893720783445,-3.5400730680133115,-6.0703894286978315,-0.8626663578885319,-4.882942613461687,0
-1.910136916351446,-3.4553003188761138,0.3502335082462673,2.733723146516968,-0.08185774635966271,0.45753548546699196,1.2678512519688385,0.7681214699738338,1.9166583647872375,-0.7531209504326618,-0.1897045401814199,-1.5569307998785382,-1.2803055999640003,0.11302071029882846,-3.006582157043249,1
-1.377834590279706,0.45968796879147555,1.4616404200056634,2.92473329691042,-1.1981609507468876,-2.306676032334615,0.6439465395611288,-3.222773907615263,-1.1230128843509224,0.6436397075331132,-0.06792733540818574,-1.590546037143717,0.4593979394546306,-0.5102181664083618,-1.3215268695849955,1
-5.020567872412087,-5.261523854275431,2.861988215871013,1.5971259431855842,-0.7675465012301531,-0.588409281205912,2.188380700270145,3.250673429133734,-0.27382989247823536,-0.4083366806456837,-1.6550405015755252,0.060211371433035454,-2.1793683070688115,-0.5426608989740664,-2.8149134782237137,0
-1.5827839777167654,-3.529253842635505,2.288319558866808,2.116903375384222,0.6563853008413225,-1.6341989603145655,-0.21054691024406447,-0.10590214061578718,1.3845407524093531,0.7207272382960683,-1.3401825310911613,-3.7297427669263965,-2.087877206326334,1.4928318913651575,-0.39298343929234103,0
1.7809162681928319,-3.2193287891228697,0.9005919903392999,2.0862785401281654,0.8880528540452571,-1.3481228163372678,0.8691689141350074,-3.3569382495160656,1.4506783051917866,0.4004855252414476,-1.117626841752263,-3.451023816424494,2.3566738025048455,-0.5570701936223185,-2.6796719468557,1
-3.4957377157559195,0.3321755248513515,0.42171817515278853,1.9817050222882577,-1.4129175994148724,1.0138035863464596,1.6080714619494743,0.4259949713432498,-1.9895886150643918,1.7160759463985173,-0.24193110291595388,-1.1269369403609422,-0.40517083250051766,0.25481921834699817,-1.0106848646638915,0
2.5084828575303586,-3.8510470112716577,2.550558487887603,-1.7848472573742158,0.07177782623769331,-0.6392597399890296,3.728109458529527,-2.1136919691973266,-2.9566255029180337,-0.6056772127571781,-3.169601330861923,-0.18939637737025783,1.280702618786447,-0.32562128314999605,2.2901296637162054,1
-1.6015107679650518,3.8039576615094095,1.4714047533084187,-2.367595927502696,0.19086967863156787,0.44712135897322236,-3.4787045157818643,1.8462169780432283,1.2595277118027197,1.2084360009714399,5.013876889226795,-3.262404840785357,-1.3398378058120666,-0.11538574166216507,-1.134731052640153,1
1.390013075069537,-2.166539492219782,2.7601870169239313,-2.50596182686758,-1.7706523099222744,3.0598995990111773,2.346328432367698,-0.41842103820368926,-2.5474372935842315,0.687769163796706,-1.4457916713651728,-2.256478038651984,-0.03168528882046329,-0.7195195128860274,1.347050715424293,1
-0.4160929230039241,2.923587974721185,2.9656155931419,1.267116415579177,-0.6601640866135599,5.404192714336991,-0.7495291056046338,-0.9046818169087668,-2.114376709110887,1.639297135207276,2.006690374998629,-4.283518263896767,0.27643764841323804,-0.020787183890901204,-0.483484279771057,1
-1.9630045303210515,-2.2791811303946163,1.3401194967974626,5.194681806436314,0.9622177013994835,-0.49732712546269964,-2.6889511344606296,0.9139452278845672,2.643348743434866,-1.0658741004848424,-1.0738199750130142,-3.6556421903033147,1.0766928223489873,0.9526867549081701,-2.3009069016002557,1
2.2510479728147064,-6.456739298705249,0.7330618409444686,-2.3161856624338464,-1.064377764237964,0.899888388306168,6.3734094012399085,0.8913436321528976,-1.8072490321832995,-1.3394921629700358,-1.8031617684829633,0.7597320795833289,4.217615849300272,1.9024298804711979,-0.9349030183648583,1
-1.2189127647628337,2.203344873516001,1.4245540770884437,4.6437488561092195,-1.6121823506586768,0.08720739946295719,-1.6451553691945755,-2.5716588448921343,0.36595164895401294,0.04884846690427288,1.4607082108242244,2.3748241512734705,0.9073572954701224,-1.5519730122481623,-4.740370526465403,1
-0.9689240584187223,2.3298294553568604,2.7817061980284032,2.0468200517598225,0.05351465257966726,-3.3279845348698127,-0.7451456063416801,-3.0546590022452875,-3.212000593075123,0.23201308840802834,-0.19650375036717738,0.872166736012689,4.798451587101276,0.930085804791365,-1.655616997918865,1
1.816665221313303,4.032631319093002,1.4069923552575885,-1.4584209089117832,0.7689915363449175,2.709721889073335,1.0119524611203063,-4.080465942439634,-5.1059241660245025,0.6695876908981782,-0.743098387016905,-0.4798862385617715,1.9129650992093934,-2.0531545098475052,1.906705674788468,1
-0.8704648816519238,-0.13517684799892896,0.9534013207211601,0.5499570433701915,1.778077876751641,0.886311234065742,-0.7905737745631811,0.5214141270755523,1.5376121927606177,1.2603785181400424,2.0806047503914002,-3.054039455141411,-0.8440102417999507,0.06344672866533706,-1.8254453261157062,1
-1.0893091621588504,3.149913442446031,-0.9465737977868809,2.679428628225389,-0.3773461830799317,-1.4307349956539785,0.12294022529181348,0.2820324725566763,0.34159541749928307,1.035276566180256,3.7494062311439453,1.5509455285359368,-1.1662052242023404,-0.020884149624899602,1.1959774467980058,0
1.2256868763716273,-4.076079447629354,2.8569102776060378,2.0838491719892778,-0.08322157940302932,0.05324348006786739,0.19684693603957304,-2.262497334037323,2.970120974119324,-0.2175327783733332,0.4442945878114708,-1.4950052360213697,-1.034807894263425,-1.3013252840248468,-4.606414045760166,1
-2.0979939028775876,6.968873980991949,1.0755685540676594,0.4656025136450437,-0.039213813924329335,-3.161925718382821,-3.070075767223879,-3.7564950659049736,-2.2440981726543607,0.2931361062238891,2.6241913206863554,-1.7338914330767006,1.243133000020832,-1.0507231951943208,-0.9569362352376829,1
2.439200162109498,-4.067826954135889,2.3988768121621256,0.43819173606213657,0.5478752369947015,-0.19990400250920737,0.7298617656459658,-1.5667093548555224,2.8228152101696153,-2.2675583432093025,1.2578663363630913,-1.619334981521859,0.6868017644973157,1.0177929872040894,-3.8347955233011963,1
-0.05318109281690697,-2.976667633304521,3.8306497102011043,-1.161402654216248,-0.5680616143696008,-3.6474510881234687,-1.2235427964685535,1.4134536158285993,0.37716445110297175,2.0079560958623213,-0.45247552233728183,-1.3461553027246251,0.9299038361849652,1.3778796418184736,0.822459321903116,0
1.2693741295462244,-2.6650512969372957,2.6656424590251317,-0.8385992299998436,-0.0851760922710017,0.6240422251939699,2.080876645356262,-0.02205365576205831,-2.344001942668678,0.7345292184244875,-1.8043361060701604,-1.9611752955977617,1.6379856664219758,-0.8632127594610817,2.376453555315396,1
-0.6013300047101984,1.8620124732033023,-4.694989697944864,-0.7616450149968661,-0.15624777267764606,-2.57457126799539,-0.15869344989204426,0.7094126401123961,1.704407337813735,0.9572630761791636,1.5078893080531026,-1.2686508343208502,0.8746911498066409,1.0478545137125523,0.5168577021265246,0
1.3499103951703444,-10.976211606337245,-0.8736664677034818,5.033158011329592,0.7272793759371594,-2.169763946211546,2.0606751912349193,1.9848653060787487,9.369809306857617,-0.07206421050051394,0.114927369474491,-1.342954132905883,-4.609111867857459,-0.016073886162074582,-3.373523301871942,0
-2.2005642999718114,4.855100649819715,1.8304250797336545,1.1202915763080028,-0.31048356431258967,-4.287048277601224,-0.7607197609732895,-5.30730300636903,-4.219606885192206,-0.11796758416868414,0.0094916255259887,-1.7747393130895535,2.660377907350895,-1.0375918714896566,-0.7590658671390511,1
2.9396243898701844,-1.7965787050515785,0.5732497016323623,-2.5879743821704846,0.19278407772429806,-0.5552879690082362,3.4364625926851007,-1.4634746383392714,-1.194657554928455,-0.2976425359964962,0.4735334444046555,1.6965035901086485,1.6665586719574883,0.5282883324746676,0.13474987927931847,1
2.4339171381114504,-2.593578688313212,2.4254086933195915,-1.1658030332208364,-0.43772185196590513,-3.1390385710140123,2.4480619968693382,-3.4619009468821504,-1.3543832760270076,-0.41615479711295045,-0.942539757861451,0.5408385593639329,2.1916479774755215,-0.7179219509485815,-0.635879542503047,1
-6.955406197904287,13.858987595896043,-0.9829185990918989,1.0406582799630766,0.7927396893275777,-2.2724318171047866,-6.87526879632258,0.18220193048217004,-6.4587430165007325,-1.010225929052133,1.7654378235921908,-0.4416823079215346,7.152179695697633,0.6746715356076624,-0.13175279136784912,1
-1.4433202005197674,4.288041922465512,2.320276026411339,-0.9374976763969256,0.685911119668968,-1.7182685251405923,-1.201202437464639,-0.13586626877269992,-3.27992624040986,2.097011911213614,2.495399245394478,-0.8306530239938433,3.2857897875848012,-0.3245767397846441,0.6539123004818936,1
0.4310501237527913,-0.8833616528191901,-1.8621490275761432,-1.3517603839502939,-0.8535283081034944,0.380318330149231,-0.09574126917292314,2.808484682207853,1.7037249327435113,-0.7997401481499686,0.9037121264182867,1.9387589844893198,1.570400668578469,1.5239458091632834,-1.2959036911320005,0
-0.4612142744799974,0.9378081520016254,-3.692509357935407,-0.006869022336037256,0.9276494887096202,-3.0842286567990023,1.2026575037320364,-0.30373766703092797,2.1385542486540583,-0.23384321513413248,2.9610081298579356,-0.4308748356794483,0.6204820075769801,0.1179975761440643,-1.5597960649057088,0
-1.9155803320668456,1.6710342886211162,2.924146529119314,0.37308936955014804,-0.5056562781784717,-4.790156445236617,-0.8959726269950723,-1.1470536938695806,-3.513563488645185,0.048163691137194334,-0.3027322949452622,-3.8558898590077986,5.131160057155774,0.6150376277610444,1.2946790164300301,1
1.5253629506407047,0.7779596998711575,1.2653919453345968,-2.7032059140340348,-0.7176355919716624,2.5392949122005772,1.6617582665791906,-0.5401131542047352,-3.2585739804467195,-0.5582775962080532,-0.2811348624932013,-1.691232821357164,1.8808718416497956,0.01387207217597611,2.030892841514768,1
-2.6695421227103093,-2.6582479368053527,1.4714577504743116,-1.226135655620602,-0.706329706696292,0.738223142730396,1.7523493953766947,2.4821737757879796,0.214004402292125,-0.335283474517337,1.108080276079309,-0.6790360283222222,-0.7235418498962877,-0.17145793064083975,-3.363564065575149,0
0.7560227467761365,-0.2555004222904769,1.411585136882018,-2.1479093576733512,-0.4055326917624579,2.0162384535724396,1.2881425451183384,-0.7764017286208793,-2.4753042563057344,0.5465049536084137,-0.9853735478730979,-2.884693193365202,1.364434911033946,0.08857812941673526,0.9278997035850903,1
0.4173363797757035,3.0781553129870756,-0.2322937912201004,-1.7551162670981681,-0.7465207393525012,2.223694110076779,-0.41834069762993975,-0.8462574145827142,-3.5532326526509244,-0.9364983133827613,-1.73051879711611,-2.521737704165182,1.2237085458650097,-2.2537564153607175,3.6956861036813726,1
1.6037222038140584,-2.028917651440404,1.7586072234920003,2.7611315050281506,-0.022785634837776975,-2.8332410509814636,2.701424763124874,-5.2381615934546915,-0.31822400869518036,0.06953332989622589,-0.09340528984378582,-0.4261343284294037,1.4163091502816627,-0.08555983423369973,-2.3337250777274434,1
-0.32304776589338635,-10.335956950366565,1.000130867423403,1.0246799980979733,-0.47241214410834226,-1.3873741085478717,1.4597942372475015,4.646601405136149,4.4573459977386065,-0.9330279708412645,-3.651594398943167,0.9411031977180424,-2.1155955928320056,0.48878647378239914,-1.153615841695383,0
-0.4311971233962537,3.58378124680678,0.04831895877933445,1.6732038512049585,-1.0848245709655016,-2.4099276072701783,-1.924106307324836,-3.573331262308811,-0.30315690283963403,0.24040561191611917,1.181652179723003,-4.530963437741796,0.49399637005635966,-0.9171974456425503,0.6276348455823406,1
-3.980230792640998,7.039563006897986,2.346734461955924,-0.5354924662102194,-1.8689114064706538,-3.2818660856444026,-2.436644701203014,-0.40646522315393585,-4.712441158976358,-0.09771088986529282,2.6974346962445495,-1.7774465015837553,3.186458390463046,1.1289692014020853,1.0928636791779174,1
2.4326534237216317,-1.9645716555290298,3.677094391752674,-1.240386334733212,0.6949148109113903,-0.6215182259333085,1.9457074162211123,-3.781616711686676,-3.1082805451116577,-1.3339666309878915,-2.483051165856936,-1.058118636444375,1.8771888242821497,-0.5007544186907036,0.825108592282204,1
-2.4236197855059727,3.340177125782094,2.0860615582087574,-0.30677611506649893,0.8553512070010864,-1.3299965348602334,-3.3638872942373372,0.32259213443287194,-1.0244512138857083,0.3136227104842696,1.6988808265404194,-2.1456440574341147,2.444332875041699,1.4476799904711186,-1.877197843602394,1
1.2986036229881517,-1.7805955980798933,0.19705041760571462,1.0165791875654828,-0.3806974256166236,-1.243142587574722,0.20048679122495572,-2.2968718876650827,0.16607130930237812,1.0063782748037806,-2.695973434204239,-0.1779632630487269,-0.16556074367409201,-0.07240514731789721,0.5893630497041081,1
-0.17105865534478104,2.948550412696074,2.251452353735092,-1.061523932395244,-1.194339164619275,3.123194386318308,3.1519894094103025,-5.570384539135215,-10.043386995963626,0.11795017089254153,-6.80606083430148,-2.9143176012911427,1.369375878699809,0.7745633043824588,5.918618911507614,1
0.9049751815125728,1.474287608480202,-1.6077815120760457,-1.7086766670985751,1.1103071757481227,-1.3616792684470398,-3.1656812679973414,3.4736561602305507,-0.348249167692162,-1.5530369295124498,-1.5960241450317603,4.1797230516925765,4.761588513941049,0.12996187156911543,1.9505860239218626,0
-1.113249447396123,-2.375375715711154,2.3481274335984392,3.3308996082288287,0.9618388324273973,2.380508057253285,0.7741401835246585,-1.601286358829901,-1.3824007186127636,1.0387562896145033,-3.4042316884364068,-4.006045803634324,-1.0642288635328305,-1.0683281711205714,0.3412101752053245,0
1.9972359699852036,0.5857759156435463,1.904720586561892,-2.0761611675682947,-0.2991951501693214,0.6505336407238436,1.4864218636983328,-3.7932148199378477,-4.977614182958783,-0.4078989245436482,-3.622505083817721,-1.4385425318579284,3.28150963040199,-0.3615132271068674,2.1325541562369255,1
4.080022388370638,-1.326089074916464,-0.8159591080537947,-3.3241672238738094,-0.1553729882179987,2.581123002883069,1.9675826481817102,-1.5406210160101224,-1.9268665384499117,0.4810976654282442,-3.366181184363257,0.26373818267501314,0.7019227857243767,-1.6018552938847763,3.3130190954385697,1
-2.799156462896585,-6.417673657880714,0.7601369041357919,-0.5227062405811496,-0.6535992851816712,-1.4667940604609968,4.483454423267836,1.9417622796540992,0.07015114108647803,-1.1349741648992573,-1.4188362546988458,-1.9737136534633155,0.17620168375411427,-0.5577753625187629,-2.8997862732948176,0
0.36678840571382687,1.4312780222760693,1.7026594129927497,0.27512365704310393,0.6445326873130469,2.4004245486757165,-1.7509415000710398,-0.6432360251597953,-1.7012313075977548,-0.29597150388619836,-1.4546701459744555,-3.7035420907852785,0.1677206956756514,1.6322452588988656,2.5772931776125962,1
0.8351642251009204,-1.9684922219413399,3.7429603246551215,-0.16257371023863265,1.2161272476716014,-1.1032931758728388,0.3504223546435561,-1.3974872037775852,0.7020547062757321,-1.0409018644728891,1.8380654748965528,-1.1247715173327144,0.3253754707498946,0.5034142435493226,-2.7085079704592836,1
-2.158042377745091,4.044264403827577,-4.573480640243032,0.06479344176234947,0.7105140871218615,-4.18743535903855,-0.39714881352697784,-1.1473383678894344,-0.6863993814798603,1.8511540620191151,0.31053223130136876,3.4530644274496822,2.9260960885314544,0.29941193801748717,-2.064746820031718,0
-2.706936521544285,-5.3218320430505885,1.941297282120205,0.33516399428896526,-0.3494712379173766,-0.4622525537020059,1.909490083234474,3.238386829684613,0.9250993555336696,-0.03984542278078571,-0.9023229631216061,0.6096160562535289,-1.3617260086894045,-1.0551859446311727,-2.46955428999234,0
1.7098247111086717,-7.813107084195997,2.6655929827213525,1.5991513969459064,1.7338831383786082,-3.316852963976391,0.014912015646667554,1.2910322456862358,4.747614145486499,-1.9097976696589267,-0.8472145869417578,-2.2918184126651013,-1.0416379279372594,1.2773740385132224,-0.5360650853777539,0
-1.495699447659694,6.22880036161004,2.482311929135983,3.175557133825756,0.7718030002741793,-4.826379064403113,-1.349643657460102,-6.8465692794499855,-4.747704258214049,-0.9371405236810427,0.20216239132712355,1.945210455325879,3.685554552451583,-0.1582148108177082,-1.595025466349734,1
-3.6598729587911167,-4.222116121501181,3.9866083162073953,-2.8160094040313073,-1.0614976412061874,2.7490623493956985,2.1351820109657584,3.574916269031963,-3.556910168968146,2.303784309217493,-3.201920288133026,-1.8932261170254512,0.5869038708894738,0.2524287572157801,-1.4158816898999977,0
1.3051758088570322,0.1408624021709417,3.301826832705302,-1.1882384460827802,0.5747469291255051,1.7037534652729058,0.5579771016326863,-2.6600954100448084,-3.374213120098713,1.2867988527259013,-1.656044425673182,-3.4584140723001546,1.84586315007927,0.20149232313327434,1.086430653220674,1
-1.8254788304594518,-1.013039697545192,1.6541515389977093,0.8104768575283688,0.3113935010780726,-1.4315703522299588,-0.25256988407472614,0.9242849196447804,-0.28210998823292704,0.6687974658652647,-0.29387741319137906,0.02722926424692762,-0.17733808738327794,1.164733042113315,-0.5357610481396633,0
-0.7748519421215629,4.806682132925165,-3.256467246512435,2.3058846772787343,-0.7321389019707383,-2.2313254926365285,-0.9318827218064009,0.3706940056841892,-0.14931041544819967,0.4098087996495947,2.5084790305889557,-0.12351008725013646,0.7662914256529505,1.6630313782118475,3.626072338799793,0
-0.5911652858918458,2.8913683184658794,-0.2694077600756615,1.1035850660292172,-0.6146968230076675,-1.8249511768845443,-1.26794862535306,-3.040575208978991,-0.23869695859689755,-0.20773574734915148,1.1896238376894501,-3.5267718984048892,1.3031599169010946,0.5028846851187714,-1.0186886010225744,1
-1.2869906769778316,-7.018450969218042,3.631015210390216,0.9135875364670482,-0.5536233141256425,0.5699229005278137,2.53998941539531,1.595978088410495,-1.507884958336833,-1.1700036864398626,-4.937614359011519,-2.96623397153526,-0.031622863928107314,-0.3663728472664642,1.0336905595193722,0
1.2479698890002684,3.7383561320106917,-6.073117793704517,1.9711731257500595,-0.39545909670452917,-2.9802038194401077,0.050576602333851195,0.48758125524526696,3.143341897416749,0.6974810908111866,4.871350304617296,-0.5740899201302225,1.225414729919939,-0.5557204621493641,2.4325646531100977,0
-1.533287478539896,0.4525817229512298,0.21660459946748079,-0.30349301523119365,0.044948957020710126,-0.08705808070259402,-1.3884537051095998,3.35846310642087,-0.029260675267794318,0.6967929604960715,0.27860948533669316,1.5988872917752277,0.08865218683300613,0.6686297581325897,0.9315114123926793,0
-6.464440078561218,11.232705639826001,-1.685247627516783,6.4522205979658285,-1.0907380577233479,-4.8491068477695976,-4.305117397522338,1.0817211125918862,-3.041311739106739,0.18225844358204224,4.0765027722422715,2.4816709023189865,0.02150549159449322,-0.08790416180469174,4.54679188078539,0
0.13152616438382947,-7.2484766199854915,0.3393300021163457,2.1916912448582426,1.901384665586316,-0.2835453039562241,-0.17907471383517692,3.965983453967557,5.3155709589171485,-0.5384998869943409,-0.9166960807661361,-0.08839054506629829,-0.9741249974160767,-0.011837146240324198,-2.324027127754995,0
-0.304616588326476,3.9335170156440444,-2.108494787011004,2.3098732275170737,1.2323792000172902,-1.358998593322761,-2.754721480520974,3.710526525859677,1.0766261178434244,0.4863532058246964,3.218724580384272,0.6603976425064417,1.85680327937325,-1.4623857318673907,4.191898736181937,0
-1.542327162971069,-5.8567556840907375,6.427022318464043,0.9182654960328884,-0.5698979194121059,-1.6487688284135738,-0.7464410799783634,1.3862368237030729,1.3416396168323588,0.31162882372473,-1.5806873398676762,-1.6242029366300064,-4.998848471770352,-0.2869175759376756,0.3010302117285497,0
-4.036258885444683,6.477176140908849,-1.106310711763678,4.482759410984404,-1.263075650525921,-2.64179700674956,-2.6905294293955553,1.0721978727079684,-2.224770105362669,-0.09222115812741334,1.8432171711725704,1.5278772328170502,2.57009286185849,-0.578163623061863,1.7391110409498207,0
-2.7543921398766624,4.539945152436818,-0.2113969842657173,1.9804137378471587,-0.6030598293979578,0.09837906644257366,-2.68459194342045,0.12361586544685776,-0.7001500149471998,-0.3517508018086691,2.0229988305822673,-2.3088393103015563,1.624621716256025,0.6388666960288489,-1.114521044750313,1
-1.9828261944522616,-2.2803569597105415,1.0674660724881697,2.4270509305770145,-0.07434951480792218,0.49342826400674134,0.1293092870438568,1.507607914854131,0.9858825901687757,-0.5704846856410772,-0.46428366980232405,0.19907377398715664,-0.9583286725448583,0.3499755356256891,-1.8963192884657623,0
-0.8175127971444084,0.8982631068444416,0.9281598119820336,1.8354696389164578,-0.7349101506329294,-2.323935216283049,-1.3200848758081272,1.3338498089938475,0.5212662871901272,0.3910815094167172,1.7444829575318557,0.45170954369945804,0.5225209112431626,0.5495266744296438,1.2115835691981307,0
-2.824584616540709,5.937142709456477,-3.7509787428196373,2.66322682744167,0.6743677856483871,-4.225188377983153,-4.236241164328315,2.945847302106456,0.02124521735084128,1.58876522322982,1.1841167979067801,4.487723042241818,3.4404588209441544,-0.014641353803318163,1.782609894642528,0
-2.725702237227642,3.722703165292973,-3.919204212172958,2.0327023888380107,-0.17552806259704828,0.1792032605625542,-1.3943397982107268,3.566807047101322,0.15512437007894095,-0.9910173361055483,1.9394928775007587,0.906597538844502,3.792142677087994,-2.096914179225179,-0.5065916424721513,0
1.7218535610240924,-1.040161500457403,1.3642110727224521,-4.56837916306856,0.5072999856297516,5.4156756794655525,1.9241820782123111,1.528610885270989,-2.7563235419656076,-0.6047018550970825,-0.8357479137304187,-3.2352332762478007,1.621624382492164,-0.7401819246062783,1.6090081854777891,1
-2.5413677712091722,-11.419316958992288,0.6664161149497154,1.6493370300546357,0.580421940096241,-3.9538348044030376,2.705692456779944,4.2661541902389795,6.132672542211662,-1.0478663059889717,-1.7149241755526394,-0.07708072458573123,-4.2659590561991685,0.04573912900266335,-3.854236729700681,0
3.367974229186056,-0.9360580380638858,2.1923935519949485,-4.920788345962802,0.047579417152787795,0.29375930038582965,1.8770195196213442,-1.3305018437053602,-1.7500327058752834,-0.18550352903619077,1.1196891933523059,-1.5536541489136813,3.4118330527056018,-0.9867736181735269,-0.28201130729391144,1
0.593649360184505,-10.23830695822749,3.022408244859222,2.7226618576162074,-0.47164257863515857,-2.9954513192513312,-0.07516572640542618,2.637701213604588,6.978936518822222,1.2363181797064053,-0.9198479542769005,-1.414677690110441,-4.108080720778223,0.22010982379366362,-2.1028222845772744,0
-2.0548383823864187,-8.705381306163973,1.2856737015195265,0.40014815475531296,-0.046008828712611895,-1.1899590418327743,1.1254196298623853,6.535551995090683,5.1779764373414645,0.23457001993653365,0.13886459059712175,2.4508552665486643,-2.611670759383493,0.6112911472382442,-3.7019469527778055,0
-3.3865291103528854,5.2104926707099395,1.8409240542409222,4.304851912529669,-0.28973708685236127,-0.4593063460480471,-2.4543003585911216,2.330444731618548,-2.1884079017267726,0.7262639375953454,2.896885845637357,0.6439755612606854,-0.042363685998828116,-0.19858132339182377,3.484949549881928,0
2.2139574850562678,-0.6228647646282359,1.4952403847429814,-6.0385983411636435,-0.09142036196912011,1.4054140922938814,1.2628346820224832,0.43998322213092966,-3.305309260385168,-0.4007357986163498,-0.9967288426838429,-2.8653123465318098,5.347910356503506,0.9908028561228497,0.7748270130621344,1
1.9048226065893974,-2.924832623400778,1.0415125010477273,-2.4529022462870986,-0.13078571850244072,-0.17113816623913403,1.841730910986465,-1.9289120328494642,-2.3738240681468032,-1.4976278660695068,-4.260476882298146,-1.5304374624379404,2.4519561586598972,1.2388560340583739,0.9984911776132601,1
0.3003614106290664,-2.3632652045475204,2.8522487124420546,-2.14752119119577,1.2951961769007685,3.529925742069723,4.723037928802115,0.39222116468919155,-6.229993655083004,-1.2692215303532202,-3.767277987745756,-2.6596403906479127,1.0405378656005766,0.01261283435224257,5.114508750776455,1
-0.6640910688309172,2.31576887804585,-3.888358590781308,-1.5090124956642663,-0.2097021062955529,-4.4419929059053676,-0.23966208362311758,-1.3901128785893206,-0.03580002018203073,-1.3767888249571572,-0.4359036535684133,0.43258022558556175,1.0625168953413147,1.7724365432959026,0.5915002591981756,0
-0.48368905628715253,-0.1976117485230008,-1.521986904816477,-2.9875721471623136,-0.5090946505735073,-0.34051799874246114,2.191337656209743,1.1652417304166012,0.16404414260259748,0.5672417068069041,3.0062357143799376,-2.4418843670051893,3.6861044752645133,-0.4333554411706377,-3.217325991123141,0
2.006027285066159,-1.545423633423773,0.28598676932685696,-1.4366219972883638,-0.29596757304826016,-2.4003172594052704,-1.6879861332984287,-2.5387808978375013,-0.2632444718193785,-0.3731662385021419,-4.511865674750636,-1.4447421375585754,1.9581685327039502,1.3399998854762094,0.9581449676425963,1
-5.416677205935695,7.701926191418238,1.9636146066902802,-0.45324656944023545,0.27566807603618804,-2.56429973803411,-2.809294592056639,-0.18640973596541532,-5.177607161300605,0.2552379560389313,1.9610650849669367,-3.9928019642160355,1.6090378166887667,0.43397208034635437,2.1407600637112574,1
1.9992697511895157,-4.3571655647950385,2.2532450888609876,-1.1389603725267115,-0.6998565596577566,-3.2152407639505416,3.509364987460848,-1.163179868548601,-1.1649701687936223,-2.1023053913449403,-0.9930289044239177,0.4941373667721938,2.6951226706152545,-0.8616637033727397,0.27819254504359403,1
-3.6002756259927233,5.491674158790545,-2.153879969404887,2.9310386912942596,2.475064639169303,0.05185020024636655,-0.9605009481567023,1.654749720709156,-2.1972385806433055,-0.09961994978047371,1.8815464738607408,1.118639810482889,2.2783937996866555,-0.11140413540227233,0.7300943861004434,0
1.5984435505887493,0.6364985720377118,1.189077558311576,1.4805576418622541,0.5062784714875873,1.744975447534065,1.3234039016579846,-3.5429575026904,-1.671303633016089,0.06306502948812001,-0.4564840471357623,0.21048453472313633,0.5180151463189882,-0.453157893685935,-0.5628964501121474,1
-0.5554191849729493,-0.4467813074419314,4.197604727065315,3.423081992164744,0.9334404081685476,-4.794849174581319,0.06871085005514277,-5.666777204458651,-2.2113851160204714,-0.06913356488805313,-1.6861294294101605,-0.7219092711780921,2.190592367075952,-0.3227902013153876,-2.0489473493828294,1
1.5143202844084036,-5.163757501288418,1.1415233555620259,0.8424824877244053,1.804104664586301,-0.6680658060828457,0.008355684667429308,1.071544863825431,2.1634526296488215,0.7759681608964043,-2.24705923529659,-2.718659910380148,0.7742103028957299,-0.3096817820367279,0.6597878159641049,0
1.5001727115651922,-0.8472540799347064,-0.2786540274273921,-1.2649098056007486,0.6752124304135045,-0.7449500720661866,0.5252056687881521,0.5854488377242174,0.9928624547989102,0.4549055288446821,0.9216683966981832,1.0066184724770033,-0.5815496082221912,-1.005107500838015,1.0188082763464181,0
-0.4750459066931263,2.120332400895621,3.3544850284542336,-1.3572842429100995,-1.0862891736035514,-3.5219958946757686,1.9258508179512859,-3.2247610160975317,-4.180921586807894,-0.42008600493421644,1.7201140130124388,-1.8045183521319659,1.69237435605764,1.2056366088694095,1.2671433161594807,1
-1.696029478369225,3.7729710453809204,-0.5142746932671749,2.386937857217537,0.02464156663794665,-0.615899420632762,-2.1479379136928114,3.057281451060124,-0.5460296717751006,-0.4594603903752102,2.2849438790298464,2.305522944820918,1.259262742623567,-0.10223420988301203,2.4164750149672027,0
1.0000047744529095,-0.9478650299576012,0.4256183415788064,0.6349686090089999,0.07759838974533693,-0.7249048901511803,-2.122303518230581,1.4657982355438324,2.5241270613400655,-0.9891420800806211,0.9137071167341531,-0.15956837866725282,0.9231127762015308,0.222043548146072,-0.48617949208877675,0
0.29959148041047556,-6.930215793366069,-0.3097969828034446,5.436220006305124,-0.14113682151636595,-2.9749695740205144,1.6543998281756327,-0.039370170666947146,4.5251966623231175,-0.321169399043682,-1.6811338371365339,-1.653915131989075,-1.6661968647535572,1.2647695267749652,-0.6774722785669153,0
-1.8679921268548343,1.2118973003336386,0.6990557805194353,-0.3480084201754263,-0.1601024136920497,-1.5787952579367879,-2.579604984139901,2.4975846826123798,-1.7848081756067675,-0.1150708048831132,-1.8524364147254295,2.652189440573574,3.770533482439968,0.25781470525498895,0.0669655556851152,0
1.1332474868534546,-1.2599665358250611,0.40731458009179233,-1.0116603783951355,-0.38396020203484016,1.3514250833709596,-1.1749024196954654,1.968818438752026,0.3590750886463249,0.8978052814453255,-1.1144972218656848,-2.7991899410080823,1.6741749093223637,0.1283390272029383,1.8955391476804944,1
0.09668459874595925,-0.64275643605804,4.8163683052448345,-2.3286020745167275,0.8149874547962647,2.773666198956112,2.7262132360763562,-0.36529120222367917,-5.231017772832984,-0.9021980869729431,-0.28417582588641,-4.46430167825019,3.04808676148562,-0.8769345818745263,1.4509659308553176,1
-2.3089193702401243,8.10626171020178,2.38637153306673,-0.941821886854417,-0.21782581483173696,-3.477581811257113,-1.7102555320995527,-3.757173492269109,-5.525863185590496,-0.7485632200938773,2.549190541201418,-0.1481343702548017,2.882585937767168,0.11566101761041994,0.491356773787162,1
1.5125956481457163,-2.9882008890027487,4.350454348595964,-1.6298124922098296,-0.49101613654919685,0.4089314569759206,5.9014803781971015,-1.638822479606345,-6.322972973353399,0.44521087891406186,-2.2368655228751977,-0.6260360553825548,3.197317940883651,-1.1628170026609979,3.2782497890644136,1
-1.1240778957390118,1.5423259369744733,-1.3684065693052416,-0.5746391769240327,-0.08117361031679111,-1.9136038148140608,-1.3042223959309984,1.6120521970245572,0.15766515117375668,0.9989678353166206,0.4989059077704965,1.030767659895183,1.0760928140673482,2.0916654352700794,0.5554726092808283,0
-0.8779026447970912,-5.347024511893418,3.2520353573113083,-0.5444143782565951,1.5658205940941132,-2.3010938967760035,0.8060617733914562,0.007227155564402343,1.5663512430241642,1.449413768996868,-1.311340834433638,-2.7612564373189628,-3.0818842927390278,0.6208754159067472,-1.0058574481378812,0
-4.031642274078916,5.702050439123428,2.6644774156087108,1.8713546937433263,-1.0969280916615103,-4.822298522145095,-3.26459275415781,-2.9521970310190646,-4.139124682273417,0.513211050420852,0.028475216798832692,-1.9728466814752976,3.7733016340982943,0.8070605622085191,-0.6870316175170671,1
-3.5245944791779205,10.198694158730028,-0.3379134236804793,2.4906195193584346,0.162961670856347,-3.4219592100713894,-6.1899555335733485,-4.893239479614705,-2.7793868084561604,0.87984592395689,1.038238973483128,-1.4626501148177038,3.6737445446572967,-1.1743529623173146,-2.4441846767297806,1
-3.700389036354789,-3.5618843462623384,0.6652668411401018,2.7000008267122793,-1.08475880151045,-2.2352594891389708,-0.29368114977858917,1.9102189056999592,1.643027814936315,0.1332955505143741,-2.276728748439532,0.6636434146096715,-3.37207823509923,-0.9056955910043086,-1.0770469100492552,0
1.8394947169257547,-6.902123102060499,3.1130779325861133,-2.2313997388089546,-0.20861723663787313,0.3957374607697053,3.283228059836868,1.2717813435678131,0.028899185538999513,-0.6688462928687765,-1.9103732211722375,-1.9111115768613325,-0.14589882238177454,-1.0299320803117926,0.8107863520813803,1
1.5697055857346647,-0.9974206431295041,-0.040181966983699136,4.0387109209779215,0.5188345452809907,2.531550046526913,0.4918980859996791,-1.5037269206633739,2.660641254595006,-0.8809494099975556,1.8599309073241936,2.2342674990087104,0.044088927883590534,0.07715802563167032,-4.376972423659755,1
-3.996833241015198,7.636020893951376,2.1147261289025594,-1.4690843428785723,0.09693362573073926,-0.08844501104485536,-2.6159032650959,0.2823950361077794,-3.3456151215892156,0.33107589099048995,4.568762201310915,0.16796073612820495,0.11900812673833383,0.3034046705972552,-1.1872376857251536,1
-5.670773088277412,-0.1690435483811518,3.5437808900058427,0.24512056359362844,-0.7721646868646517,1.8257642031915542,-0.43231866263474217,3.7508735461877323,-4.7606764533052885,0.819999135917259,-3.595428281777874,2.0206019321220072,-0.4627129250998747,-0.410136261770982,0.40349573570639263,0
2.6632706065056864,-2.3324240220613137,3.7946749203414725,-0.03988810223899919,-0.16402544226013785,-0.653041234548856,1.3320078159576831,-2.365291669518693,1.7282301531742383,-1.8346883504522455,3.4167593608570774,2.529056208097212,-0.14053717880930638,0.49065968072538757,-4.554370925660634,1
-1.7474346648128145,4.087122590202646,-2.108595359695117,4.631350977238984,0.956128605741,1.2234791972569528,-2.7506892133501086,-0.9453215444908796,1.8181281743351758,0.22701573695590588,2.2375323415111383,-1.9701174945509226,-0.08510705453998924,-1.1338191937539535,-2.0149470625687025,1
-4.052869676603206,2.6012918997610788,-3.680191418733852,1.536914907163241,1.1425228195041448,-2.7942254144771357,-1.0504029155116759,1.783672380385325,1.1790848712171897,0.6764281053209221,1.7341858618013637,0.15256473083548672,1.0032401870404624,0.5335199931423965,-2.1759918265657903,0
-1.0543741057180962,1.1315308878789632,0.616030079482393,1.1712251392316013,1.7524240039160388,-1.9767671562995957,0.6651308001326752,-1.3400686717850783,0.3551928178097238,-1.0166743760211148,2.665032437037487,-0.9015925631909472,-1.997429833420866,0.05867060336963758,-0.2849547610254848,0
-1.2825563952781875,-4.237379365209151,3.379032015517966,-0.07933140542048611,1.3125093439544353,-1.5726840502907837,1.4116229676101995,0.8437039686105609,-0.3548441808669502,0.3385741900816487,-1.243190168713157,-1.4698098926707335,-0.9228832758231972,-0.4577893528590192,-0.30039697158881684,0
1.7595056839801262,-1.0750030927779728,4.220560551075012,-0.5061951623685226,1.9606914357403167,-2.6496965638657053,2.1749632257124243,-3.71337911715933,-1.335761175715934,0.6224833345615618,2.0070332367104844,-0.3362466297125952,0.6807416017528057,1.3292556295800815,-1.135378647938829,1
0.37204620418558476,0.5943646729970419,3.218387238393714,-0.29233654325861314,0.342995114071306,-3.3094488745684263,-0.04807047227972294,-2.518152604617476,-1.2978143044666515,1.3819493215339949,1.554815070932124,-1.2265554841287938,2.1814744284024794,0.6509316224999498,-0.9795280835980356,1
-0.6414862738579626,1.2401896749203114,3.566433566608163,-0.4048073031624857,1.8220728655385423,-3.020443206647152,0.028662676012610078,-2.3133699883250176,-2.887644763833561,0.5305956648893245,0.853901294579795,-0.22589446491157106,3.9010859521529464,0.4324431104243127,-1.9175375064192821,1
1.6332785224295494,2.5813945338634965,1.9971872898542833,-0.712803901888413,-1.413177841865801,3.2464977542708198,1.834022791998785,-5.7632669935943905,-6.255843726536692,1.2044079561306467,-3.6443120815126258,-1.9159392635773047,1.568817995716403,1.7778671402788075,2.11770415333102,1
-0.09097439495464466,4.0669037537775,-4.631166173942129,1.022955654816349,-0.8132593207385084,-4.298312444959555,0.6908157927487677,-2.0946616319001974,1.0989901837571234,1.4578705679514758,3.377588248865913,0.29417739440745994,0.01890163147081192,-0.3898430544175937,1.0116175830423684,0
1.3399455672188814,-9.639733090689937,5.711565004702815,0.6947737258261351,-1.431186765846887,-2.8164753703070664,-0.4569191323199435,1.294334825608972,3.687205337556149,0.2404627448017032,-3.4340856135769733,-1.8876608541166444,-4.446772618373158,-1.6880218445968753,1.1648103874325675,0
-1.3477269229244533,3.2695122968264245,0.6869963789013808,1.4447415318721946,0.5769171804036888,-0.39271131983843954,-3.619506145036466,-0.2872921461045732,1.3384870773921695,-0.14482749406013753,2.68062694383524,-0.980480397333744,0.8413241236889486,1.6927134330812508,-2.9207934537451505,1
-2.6066229189144563,7.7015420850515195,-0.8495430069363533,5.410266702843014,-0.9367686006728946,-1.3243985816852066,-3.020389533415751,1.8300687165812746,-1.6315138633662878,0.16810146126159542,4.208077339051712,1.4388950892772452,2.2962937009356046,1.6980096848862534,3.6399461033491205,0
1.5880382093678695,4.0375391526308695,1.9902955723533298,-2.776787019538551,-1.3088438420029984,1.1178801716291036,-0.47738302587307757,-3.612559214410679,-3.839113339249167,0.22303025758513412,0.38975979822451423,-2.100769127576477,1.9489216532163047,-0.05091773033921787,1.1290547878232888,1
-2.0987055304257844,4.200794738459604,-0.5459246493004399,2.6332324787259496,-0.0472906457085348,1.9192140048046502,-3.01661940261597,0.7509641058185696,1.9208189000725693,-0.020814089327941376,4.081514873743581,-0.1173952752376708,-1.345477660950392,-0.7365482225407958,-2.887464503686125,1
-3.798154507744402,3.1558326747538987,3.653750564775743,1.8268129280931082,-2.3647281730951435,-3.696077114030432,-2.620427481126272,-1.298696269577601,-3.412635999520713,-0.8240676674105768,-0.16187395655481174,-0.21472375800172805,4.350619880386322,1.3016256381303892,-2.490876261463239,1
-0.27229153428353636,-9.718564198484795,0.13434793078858354,5.092549478001327,0.359521062140472,-3.052892255901638,2.3894997548361596,1.3908638793045476,6.484638480285101,-0.8070880597375816,-1.1501241786419583,-0.6358687827059063,-3.720402949258427,-0.4002229523995679,-2.672542599169768,0
2.9786055846850923,1.0249026966185368,-3.1043285577695467,-0.3697392718919723,-0.41340289829011123,-0.5354408448885221,-1.3955038578419154,2.9596283240367374,1.818433695628465,0.3446389394715425,1.4001642612140848,3.2755344861943945,4.417637950550576,1.1166828327422471,1.848212719508497,0
1.822582835967095,-4.446378820122341,1.1449277589055908,-1.862248235160648,1.655042221468732,-0.10200744720087718,-0.19811649619813054,-0.22235772217157534,0.8541767969666996,-1.3970550231469734,-3.3418148128318634,-2.3255942232529154,2.457904935713472,-0.847671949215035,-1.4259008091641645,1
1.1124547758663847,2.2803604375054434,1.5395218862840407,-0.3171761523827712,-0.5002158635937571,4.980966452433899,-1.0626937230422393,0.38943013519805825,-1.3996243561501878,-0.37478385003839176,0.9688839200977717,-2.98156852711357,-0.33113002626212484,-1.2729933322312716,2.259636318219131,1
1.9711951704921982,1.4168146837544051,-2.8249332489246077,-0.5336559352763571,1.1567619824643116,4.847836269340166,-0.04962408336012136,-0.6596572813713707,-0.464660951044167,-0.7081820628990119,-1.8423895157912737,-0.3700639935267307,0.2914338732138493,-0.07365202625775688,1.0511647673057638,1
0.4024920067921729,1.4409902906704972,-3.0034175643198564,-0.7160331658541548,-0.5941236099655645,0.11692671268568322,-1.4356750273177294,3.3388824291284824,1.868569859136068,1.5135414356022965,1.9191619500714576,2.656130331999708,2.3319680090350983,-1.7607193132486463,-0.3851663285485689,0
1.803479131818775,1.0942581239451,-1.2372427842412859,-1.2631888809913765,0.48174103258762574,2.7625358348142024,-2.3953484032865497,0.9078929787495618,1.2798400491454969,-0.09504200369292053,-0.5013873342185499,-1.8958211601831048,-0.8932305195833394,0.07590102288436813,2.179675755150388,1
-1.3656267551323686,1.0200101669216195,5.152055698863841,-0.9915757221147241,0.5762513920221156,-0.7512615099114454,-1.5178136923574455,0.5871346576974235,-0.7443969405833946,-1.8598151761373272,3.4643540595650415,1.4266419601044098,0.3816815594832319,0.6755096754925167,-3.3121370191119164,1
-2.592502366511023,4.653175995812905,2.038145493659694,4.217834479788939,-2.031823556322141,-2.2278005605601425,-1.760645846629959,0.25433544308070255,-2.8218143391997277,0.4632803417903879,1.7474135727088933,3.740373620383686,1.5395992677489505,-0.17047614898169622,1.565263760670731,0
1.7930260491586931,-1.0004979874537232,-0.866450244960812,-1.3455187752705258,-0.17559613466295235,4.774812772295284,4.1451601585598645,-1.1235231207154193,-4.023118424806241,-0.3962353100691686,-3.5963029461455407,-0.07398009657383509,0.6313260687515503,1.8128902199409256,2.9641932661602626,1
1.6189662998111143,-5.4090343162139325,3.528684134710824,0.7478040797947734,-0.3040410991533166,-0.5873853441988661,1.910353912724775,-0.3290120078478247,1.0192035350230182,-0.777905724174565,-0.28381950459764105,-1.3196445052607997,1.2431754265255541,-0.9293245882416272,-1.8339800137506903,1
-0.12113785506594987,-8.420233536560408,1.92843428458997,2.2526592059771233,-0.553646484550792,-3.9304962145196765,0.4891947352250363,2.403824593199501,4.832267976421024,-0.22112822791412187,-1.906454695263742,0.6407738093866673,-3.7487718582061826,0.3132239910065639,-0.277297369751484,0
2.6157858150053155,-6.133666379973884,2.786309970224403,0.9114020937024176,-1.3949888985806513,-2.4556896254409213,3.8188818798194744,-4.223422932368577,1.31253642546101,-1.4308585839323829,-0.680616174459796,-4.540814658413481,-0.6899676698957768,1.789088982933061,-1.1064803815332713,1
-0.440938183225809,5.7816997259091325,-0.8798200568259462,-0.11965356700964502,-1.8234927350495862,2.125356755358726,-0.6242716801529262,-2.989608535948605,-3.7693889430303393,-0.1764070536283277,-0.3006998586806209,-1.324078018154972,0.4796220136006286,-1.250428545040594,1.8639388480836547,1
-0.20757511975624587,0.40049925139906284,1.8856436575023077,1.757868952053497,0.6464979655959932,-0.051561641066507624,-0.7693625769371746,1.5951821278201137,-0.04477810999748954,-2.186829371271469,1.4653564466571558,-0.051848648493448835,-0.6000289653845563,-0.7554607202010528,2.337931157375023,0
-1.733525559135819,4.446491989403895,-3.8870748865901343,1.104252843722271,-0.5938559901174687,-3.2964293362754704,-1.108493193963252,0.11968768581990674,0.23298784956899898,0.09851222107969118,2.051072135809309,2.1503126802710577,1.7154419411381654,1.1068536244725686,-0.11933334248181438,0
-1.7557997070470224,4.428646949881099,-0.6360549255603323,4.151001602789326,-0.5120295142592802,1.0971189376963428,-0.11116287683224413,1.2579491671165872,-0.8978244078531423,-0.8498759251174026,4.05252203531966,0.09775577862446361,0.4910232955097238,0.5719956373926842,1.7102929411564873,0
-0.6903013486894176,-1.8174113997973058,3.152645323807866,-0.5406541843369395,0.7875534068050477,-1.9102157729221847,-0.8502847853406168,-0.6075632379198748,-0.6326834838443195,-0.4903284443426062,-1.7557215339337406,-2.393883642246091,-1.0045544947282112,0.016914217176603973,0.8575121501717788,0
4.50172181006109,-2.0821159909155207,0.8716416743559205,-6.87373508135047,-0.8128104895617866,3.2387374006596596,3.2262055936083796,0.6912078833097106,-2.393605380997004,0.23837740484116443,-0.07242315962198598,-0.5827215803024131,4.4642772374773285,2.2051873001591,0.6834128198250947,1
-1.2839579076500105,3.9389259321085905,0.1482970748003516,-0.8288721616907013,-0.5411690967855018,0.6878182925077692,-3.786952917017035,1.85228704137644,0.39746263466313614,-0.8853275610043386,2.850688655821424,-1.9913917380568757,2.5789713053303336,0.49558614250970723,-1.4936686485608541,1
0.7547119180410298,-0.7423530583908997,3.6505583411709024,1.4610828947031427,-1.1150770384098139,-0.0438128272512317,0.4711342579826514,0.07521244176876163,0.0926378324816457,0.44978261794435254,3.0242615324582176,3.293249235027062,1.8963011346255723,1.5099739879770104,-3.1948365033124015,1
-5.7367279084705975,-3.852855318505607,2.9573306225510785,0.5519770230384458,0.12209209645108472,1.6951908542859213,1.8625185782198814,3.23695891176442,-1.170942374648834,1.5826190437340513,-1.8788998817786293,0.28153944880043813,-4.496270454391713,1.2070265134276854,-2.537826475316673,0
0.41648832991802065,-2.030208558926146,2.8411411664861816,-1.0441958168419463,0.4869881388370644,-1.389282544447508,2.1761050357018537,-0.3070419890857319,-0.5487286441976967,2.1519825670043002,1.9569430043851366,-4.052596309410831,0.1879262613644006,-0.05448809385780392,0.8639086449261928,1
-2.0564655905521203,3.069511165738739,-3.2302184074530285,-0.6721556435833858,-1.177642669874513,-5.313245042974108,-0.30695502106128725,-2.643374065727259,-1.0693835022310685,-0.6278187459533185,-0.7425662433146871,0.7275710115533093,1.837346018784046,-1.3387992115794456,-1.2170638500726527,0
2.3494433759989524,-0.38751807420964063,1.259111990368631,-2.972709847235312,-0.464062530128656,2.666842423322368,0.2383489492582398,-0.15572357481761467,-1.420162556772143,2.001575745129749,-0.7278937289586291,-2.3256367937843994,1.8115649158622973,-0.32443258174848666,1.2137536950272783,1
0.15438509427231906,5.094617036796176,-1.8077411099795795,1.7730046922098943,-2.1595666776426587,-0.1665977266979881,-2.8884511991412207,2.819960790775192,-1.13750036478273,0.15797937270525989,1.4637650581498238,1.9199013065341104,3.302462229175376,0.08507008538739401,4.758121371109231,0
0.33868293519636006,0.8247237705181734,2.892528967686263,-0.0007367264891975367,-0.5386926814681269,1.4952577495654684,-0.45333301009133264,-5.163153585515176,-4.813437686251823,1.4165403509931433,-5.6927455546371855,-4.661046091892489,0.527739270474139,-0.3910263177655551,2.331053782105174,1
-3.408674457079853,4.596624687396456,1.7399406438995775,1.4582596909776115,-0.6710017453111383,-4.607194615202412,-4.193325465428458,-2.9034907939884285,-3.0569991856586674,-0.43608021709521955,-1.385218453603681,-2.555879067144885,5.704211690866769,1.087791711437109,-2.421038862636564,1
-3.1780457010637866,-5.245491829315041,-0.6036538909209255,6.150108703182148,0.18661482607356927,-1.2595529223286954,3.1125533410792654,-0.3046010801251311,1.7424636064030152,-1.0468579584583377,-2.3687494017616872,-1.7677139899702627,-2.53253959812735,0.22742126793771542,-1.8522001273711113,0
2.0021616945550464,-5.207928655142306,1.1074800123547466,0.4411397639760746,1.252275477530615,0.33118192109926015,2.3681147035915355,1.356360175727556,0.9429690246711191,1.3353453567370426,-1.5624499142708315,0.2552062335162679,-0.27936800199679945,0.2545406463995396,1.6613583191527055,1
-0.4716990093589728,3.066892733948551,0.6789240689590864,2.1225378081036634,1.0617953384536465,1.2954535609662552,0.7686358688478419,-5.141330782831401,-4.8736036536607426,-0.10084134754457509,-3.2028028450642836,-1.6208110867025722,2.1512941557872107,0.10780832831123513,0.5324785959025784,1
-0.8964857829444158,-0.10648501516737952,1.247164075603217,1.172264140659569,0.36128210620039475,0.38507357682036925,-0.4057103404143698,0.9109944453449144,2.91813743481351,0.5288743855226535,4.254827896329836,-3.9251893103345497,-4.916602349583155,-0.8807150311069579,0.3555171577057621,1
-0.445937283794249,-3.6012658529519577,4.446818901424368,-0.34313816479242765,1.7264563718786883,-2.963371768558331,-0.34088056776168996,-0.4281373682640919,0.7900536059175353,0.8897490428140682,0.13419953913753857,-6.334906578880491,-0.4764275105173108,-0.20017563679851152,0.19401087736725597,1
-1.7923022002717177,-11.304521472767277,3.334712649930319,4.786630522614814,0.6186085476102836,-1.3773152079459179,2.560518077864926,0.8597428517616448,2.8303625099528418,-0.02404782509982628,-6.196825645175205,-2.812872291289831,-5.336911129362619,-1.6436341422199503,-0.002643833943516194,0
-1.3158784046295477,-11.72014716857911,6.036021546016948,-0.06122128208194799,-0.9869126270033162,-5.477626940841535,0.26333811062017576,3.961576909029065,4.657367781903081,1.3191010274459878,-2.5933682800633826,-0.5120735664730754,-5.355945679684628,0.023166080062098828,-0.562013514702313,0
2.0453664203125923,-0.44522578486056347,-0.33137238362116817,-3.372110149787948,1.5548402404262571,0.6738883106864146,-0.26092355518536303,0.5281616973895775,-0.74580636147058,2.0252842086214446,-1.490271581378919,-1.4642082098229536,1.5603999060491702,0.1961092921318354,2.2768702118913655,1
-2.579681027804883,4.0477437455935075,0.769412738622692,2.4255161245014087,-0.2694106183326679,-3.5064905394986456,-2.926817267345636,-2.741886262485353,-1.4009718239541094,1.4027643105807002,0.2670074456147853,-3.60542483604121,2.400798530158813,-1.453606445109524,-0.7310801646608956,1
-2.4605902894127025,4.016728847549076,-0.8008095704581795,1.041788496829596,-0.7367309875168898,-0.2556345946257006,-2.1892223450624515,2.4230320416244364,-1.7515049680337196,-1.172206617855613,0.3714658785534031,4.777821202567013,1.549085017145802,0.8520537818100243,0.4905030434569557,0
-6.951667974250827,-1.0246150253755077,3.223697402796547,2.235120654321129,-0.6073269104176972,3.7667224341214096,1.2677493162217601,3.038945318971903,-5.743884848735133,0.9417488553643707,-5.460978554458663,2.40860311695904,-2.512635957912533,-0.592743729411948,0.28597568206467594,0
1.6641098507170753,-3.7814764580664098,3.260082248939232,-1.8796889728255815,-1.8986213456878196,2.4053743209603056,1.4857908747808994,1.9694156054676624,-0.015608865682507205,-0.21231144798041618,0.6145204221683596,-2.959921707504148,1.1470178635827242,0.7469960383553472,0.22096129615872817,1
1.9807305686192742,-1.2258362270350522,3.963785375895944,-1.3365393524165579,0.8686540584366282,1.3453540822890102,2.3489737770371835,-1.7119949127892156,-2.8748761380506656,0.9239743341675953,0.21311036548707984,-1.7503023234090669,1.452762200559504,0.2036922784764595,1.0337567627610509,1
-0.13981048890890113,4.2769899709465085,-2.892918217707876,0.8941972385485248,-0.7132491280839726,-1.4360776994788376,-2.8039540645978303,3.2714435749188353,0.3484086766747849,0.5935389863983155,1.9890969033373938,-0.25127508726445935,2.3457907462096594,0.37561387714565736,4.886739113070426,0
-0.4498748283263181,-2.0937440312839337,2.8818930786312738,-0.23199622244394225,0.9525147585958975,-0.11444295219253986,2.3239605167747386,-1.8893860483032476,-3.6947769115806866,0.7583887130111439,-3.052843906213841,-2.622235045688595,2.116288696573074,0.3831961512084077,0.5051189789074229,1
1.08325984763569,-3.6180169619764024,0.9833674360017295,-2.571584798142668,-1.214043872573394,1.8992761766840802,1.3609399291209323,1.3883388618225818,-1.512943509493625,-1.5126287741275257,-3.2852176639851876,-2.8439226833797067,3.1343404990180215,1.377577335845417,0.7340317671937028,1
0.4649781839958713,-0.5248520076472184,1.7314224636827014,1.5874497791298112,0.1395631528213373,2.9073639253592356,1.5330775760106143,0.8125870048368928,-1.0706108375788363,-0.1682422035305197,1.0646849994465155,-1.2726021723957488,0.06790014456136273,-1.2471899921129288,1.447000172450863,1
-0.39118829627848273,1.0317119356569429,1.6522937058161826,-0.2843509650282321,1.2977738137911687,2.055322765275135,1.3252089036843389,-0.8459910922646059,-3.9240669440123828,1.7758468947911954,-1.524635496617613,-2.0345231769468937,0.7238666888305806,-1.1080533268294424,2.6035943386409612,1
-2.386672684124749,4.075967884492135,1.7669622591870056,1.4398617790193065,0.16643839737082022,-2.841230115868773,-4.482089950198662,2.708464939039722,-2.8991010368190264,0.41758838164278955,-1.1356781352451564,2.8592890396360566,3.2707435010772583,-0.38567259712186935,3.6731511750835515,0
-0.34200036661812305,-10.79313553943149,-0.9817910203526319,2.3805549156265102,1.1561146166453071,-6.289287120054104,3.761590196148242,1.7007436352619894,6.8272070715634845,-0.12805117872967775,-0.6057960406565921,-0.4480326104225103,-2.9525534137563785,-0.7181956337876233,-3.0752630454356495,0
0.788680714471151,-6.811785375843025,2.7140850587455363,-0.5404008370711324,-0.7607338467770106,-4.989974902438545,1.4870580294713862,0.3721999042742694,2.175964404378685,-1.1384625911543043,-1.0123060822901713,-3.1355306563563294,0.670999819928014,0.2523982066520493,-0.30709698672663177,0
0.30054414970269017,1.6115243598348272,1.3102445108203953,-1.127098433703764,0.15916526032138825,2.530492241784635,-1.2200252194853713,-1.1150948878839197,-2.0937438962717816,1.8724486608087239,-1.2501175407284706,-4.119390088462716,1.2797744237125188,-0.9422611938939608,1.0239926868017633,1
-2.3833253165580555,-4.225270530373133,-0.10912545446361288,-0.6970939776116203,-2.327599232930349,-3.307453158425682,1.0947671252613742,2.0989028667164753,3.167106047373214,-0.6189775684070953,0.8360760291880678,-0.013462903144832561,-2.5712895146829773,0.7704804366875033,-3.1438077574702294,0
3.2252449483507806,-2.446872090428398,1.2844457803794986,-1.8528865524706488,-0.19802721959740235,-0.7192910862833846,3.825937501311628,-1.19185611476332,-1.3992819808874366,-1.2745102093049272,0.48249457502681636,2.3524955397133303,2.2479552479349474,0.28668481987434286,0.4465004781295516,1
-2.5015783658638284,-5.687528610300634,0.03872187793201354,4.01003874495699,-0.9901750385704507,-1.5719728983752836,1.8124157020153757,1.9413034221131764,3.0632389827163635,1.7649718541264443,-0.9766292123497092,0.12788583184107982,-2.1358555742911083,-0.13894435086533452,-2.5942759896794594,0
-4.215867024687764,4.5920972297018166,1.8467989104873395,0.3788785779861792,-0.883406160335368,-3.331316690632129,-3.2030820180930815,-1.1730366335257914,-2.200186115665589,-0.7427799707332572,1.0644980427096185,-3.9679275954798294,1.2276986321999144,0.45746868608800834,-0.7052618127177279,1
-0.6245059035409364,3.1804750783670945,-3.7232743119431575,0.09079816933528351,-0.9529682593324047,-0.8740535671876556,-1.5734746274445552,2.7889340058406313,0.49455977359644804,0.20862728048564805,1.1798820554986895,2.236241699675869,1.9573364265919433,0.8431503725964913,1.7927893095602891,0
-4.389719489943694,-0.6942050083931699,2.205861287882638,1.3339165945279157,-0.990604337075828,-0.8875741122052232,1.355689924634672,-0.7991129618808008,-2.407819371968113,0.5395475333610181,-1.5858460769213205,-1.9345901039065714,-2.5612463424452927,-1.068203831454317,-0.8111868981200331,0
1.4626870619616397,-3.5290663143222076,1.79037149061363,-0.6469645848407563,1.3131697870913475,1.4380598998935277,1.270490193387539,1.06586535361012,0.5878780227532056,0.9452143122503819,-0.11721817056245687,-2.268738515775651,1.270712008335212,1.4047908419597586,-0.35673625420363453,1
1.396044529796903,-0.4955633318598416,3.1953121654194216,-2.08172596963252,1.0346681017529358,0.03731368500916332,3.898455782772527,-1.4665338096503457,-4.5329291213593645,-1.2928737322045296,0.28534476331358594,-0.5339071795941245,2.0240576412531435,0.786954564094698,2.492873401445425,1
4.108852017377875,-2.76108277902574,0.27738878067940664,-2.775537472272045,-0.13661869147757238,3.523702284137384,1.4014158270898027,0.32875491205286034,1.0625746475926845,-1.5117465380881643,0.09590433585108271,-0.26613391497414085,1.1429835856910615,-1.328075032754712,-0.49747445028534565,1
-0.21462669939031342,3.4987709363090667,-3.6977774278536755,0.9290608058930293,1.2955075821174589,0.42464382367091824,-2.137728304676967,3.8711178155030557,0.5303906546430972,1.5669788473699928,1.5384403600754752,1.0487524274061586,3.4618939187047584,0.7377867562899169,2.6208708202505377,0
0.06712900386347087,3.3998958369587293,-3.922033873995472,0.15498188058286222,-1.3613578712477037,-1.9127672921698304,-2.725221373233581,3.407382082787773,1.3919990362166232,-0.11321729762476908,1.7403557366196645,2.38461309076633,3.2162778203755,-1.1121773983962906,2.113641087172001,0
-1.182654418491734,-0.05928546758214428,1.8576420030498024,-0.2036503927760578,-0.009371558520764512,-1.9094064774164274,-3.090109704541401,3.40435982971361,-0.6142640227262656,-0.21620691778332585,-1.4446102514302628,1.9796488572255198,2.0393432524133077,-0.8935881248984164,1.7338374546389703,0
-1.3991314964339423,3.5215065267317796,1.1921892400069034,-1.6371236572431704,1.643825930089093,0.5126903175227366,-1.8205035353196668,0.9557864442603075,-0.5795185305818975,0.39358065033571576,3.666350315333129,-1.0722302616088533,1.3226536731285323,-0.6159813430848522,-1.947332149510847,1
-1.5644975458731696,-2.7141263779284373,2.7210353727510213,2.487872977408194,-0.09477067200513166,1.8846393283274372,1.1814216683823304,0.15437841475810932,-1.761952023483351,1.552480373785073,-2.8060877325877986,-2.18357234925604,-0.48959277772082266,-1.656966455738728,0.47099699118341154,0
-2.056657432771612,5.4371370432502,2.5278460615831095,-0.14466655894457303,-0.5859163160772481,-4.777080936518512,-2.9467018372563967,-3.3699001393383448,-4.014402445809372,2.4637756983299304,0.5732690781262053,-0.8208933125269375,6.148472123852114,-3.0553179463195104,-2.029018211764034,1
-2.323378685666178,3.4685801520475286,2.2045423493114207,1.2877576990915793,-0.8809525834765903,-0.33872169512384875,-3.077729912611573,0.8737338189943222,-0.4369724997035384,1.339396122439157,2.9102041574413295,1.6536400149223072,2.1891586169679482,0.16069560865691823,-3.4871929102627623,1
-1.6751864062842872,2.9967548600395872,-0.3678681476369605,0.5789783421427908,-0.24711824258786486,-0.7698976969752364,-2.387237903798072,-0.6220849358344821,-0.16202275998062035,0.3658305570658767,0.9694552175236159,-4.195783072600163,1.6670829503585218,1.3686769933567864,-0.657068370956008,1
2.2183345729314183,-1.084198474276648,2.056230121494573,-3.1806596023973746,-0.9962990145453348,2.62776369980829,2.346327736224512,-0.13234434695371755,-1.9349896606214771,0.6960423134078911,1.2493805513478429,-1.5379324161973025,3.7276173086202156,0.26483599651798184,-1.3187050598674266,1
-1.668704622355456,-1.1654717393800986,4.070235474416608,2.9010993526798776,1.6123121400237026,-2.7179017516322777,1.350964652370494,-1.4789051916938247,-1.4136554822016654,-0.7107439798880834,0.9697760670121168,-0.5121666298821052,-0.06038056786623747,0.12006389573147619,-0.750746791206567,1
0.4609742997258539,-3.558481833717686,2.5224364048823458,2.3801530686835433,-1.5472415974532183,1.1948523650075658,2.8099654924059383,-0.08253149274921823,-1.0012119533147983,1.0348261138558552,-1.0663041910502922,-0.9832813249090783,-0.12672715977700566,0.05575310349277308,1.0562423917654922,1
-2.0654299133636944,0.7431497090516683,1.7014073195264392,1.9436361427636448,-1.1824579472453334,-2.8005704515076117,-0.6422670856238346,-1.6402746174996494,-0.9921020967460141,0.856743175843872,0.0712881578305331,-5.341144774588765,0.475110602270405,1.4332821727201956,0.8905126989490482,1
-1.440827839006727,-1.7652793075821471,1.824996961923503,2.1650831544279727,-2.6710619653697556,-1.2731825247287265,-3.140764729708457,0.4287354216196335,1.9416819323986012,0.18959987667705955,-1.0008556318346176,-4.046563013955449,2.5299747260079055,2.9566916332265496,-3.150675601478312,1
0.6295946329078634,1.0500390628554548,2.385745731669408,-0.3010173118235009,0.21850758604612067,1.02593870532916,-0.7716380722813326,0.7996033885169629,0.6937585072271039,-0.8057858969738931,3.948565293538376,2.680121654023141,0.8625756359815078,2.143365982742418,-3.0391777371085347,1
-0.3581630436017422,-3.1453527813930107,2.311669181868677,-2.2619961202332886,-0.45490066810513335,0.17278313738321605,0.5357498667823014,0.530382170979486,-0.8328752477462187,-0.5160481561017785,-1.6967673172759596,-5.1614937155314795,2.122908236041264,0.48815426453882355,-0.8240401202347754,0
-1.363070935123335,0.7952576757448324,0.42117856619972804,0.5231332664918278,0.576094728144831,-0.0686290725423746,-0.42573260521968526,0.46907137925501496,-0.40825665074989453,-1.271690141519304,1.0163796565994867,-2.1054304500230074,2.094632299916536,0.7628635611864517,-1.438151977071905,1
-0.3088010573891675,-4.393790567593451,0.09120218793165646,2.4552636224063042,-0.11678452577639813,-0.4014198983170325,-0.14718841134864413,2.622746390585909,2.471021950721327,1.7244183606099057,-1.6993485659392706,-0.13481026527462614,0.23064857849835518,0.4342914613157309,-0.27993228333320785,0
-2.7834853709340246,3.432135278922512,-1.4031835574410572,-0.09319334813782176,-0.1592956025618743,-3.8076012446413547,-1.794388969346304,-0.6408163194204128,-2.4630306826277457,-1.7049150807289657,-2.063532448929509,2.0775879790985012,1.7917531621838223,-0.60663456622261,0.6574481399849686,0
-0.193918209716746,1.492429065678067,-0.3342570621591081,0.576897666889217,-0.18593541613793732,-0.2660050102043072,-2.3523030523894537,3.5050999657179256,1.2696335578035787,1.1052982528748658,2.1092827947798023,1.2515870955988462,1.0647325403860126,-0.4538987811268618,1.4866861919833732,0
-2.783993770037701,5.043871306455446,-1.520508849194611,2.492050184841351,-1.485739465722507,0.21737673313092176,-5.176605708938979,0.0910795626851022,0.5300921454922426,-1.3638631496671385,0.7048243804776191,-1.9602932955263246,4.008827348153538,0.9719186938202443,-3.621652270189378,1
1.5435761794299325,2.38061626963194,1.445227773330859,-2.924373976064228,-0.4121565551918167,2.523303741107343,0.8166155875118468,-2.6284546663995654,-2.9305913559326258,-0.03861713354871464,1.2078142352508632,-2.1217070523613613,3.6469081841547184,-0.7517435646871881,-1.9962689922202683,1
-4.168350193460485,6.456951898560337,0.14972556700255302,2.784498172366355,-1.008267757866345,-3.129223665297674,-3.181798890297193,0.1700719119576597,-3.7558916443902928,-1.1981807529612727,-0.18645370751618184,1.6374680877945371,1.9202951356148188,-0.7022204860755791,2.562819380226763,0
2.7084335326252296,-6.570161939433316,0.756259866826084,-2.8300058863584328,0.5242025730471778,-0.8568257827770864,3.1148515752342165,2.2288263035572364,1.2525034678228215,-1.0573045875313134,-1.4330211939327233,0.9145689100395811,0.6980366171191079,-1.9541502403288409,0.9383913536677689,1
1.4706706887295216,-1.7730577858189442,1.067270869233897,2.3921154985122186,0.8137867449220965,-0.1529673567744756,0.5888200823833141,-2.055961531672791,2.640493984327823,1.2648036182171838,2.066336881948752,-1.4881478427194683,-0.8816434881296771,-0.07114856219103526,-2.499248328470952,1
2.0011931670362797,-0.23102819982775127,1.2975029661847581,-0.49516090037401694,-0.35927903495371544,-1.1766757745285497,3.1639980715046927,-2.4583995488834454,-2.0149480989066353,0.11687696991856647,1.4517791994786116,1.549596564168609,2.997758781203299,-1.7222285607131944,-0.7703920687224621,1
-1.5707261914741266,0.5394524294276942,-1.860387597692625,1.0119346844328192,-0.8601587792614019,0.098668770071483,0.4488855724651226,0.4289558832383624,-0.21145019593412173,1.3255225693540593,-0.18347153179839637,-1.5063284957624368,1.7490620488075268,0.9846766948245461,-1.0691715599358953,0
1.353719252646579,-2.1023028644896815,2.241035838328587,0.8423564357318574,-0.8294677345802876,1.4429565115940013,3.5577823248648976,-1.111316809296141,-2.9690482885374694,1.0119055837497712,-1.485520744654998,-0.17614930887604396,0.5596667180295715,1.0213976838403982,2.5693226701407093,1
1.3574278252469354,8.116991606708948,0.29662288728958663,-0.5511213741498504,0.1936282509182633,6.266005390696069,-1.2873464968135075,-2.007790979017253,-4.4516953517277065,1.2426964792733683,2.042586739858151,-1.4130640841356286,-0.16909190610677016,-0.7277593014914427,4.123435837511929,1
-1.1283500631070997,0.0011082709224539352,3.8225486099770856,1.7226632219484144,-0.574752983207413,-2.8895492972626107,-0.6991248632271887,-1.5177648482944386,-0.9131599795318535,1.469344293316209,1.1449530197908666,0.3072732386428112,2.3415845050172095,-0.8345405524327041,-2.845502639177207,1
-5.624115747862343,6.103783600560684,3.764043717234635,-3.3093100022847937,1.1160986657725531,-4.668934382497332,-6.07910988671882,1.4645481953325818,-4.293002082060927,1.1824765664496855,0.5038470927429924,-5.760863219743752,4.863108480154143,-0.5489550412811088,0.24656644920463577,1
1.4594511918739683,-0.6166642275682398,2.8338380364842237,0.8772514323214309,-0.8727834278536748,-1.2372685273723032,0.22057297467227222,-2.8725185806556794,1.2614201006009005,1.0445465781431837,2.5601149687735982,-1.5627727911877027,-1.4809497252886215,1.1442047979041359,-1.4601089174697768,1
-1.8614008199990286,-9.563787532461266,3.8729803003731047,1.2324075504914525,-0.7022972131912357,-0.23082794304259036,3.332996761799947,2.074489822466046,0.3832266486582163,-0.4217118518435028,-4.452225347628426,-3.301964296899229,-1.434534157183391,0.5262858686819794,-0.9372406260783153,0
0.821011880226679,-0.4628124354204581,0.9081138956712146,2.936931079530077,-0.051963178009874454,-1.9003200892879448,-1.2295723758003398,-4.610986306178718,2.77931126332148,0.7758439470699247,0.7846940524790118,-2.565537490549436,-1.5330448992698273,-0.9463112457248688,-3.3389345854667978,1
0.8590412183899351,-8.098919531424698,3.6061049210508385,-2.8943562705178167,-2.2182355303124166,-2.399020509726477,1.8776479283911471,1.304530067180612,-0.1299245731467789,-0.26222813723383215,-3.892077806060066,-3.8873157842441866,3.6988826774425276,-0.01155267897655717,-1.0156963461247281,1
-1.911214302615445,-6.916096475552891,2.2021513170460225,3.9220649454649985,1.2769830590630524,-0.5740962980808363,-0.10591368199479145,2.608513713506763,4.924536805465055,1.017421669808901,-0.4149386291668806,-1.296981357568212,-3.8785120089423475,-0.44567673990140944,-3.1689717716860537,0
-0.48586606321021164,-1.4371457772366147,-0.21745222365480021,0.25407105593206825,-0.00800004827628134,2.5275585562635348,1.7532300282864344,-0.5300522107018821,0.7967365308035331,0.0885034738178818,1.3937778517356714,-5.17420504598384,1.5450716420395985,-0.027983992670794922,-3.759057035506206,0
-3.6365797893918663,4.325060796974846,0.019786905052984638,1.9849851558167144,0.3060332823635102,-1.716316136611765,-4.311822221864313,-0.03824608944260888,-1.6672600948218634,0.6506049536314097,-0.6937358701254022,-4.14505349788283,4.833310162652875,-0.9362342057574482,-1.2030377339681868,1
-1.22400737987099,1.0371516645745806,1.164868496223661,2.279627500454802,-1.4638185841510416,-0.8215326914671515,-0.6315134940397772,-1.6382497639230202,1.100754092651048,1.6443802857012446,2.327630099054911,-3.8798697581439927,-2.276783831951807,1.2061145891945328,-0.5558961068834091,1
-0.6880218223690531,3.338101796451755,-4.546659511856356,-0.4970945485219769,-0.7876772964243001,-1.2693297806499007,0.35354789476019866,0.06674162373421666,0.2199464751774895,-0.1658000181030098,1.7893453987731995,1.9729531969045087,2.008824552797697,-0.2923171457690879,-1.1184389797780097,0
-2.733967217767307,3.398336016801526,2.502161032071485,3.007671740698809,0.3161044531063998,-2.739701095677412,-3.2145129719369754,1.7701496556390948,-1.0968296856571078,0.3814415253190378,1.5604988070282553,1.3300584782369564,-1.0413127655472558,1.194046983662575,3.2456612302690218,0
-1.5276635631903077,-2.020843193582817,-0.35314373300340485,0.037062190344686385,-2.0919602950264222,-3.5861557863187024,1.9240261085165984,-1.1718767841011233,0.1810663555334655,1.2460589249202312,-0.6399231128342858,-1.5056105632850683,-0.7422896387632426,1.3701389048045567,-0.8294996090245988,0
-0.08800542688670476,-1.4177606793642628,0.9484066622573822,4.5383768355577985,-1.1958164369040705,-0.6289592966061412,-0.45929861898516533,-1.623934973263009,2.36402758139875,0.5981681339527561,0.8558553562635396,-1.4776379950007417,-0.18676990144845718,2.40462449207247,-2.5631624756915636,1
2.4248423069853358,2.46444899618223,-1.8041222094242682,-0.06650904153393356,-0.0026780875581322683,1.5084467324633961,0.5846166273972215,-1.9347441803747742,-1.5259327550521553,-0.9577833569029672,-0.7238993908909599,2.0007648163704315,0.2394669191915808,-0.9679628394617962,2.8022987036004117,1
1.6531547200264023,0.5091882924772703,1.1051260019956843,2.3662014859593237,0.5634535216012392,-2.1519712186198077,0.14474960741602105,-4.543940904048492,-1.4361711986963255,0.32865949817231443,-2.1292808983464164,0.6281439513574409,0.007004313757937419,0.26584964850828446,1.7607892448892084,1
-1.3684709357779967,4.773253926452928,-2.0778648375525073,3.9963135542401433,0.2736459874697901,-1.502548908718726,-4.2344586412827585,-3.5241861905168124,0.5032453282696587,0.13302073809059622,-0.47113795024297245,-2.9653595682950256,3.58898118132015,-1.6688667501940821,-2.721855343743473,1
-0.4734255448926874,1.159573362375694,-0.6229741248163564,-1.0277296961718099,-0.7649603531086354,-1.8069042968035873,-1.8000035597135375,1.8649821921491014,-0.1449132943242143,-1.2845888314176803,-0.32263650820748135,-0.18696992646161892,0.7390601626097142,-0.09684566095178475,2.6310355522543034,0
-2.0732791394397214,6.2833640117699385,-1.7030733114187406,1.2297577454107094,-1.5969560756991719,-1.3645603117327751,-4.3788628976518655,2.55627706234002,-3.165290354061425,1.311926575331251,-1.3958698357784036,7.3249357734286935,5.497726624414879,-0.18602566320621514,1.3320434127602434,0
-1.843165935123577,4.121447588463114,0.012607961699817594,1.6529431095215854,-1.447606692275138,0.5171283165554845,-1.3243279605390523,-0.36528068296703586,-0.46255423325050615,-0.606868016044455,3.227049216794999,-0.8953880880691554,0.6568229954359076,1.0915675392244895,-1.5501746351313983,1
0.6848934192735499,-1.0902172528190108,2.1925778908553366,0.5375785745990986,1.4307059976406318,-2.5232024386822722,0.07406545041069768,-0.4578219295778527,0.03184134523881437,0.5923173021274616,1.273496879336145,-2.8636048979169395,2.9583548998496543,1.1469793007809541,0.008067184634322322,1
1.0197622006920768,0.7902166489845353,1.7837468189505166,-1.2487691903414404,-1.765521288915802,2.006019860575318,-0.6970454525365097,-1.118714442716589,-1.565125992605149,-0.35621245012762687,-0.1436951020653472,-3.5565667297655903,3.104757207681402,0.779643852361518,-0.7267193303210546,1
0.631304451266109,-8.445583387087671,-2.6901238098490747,4.056869116731123,-1.2903683825796395,-4.963837445320721,3.3413015336406726,-0.9872005605720338,7.5048130761800635,0.5316987339898607,0.20195759289299575,-1.9966961804888093,-3.891814553665404,1.203874741793595,-3.1471404638716134,0
-1.0613197689979281,0.541207370035838,-2.302449844211975,-0.6661480333895371,-0.8742869572003843,-1.44827694427841,1.5405552446064101,-0.1320546191493297,1.477129826362385,0.8204381441635414,2.6736477361745443,0.08159198710895432,-1.5072332986572827,-0.5686423109401264,-1.8699729631235429,0
-2.849730489535334,-3.9284749261248417,0.265910017562045,3.6768681063876048,-1.572750405691489,-0.5552428171823398,1.5451513259387413,0.49643405699441856,2.063001045807599,0.6025353655868659,-0.9540125597411442,-0.8128920942473606,-3.5226887893819936,-0.8197313564388596,-2.3109313387380492,0
0.4865883437278016,-10.25689826808762,-0.7337607289102683,1.2290977985668574,1.476753729848928,-4.124212196409051,0.4833282893380344,4.092929612130504,8.372556880773235,0.06666975541378523,-0.6293496293911431,0.804551962851999,-2.993349950013277,-0.7216221912293651,-3.2772545218837754,0
-3.6332463546641907,3.92513837334095,0.2931333632262638,2.965241218814196,0.7229805130978236,-2.067713723851767,-1.7694082048230262,0.9579836525405026,-1.809837723375078,-0.205317644802088,1.3605418448830384,-0.443800855524108,1.6858449989105089,0.8102278323024328,0.8455759478263978,0
1.4166188384963208,3.1704033391579642,0.9168245709930298,-1.8196382055837768,1.3187796851467892,1.829233695428006,-0.5710393000898413,-1.636751294714832,-2.5258205127015434,0.3864461835180462,0.5576322890091743,-1.6692665949693057,1.6640677442868717,2.5651540585996915,1.5226187660046033,1
-5.8699926203430985,-6.207738462638282,2.143423373635685,3.34819369762136,-0.5888015666195007,3.7491674884079265,2.6068995249685454,4.655371515583623,-2.084711950624714,0.9824388307289077,-5.764087071942483,0.4851250508127156,-1.878280804707369,1.4070992891611132,-1.5038172146034778,0
-0.985105772015308,-5.484344075781461,3.2818040409373888,1.5065792737024626,0.38552712684177964,-3.11980859953901,-0.7661030729569136,2.341877420574622,1.6570581877454935,0.8105419989469383,-2.5905889885903433,0.4312511020642964,-2.0293639882053256,-0.2700119874512021,1.2179904529136376,0
-0.1777141000738709,-2.0955982737315555,4.6362884108976345,1.9724765083888594,0.5930234772130807,-3.789803952237931,5.321028205940159e-05,-2.5347508179260023,-0.857747084652661,-0.8477342298262288,-0.4437525421648616,-0.6177291016369981,2.019441002550785,0.9545898405103357,-1.8890412735862725,1
-2.8240792453868533,4.979183916118401,2.032923676150606,0.4473744117664946,1.862886899544819,-1.6941406722124948,-1.8310184036372437,-2.072893852568555,-3.265720429660273,-0.5436677438753278,1.3966050422459007,-0.4333296527642714,2.2515122380578134,0.9844850024346564,-1.7780268956723544,1
1.5024259157195257,2.7891307289508753,-5.785666728476785,-0.13429909497849613,0.4935884858741925,-1.1721770652031989,0.24258570684920922,1.569668479077854,2.2434232721200296,0.11842454599139433,3.4048043538363055,-0.2031106053198375,2.287940101285487,-1.4485810468269544,1.9532885213109736,0
0.779021101331186,1.6241137615108034,3.0580886273530687,0.3993310284708218,0.6877667300112269,-0.6589461778054733,2.203290891168168,-4.594391462702499,-5.159841399115345,-0.4294639895276082,-1.4357850838206587,-1.0579366815781872,1.222378356259877,2.111057978634891,2.5955895903125823,1
-5.193456317301235,-3.651264653761626,3.983185795081996,-0.8678620072817447,0.22384668977965672,-0.6665513525398646,2.7416236278530066,1.6565986645699562,-4.008566285032075,1.3328017304760988,-3.611473181051551,-0.9131221772664876,-2.2950574747951085,1.4259103323213609,-0.04711710354467491,0
-5.5193169260782735,-3.286268369797692,2.1953466420238703,-0.7387652066453487,0.8476378150694273,1.3217236662515432,2.525697899126876,3.9066916143598065,-3.3693309921282406,0.0921212820729715,-2.8290496045125115,-0.28379663625914064,0.4799173208783418,-0.9502387211452319,-1.9548324329906275,0
1.7122071176070486,-3.2613962610385543,1.4565784095277852,-1.4885863520853293,0.9750440547228668,-1.2696703279186954,2.1780771138846404,-4.196497494311677,-4.159468982608173,-1.172411607833743,-7.529231254494026,-1.724593583934897,2.095266912166434,-0.6037410931662635,2.553567971827457,1
-2.7003833953299887,1.0330761383688396,-0.01690709333460383,0.049007746454062584,0.1935948232809277,-4.128324501711387,-0.37059302768521984,-1.5733887172536507,-0.8886845465874832,-0.5677482161141986,-0.5855348222011498,-1.4340171705699731,-0.4087300877519291,1.105089086835444,-0.5254474364289319,0
-2.4547652298660445,8.435178625392282,-1.8567369677602588,3.6552349607500076,0.6043042797015853,-0.7278634714738134,-5.6500425706011095,-2.9689177284605712,0.44909479363021515,-0.4164627354608322,2.632465120001058,-0.3582026690396092,1.6369394859374347,-1.3137193447931608,-3.481215771483389,1
0.021190706047127472,-10.685152816921843,-1.5776947050181631,2.056853079724747,-0.7647077295879625,-2.4132326751454443,4.564635343083044,1.6411288748227972,5.6893969248266885,0.21232614066789893,-1.5692664483163683,-2.61421649881022,-1.4733395160592921,1.2776190132317218,-3.612255591081817,0
-0.01684616951885598,-1.4027139245321534,-0.939251359653082,-0.7837781943023296,1.4507099241344232,-2.7681815483714978,1.3280430648621762,-0.826195384722765,0.3957106679826107,0.6586908139056186,-0.12869422701255284,-1.61961552415157,1.6250191203843736,0.7657805394802747,-0.9048846180910358,0
-1.8109204188635881,-5.880703223906839,-0.14570474020861246,1.67829943272406,0.5992628254007983,-3.435766222062356,2.782560512758436,0.6890031828298092,2.611029238860441,1.5640140182118132,-0.7098026498871981,-1.36643306883709,-1.3420647529612126,-0.2592759743787534,-2.513314496225293,0
2.177875289633383,-2.1307664732930016,-1.8453565785054034,-4.432490652587627,1.6228759844712095,-0.08698913467905789,0.8978751196984405,0.5681520814313743,0.8341240455929535,1.5566565676545774,-1.436886497726869,0.21310197641499196,0.6142977472589142,0.696223682562848,0.1665181998449612,0
-2.168312572068207,-8.441242905778886,1.55985240831088,3.098670477871522,-1.5499991784960077,-0.3198866901981039,-0.10177604772120885,5.425477020142342,5.3364289105645675,-1.688901668563729,-1.6906194304643252,2.111207950704008,-4.584449017513466,-0.9487015346631669,-2.3225892221343694,0
0.2373478189239704,-1.0184732319237726,2.727968037379184,-0.45982741654643977,1.7648737104525094,0.8810076119492194,2.543941944735824,-1.3482160174153017,-4.205627067900943,-1.0664334750651765,-2.404797645580296,-1.8961169648486569,0.719433173709762,-0.06517676692225227,3.0934538006435046,1
-2.4862990046450637,0.21984120481278682,0.983444955956256,2.5260013001797477,-1.9438048468928464,0.04681802589338124,-3.704802358121609,2.0890759399998626,1.8764793915072238,0.5195098881083026,0.6309459923212554,-3.1830829548536883,2.5533360729573578,0.09042492796542237,-3.2190059864784697,1
1.2048453283732807,-1.0435667668061146,-0.0002826362860266496,-0.20012273547266468,-0.24318094807710125,1.0004930558311163,3.7543777358187618,-1.618174893987574,-3.25301830529504,0.9182428214350015,-2.02297578890429,0.5492179630425533,1.8119805967178926,0.6220649049902,1.712005363006943,1
0.06846914933765968,-7.203752874135586,1.763022353113184,2.6615862880533534,1.388088236640302,-2.979663652910453,1.5930291837507877,-0.947339316160698,3.623112180138121,0.009347176365730014,-1.5748138210568448,-4.238346185648416,-2.1337675924390638,1.911894164497444,-1.5686185849663898,0
2.3630995589882455,2.1567774074879464,-0.6444497858440843,-2.264138427886548,0.8654032700022395,0.8848059746552409,1.389370533882332,-3.9811204200629704,-4.0397795738023365,-0.5099292453657421,-2.577793103943044,0.022194149092757076,3.380292058738625,-1.3621645719212216,1.2677140781155722,1
3.407981216414404,1.0130539514810037,-1.3676839551691677,-3.8177252974515463,0.5503804701530215,-0.6577894864464153,0.24715535114850273,-2.48989525676566,-1.0753660913429954,-0.08900053660847063,-1.2153264437260738,0.7826212534275276,2.2826380158946398,-1.684224797530156,0.9723631292044771,1
0.22084415993907802,1.533473200603272,3.324667900453511,-0.05840161493948237,-0.45666758990472633,0.2940216373896338,1.0732322927974014,-3.8353528334442752,-5.528608315066966,1.3743116206542387,-2.6303060799524585,-2.768782378705007,2.605128178588989,0.07205085018665584,2.2119297597006335,1
0.6342233815699672,-1.4312852223737806,1.7666648563929772,3.3693458114888113,-1.4730064587095468,-1.5870023947819187,-0.3373161281298913,-2.655048992249101,1.102764630520646,0.7890574680832019,-0.09737279301970969,-0.8703379816214725,1.2648138005283385,-1.8010661047179843,-2.4202410553850293,1
-2.1458043308373926,3.610540587297126,1.8767310632074432,3.4580713153921634,1.6193220763233047,-0.5947345080645303,-2.0134356635102604,-1.168098919553239,-0.9524556459426259,0.3511701427617313,2.2047801307025146,2.6316330745477536,1.5921306326811977,0.5641169264001977,-3.3662537466910947,1
1.4086807904979386,-0.10898349408136297,1.399170855535822,-0.7108650750773243,0.99109287659804,1.6755357848648247,4.902417299140988,-3.5081884580066838,-5.437104504640143,-1.1069170530152554,-1.561762170627024,0.03106404228538362,3.919344114813015,-0.9360325130481806,0.24728579445423216,1
-2.2947867439558864,1.7555078391900216,0.7048841757666096,2.9827124843762713,-0.13076366860308403,0.4055668296466983,-1.2333573288981363,0.33584515185552255,0.4711615492379637,-0.47321118845039606,2.123246396418617,-0.7615168760145121,0.19977829742738784,-1.1811503911016823,-2.3066885341520176,1
-1.5676388437579007,2.281295402516616,0.5016450597673416,3.4633180742065632,0.8729856413425691,-1.7209504231285138,-1.7380892262877947,2.559300121455948,1.5223092756230812,-1.380348353733938,4.307671040292197,-1.3042613965161198,-0.747986657098962,-0.43818111919734926,2.4057662349014364,0
-1.9285690056657494,2.9114381784753083,1.302004244426349,1.6689714350417684,-0.1261621289788396,-2.3862205731852413,-2.2227415157473778,-2.1578759023997676,-1.1165425455776024,-0.8366687784230472,0.6053347893155531,-2.8223031051627876,2.230973673002156,0.41976763023027386,-1.457036134457854,1
-5.798340236257616,11.91956159676023,0.22948627899675733,-0.8935892106893197,-0.07851170476175597,-4.027353613602084,-5.542930972966833,-0.3687657961512494,-6.246119425614192,0.9430970369215944,2.0961002011366197,-3.8023608799181687,5.463247900996468,0.2307685386646072,2.4767348764844863,1
4.084851968167422,-7.463859387907496,4.061734152060244,-6.32726417180181,-0.10283150631929085,-2.888451939944124,4.0687826842160755,-0.6920301913127926,-1.6544349000266867,-1.1922574089937898,-2.3471499474296014,-1.6621764958355785,5.333516032976151,1.0799831696342017,-0.6745100272804763,1
-0.8185991792365793,-1.4675762172668816,2.6049775337135417,2.9597456634245827,1.7631749293726693,-1.3723477836708375,-0.32739597232130624,-0.4659449575288168,1.7935013232854844,-0.5733049222313997,2.1551147934268164,-0.4150995900099854,-0.41649447370349524,0.477527911111184,-3.0082332815272133,1
1.9175050690470203,-2.924093545977724,2.8410107265324074,-0.789426607034273,0.06586306631975722,0.2015851180364001,2.749954572327871,0.1306870402830307,-0.680052975076881,-1.0699091431662089,1.441842633003803,-0.37113317424718995,2.2848133179820036,-0.7767120908594111,-0.5885113707459446,1
-3.3351151726194215,10.5603190031927,-2.1902724277967605,4.177438390246216,0.08983412212845515,-0.8531404403903813,-3.4558657451365207,-4.205927579931009,-3.0797002432193787,-0.5997542381588126,2.1853324782336565,2.1602216527134566,2.2589307088167425,-0.8083888372292681,-2.0556738530778254,1
-0.7168835359650485,-0.9133852916762276,2.742996842377103,-1.5025333509411696,1.5818811247582527,-3.1432164874551316,-0.760482038281262,-1.0196964591832187,-2.1016917516150215,-0.11891565147659144,-2.6663405183517837,0.2742819590651884,0.9321743038642606,-0.3423808553386246,0.5374174889968216,0
0.2184113539417405,-0.6147478982836346,-1.2099680936836514,-1.6610468600043116,-1.7719597042340383,-2.8139705162403037,-0.05443581009506904,0.6365591783065008,1.6399943225465479,0.2790973372215437,0.6811844438537034,0.8469563312069421,-1.795976869137732,-0.5256603172438536,0.924114967311645,0
1.7676556744381697,-1.2298333207657017,0.5789248343273067,-0.05070424221428649,0.36926553465618983,-0.5143180794818818,4.342281848110248,-3.6962857724959255,-4.762240971883379,-0.800840916162789,-4.659154739570466,2.0027726525218084,-1.1773222008305133,-1.1855960077744592,5.277739888227938,1
1.9242896251018744,-5.8719509995392,3.33904508414203,-3.242377122046343,-2.88201336316803,-0.9706715583019614,1.5937649521058133,0.09225921765948053,-0.26920977157627873,1.3759084192989735,-2.3094611182749105,-3.1146589604706256,3.1012695855770978,-0.8750446944279707,-1.2140312277384715,1
-2.7827131197548516,-4.238284796325046,3.5941868457754267,-1.0350415842571272,1.2671821317388838,1.090047295060928,2.2536148512348335,1.3429151240645263,-3.800927566379602,0.3625110113441724,-4.647382200856543,-2.878515500259754,0.7062691973874626,0.49636624363496584,0.43056066011542393,0
1.351835180356709,-4.297418580787636,0.47457769595072463,2.965774037274633,0.9072736847917083,-3.0091374057487097,-0.24197288848989795,-1.6289195174377573,3.6914326801658253,-0.6758783643523114,-0.991237439979244,-3.984922043325078,-0.958485154516564,0.5047813609150709,-0.049404419921815546,0
2.2159511083037553,-2.898216267227093,4.7245013562752565,-0.28255717231955146,-0.1697304872855214,-2.1911699783899,1.8600376119889255,-2.250450921824821,-1.59112001938032,-0.5043508539402574,-0.39833085542938296,-0.587735496989572,0.5478160696050659,2.123320513281019,1.5254328145281075,1
-4.054567666105225,3.5014229255335563,1.9533367630344,0.6998358349091135,-0.592332204854028,0.4987067588187388,1.2376574496157438,-4.433886638793672,-4.795696407622584,0.6727269777566897,-0.8245652843230523,-4.529575176778957,-1.8379371461692688,0.7707831479812558,-0.8032651506230992,0
-1.2788628111985736,-3.158828255235773,0.028639766833531866,3.319469909495001,0.018073473423663822,-1.3575216075870746,1.5999683116196382,0.08885431506973895,0.5394337668483564,-1.5062148709065084,-2.098402178169056,0.7276887329355004,-1.4634433612368685,-0.0024678493121753704,0.2665933409297052,0
-5.325265091963635,0.9527282859732917,1.036032187261553,2.4030457839760455,0.5702527235436246,1.013714492861752,1.6705469761039164,0.1995311648758833,-5.4185452457678265,0.9858517790015056,-4.168450680594875,0.48107534084915726,-0.835685411320704,0.7550277935196478,1.3668558658136525,0
-3.6221609916715454,-5.858097103668084,5.116998529502972,0.7669006767343849,-0.21752938383354903,-0.6401152188669893,2.122824142867737,1.9106958560475902,-1.2208242506738458,1.6740194274372373,-2.310040034983464,-1.623911578850263,-2.24347980607045,-1.0034720886430621,-1.3350523262281164,0
1.0283290004652677,4.007719301411408,2.1443986279338287,-2.1428910885974686,0.21975295512754914,1.2291517887301033,2.815254866697998,-7.454126234968452,-8.521521887697032,0.7460195947358699,-3.5309446351496847,-1.8564724393381793,3.9759283049818177,0.806774035712389,1.2259342980520604,1
3.443749342941776,-1.9210075845000445,0.18055564465662588,-4.071199298269919,1.5447973463842604,1.0617740321331324,0.7343414129595518,0.8548132553360976,0.3629878751388234,0.06985979698176144,-0.08093026563970507,-0.15404154515601198,1.6503800907248258,1.9478909798017614,0.9589495533249218,1
-3.0197180538021837,6.926202878313122,-0.36345001848315084,2.6402994673935978,2.5345325686061364,-1.7292249947839884,-3.5002048356181237,-1.9243755778829956,-1.9716793173951848,-0.16177138463883597,1.7488592063750295,-0.7412943778391601,2.8598406830827887,-0.03931393849983351,-1.3995768974697949,1
-2.7925735443691737,-1.3143365666293856,4.943540146384001,2.2336251796913604,0.877909797753002,-2.5637386228163423,-3.305675481702613,-0.1879340306191959,-1.6271143872301073,0.25026173764547277,-4.935609395706262,0.19765983719568392,-4.663335766928172,-1.2321984663131047,3.6914218752376096,0
0.15381682973326116,5.5991623184880215,-3.1171487584074344,3.496147111109207,-0.9875043982163164,-0.11670774102852444,-1.5421124903614705,3.0063797565376884,1.076077374878422,-0.8556789665258027,5.574734251681021,-0.931302236069151,1.2989484003918004,-0.39474962033530625,5.184913028736084,0
-0.06063770525454282,-4.208376928479917,4.538822157114762,0.08693687769665481,-0.3715092255018381,-1.3370237948140433,2.8184667301750137,-0.06313870000987865,0.32522601757019565,-0.23578831826070276,2.052644904283806,-1.5803907399762902,-1.690194236119626,0.4276363255523683,-1.1099927073678697,1
-4.510018208320113,-6.773164727636309,1.9970734835225472,3.329604982458747,-1.7547584182762586,-4.463759759341782,4.8728139292843835,-0.19431338852785296,0.17673877430643123,2.1380552116340046,-2.0201371781038113,-1.014820292187635,-4.051919271673825,0.646870464896778,-1.6381782300359515,0
1.4897734699331604,1.4162767956240807,-0.2473891887111057,-2.631799890155685,0.9811495194007849,1.8280494916341268,2.8964108365519827,-2.628669223062282,-4.722900864213304,0.27308885852988896,-1.9329970634202565,-0.25782808228030984,3.249067017811721,0.5038878713794005,1.2445593350889372,1
1.0157616693861415,-9.324988812742172,0.8304041277151714,1.2763325791556828,-1.274287223050924,-3.991467708514578,0.782903170065862,0.13893226088158728,5.315796177863468,-0.8236431298556439,-3.1647380963168854,-4.839725222600661,-2.1553473031146098,0.2910096272474423,-0.8455402704145731,0
3.0017042798507267,-2.6766103494705575,3.951643666963682,-3.820198636155213,-1.603997614754958,-0.873701104568307,4.396672737679772,-2.5520479664988565,-4.948848580674824,0.568964384836334,-2.0324395041359358,-0.6850574990176282,2.887672483660685,-0.8224073772721373,2.8638058878807073,1
-2.841809717363483,2.5818662641348853,2.28544788552522,-0.007043091821541836,-0.9073788851664958,-1.147346954350483,-0.8927098804376171,1.683707970671216,-2.6507269230881803,1.0571845385510912,1.8740930836382463,-2.540590202845809,2.316988067435568,-0.06223105697249944,1.065886804387865,1
3.5550426290200723,-2.6198365649691246,0.9371308138057073,-4.602449012459275,0.6385846660585501,2.3479029077674842,1.8409809722635049,0.5511308039443983,-1.6925669563359989,0.4765841469833932,-2.061097275651342,-1.2708933256932955,2.2239194025647087,-0.6482735541726626,2.3855752972759166,1
-1.517429522696421,-6.226136594916358,0.8458289114163922,-0.2338890291597142,0.3707055671155837,1.8489298997219272,3.3671241744849905,3.6628001308626037,0.7225267533926434,0.22775392125883576,-0.8003404807675116,-2.184878954344986,1.9662757766578136,-0.611730036418545,-3.1892752005272635,0
-2.238827314907245,-0.6135985698620571,-1.3861685388433238,1.485757246474206,1.605198015209525,-3.8666034706904875,1.114026716607229,-0.49146487274220885,1.0949249138459864,1.2249814080558845,0.9084522427755237,-0.6897340514564546,-0.28616422802436237,0.7952672124822038,-1.648329794470513,0
-0.3029753983930794,0.5491675667956164,1.6875872093443995,2.161857963196762,0.23266009197441945,-0.3729736216181765,-0.8530041146820502,-1.1211540049222868,0.7051204483665581,0.4652382172144937,1.8145929812012742,-0.5886478588947356,0.6261913123495255,0.22556201710241766,-2.305906572699046,1
-1.647001325478681,-8.849439093064397,5.962315182052593,0.5465575120298946,0.588788877223153,-2.1876220136093396,1.1465891416019196,1.0479013490207205,0.9927654595215734,-0.07458023010351422,-3.75303781816496,-4.395418815859861,-2.80694428257833,-0.22431547522261966,-0.5598568201400101,0
-0.887638992585721,4.280649832898213,-2.410295605360718,1.9711246374673677,1.596106515312923,-1.2304905923858123,-0.5649879869331889,0.5709815581211932,-0.5683364484833224,-0.001612672394508496,2.541543631756035,3.8347106391933194,2.3698761835639006,0.24543762257878912,-0.07606919102748799,0
2.500124859341647,1.0608262070031143,0.9853984748329725,-0.5775741914337661,1.516744797533817,1.6452038360044463,1.4935005692642542,-4.378324416909216,-3.4319367486349672,0.08971056911931645,-2.5274502907318235,0.2664819581116671,0.7503524983894989,0.657912631592761,1.6514642128668242,1
0.37754229478993584,3.205625524944382,1.154341846392541,-2.5110127847716424,-0.17833838749471878,3.2441620354978196,1.7448538659218273,-3.6654695492233205,-6.61627354963839,0.42224749875835416,-2.86443161968546,-2.5167933469123867,3.0276864244656174,0.25178524567549915,1.644832850231495,1
-0.48945891981458733,-4.675176168141433,3.9634491267551817,1.4132573583233239,-0.4293438504947142,-2.901193776582704,0.16073188737072752,-1.4177286011516927,1.3727028054871633,1.9251131239369192,-1.5043910323078538,-3.7252470167728267,-3.08177129009154,-1.073107414098677,0.10060413944653823,0
-1.5840549168202913,1.6159940146415077,1.8111494186301094,0.29061231498312856,-1.0206019727813198,-1.7301435477187568,-1.3947658921795136,-1.567890758255592,-0.01544061750100834,0.03998193423012464,1.7478729822155223,-3.956817082872528,-0.6788727553514522,-1.03943096290067,-0.9930595133978967,1
-1.0721185959891337,2.1816891497500737,2.6556821973074145,-3.5245123276244192,-0.7258836617208037,4.961506717776258,0.23728716781617942,1.4178462299113432,-4.564866584492027,0.44110448436702115,0.1733410343443762,-6.06443070163087,2.23574556909038,-0.24109744898789084,1.832179913645827,1
-0.7159131350077094,4.220017722704449,0.04484686861780518,2.6133720903331574,-1.7597025986504642,0.8905567880035172,-2.689324278518998,4.223074019418689,-0.6704888631044702,-0.32352906156120115,3.0494965347969183,3.5386398721556263,2.8339503283286778,-0.0807249383129424,2.6077639259644085,0
-0.5402763356681257,0.2626340215717183,0.2750446329592433,0.6867312286787045,-0.049604511158779736,0.7707083248343713,-1.9929438612982804,4.244537522888603,0.8114887043655497,-1.1071997978589982,1.0021136551284857,1.3382756568374055,1.5637444206357471,-0.1646960474579254,1.0492079551972013,0
0.633378198577788,2.025283772447744,0.29756691800149904,1.4435242093487766,-1.0057392388170292,0.6538863458441284,-1.3159642109692298,2.5037098591960545,-0.6328920240205673,0.5391120652520308,1.4597889454772368,0.44828638427855627,1.8147418469199592,-0.8204484667720836,3.7803536618804228,0
2.2263559482112467,-2.258831621061323,3.731613422704067,-0.5054085903814141,0.39638172250933723,1.2999879817364688,5.092958658651941,-2.58252329945033,-4.555020818482204,0.7202615235526089,-1.0363357537348081,0.08299865298454834,1.6010762305551827,-0.3819338631313979,1.998513355694203,1
-5.872832084858476,12.364623348311833,-1.5638921153347365,2.147778443210884,0.630305916457426,-2.1227818560155534,-6.597058249076249,-0.962941215066513,-4.473578822993345,-0.08362968483892229,1.6210308084397416,-1.8504536390251618,5.244578282775478,1.005731653060738,-0.1999675397615599,1
1.5549871710897296,-2.2913482201698736,2.1909738583667915,-1.0212865530416075,1.136534855774768,0.47992645485385177,4.250876405307605,-2.1337718375402868,-4.2749371835854975,0.4745838196939445,-3.0663722794512536,-0.061682325459196496,0.16187375928354286,1.3441056937544549,3.6293660397120453,1
0.2507921951630685,-8.563365527097806,-1.1672760588623778,-0.48981403609820906,-0.2959275402087635,-5.4896621262366905,3.153968563926451,1.14701458290671,6.689464009069905,0.6460809376377294,1.6582176794020471,-2.399673548116607,-2.2397386105686703,-1.2606441159886557,-4.09831339352319,0
0.3682557312083867,5.375819444186075,-3.285766695490655,1.7350317009606206,-0.5954904068068536,1.8690381770867948,-1.7176001503892222,2.703529273713528,-0.8074280058683926,-1.5511170585991298,2.190802979307751,4.976495827627861,3.582584328941085,-0.04693432583560569,1.8294429406341566,0
-0.8170492624902026,-5.988388708121861,0.8595181945598814,2.9079545982991206,-0.47933304396488147,-0.4792383026274587,1.3992897796446913,0.41111244403844815,3.1141479586618996,-0.47904997353716,-1.817853146575933,-1.0260105720787445,-3.345678323647505,-0.45039444081544955,-1.8745167638779219,0
0.31273614805735606,0.8858238113235359,0.01265458841537237,3.885814216076502,0.7954044732409332,0.25903947629767354,-1.2833809674520047,-2.4249777134381234,2.398853326599179,-0.1719949854318929,1.743393019149568,-1.1252328486854979,-1.0760371985126476,0.8119989322167313,-2.4583904303538544,1
1.2577510779923302,-1.9864740200072526,2.960203503101682,-3.229083944593111,-0.14513458302134166,2.6826459504456235,1.314320271974355,-0.1779351695873681,-2.6189608736171266,-0.2774485093509754,-1.6053021673601897,-4.436077544642092,2.35029145149011,-1.363465016185462,0.6079095977695036,1
-0.3156406722137066,-9.230158770638354,-0.08864260411228453,2.5090054336952767,-0.4136007143252674,-1.932353557206024,0.650958875269295,3.1871263986982328,7.215310196091588,0.6912624910088047,-0.44171743722026946,-2.4806658218415256,-2.160856016094937,0.37671684786935855,-3.9079404890279537,0
-4.001021554239317,4.350560971671931,-0.7087373520069441,4.309813396825806,0.30925026955243373,0.1863443448677069,-2.5270260442475285,4.296981897068501,-0.6681483833734001,-0.7605788732891259,2.427613299086254,1.897117347809595,0.8882507805699745,0.5091626800766724,1.7499302130692802,0
-1.227654370296317,2.655936082949774,-2.6877553973405717,0.04416221367240847,-0.4389507704988207,-0.9019896185942364,-0.7256296849417397,0.6996637882495308,-1.0828863128728918,-1.3272840378781467,-0.5103838652876425,0.9332001003298951,2.3438679022930735,-1.2492969257351465,0.652943075109956,0
-0.3587358171899693,1.9062580010119772,-2.089805114173428,1.5350043977819376,-0.004348486627184031,-1.3374217514797202,-0.16186815274653865,1.1800692839174831,1.0750883153860693,0.6115216692398487,2.738179574614467,-0.20929007515260256,1.0955284268521135,-0.002981399838699799,0.9383209373033545,0
-0.39752925097957803,-9.151982230810097,1.9669924151197158,-1.1134925390239658,-0.17530832016402878,-4.476005515617011,1.2363024745379563,3.0280240305103954,4.478790961643961,-1.0924035280447957,-1.3266131869394586,-1.4305996744289566,-1.8751192176415614,-0.7282175248055448,-1.880853637949194,0
-4.143887517723676,10.305314954809974,0.00264334726921156,0.3172288847084668,0.07549800899940326,-1.215925331612167,-2.8089905565475988,-2.2757807328552326,-4.293313219121699,0.9112131037953766,3.857989383261274,-0.14135689846598365,1.1154523241240817,1.0213632348996715,-0.42873355355526055,1
-2.951027395479886,-6.983039955823709,-0.551787784608273,2.5271251796308043,0.7858464131561501,-1.556130182334145,3.518492802493429,3.8639136648241874,2.4051119925993447,1.0203818741776796,-1.026509844860232,1.0002810529113497,-0.5797619865425467,-1.074498389658808,-2.8670577279545073,0
0.5498672248069201,-1.0643631461161556,2.0372878568334816,2.151395118635743,1.9519864316886006,-1.3540805042667956,1.780428918669012,-3.4079872481260542,0.0678645057246791,-0.8769370657007479,1.3394751924953965,-0.46303097895129386,0.20117721847671155,0.2216420929728839,-2.6579846587111167,1
3.1440674034488207,-0.16504843182951862,-2.6722936371780763,-1.346218566476428,-0.39955305599675006,-1.2345696692191441,-2.747053768540619,-2.308076099147791,2.5763383343215533,-0.4644686327775655,-2.71778946707487,0.3184552526854547,0.5363116963526188,1.0642758718444707,-0.25297647514673005,1
-0.6543690330259365,1.4169638299952765,-0.15368443778365415,-0.3297403654179589,-0.5706011384883154,1.1049512628268134,-1.7293850537456397,2.2962543510484306,1.1790485653505738,1.6716116926603666,2.663975699985791,-3.0572445178252607,1.2758440337440144,-0.5765909254858096,-0.41322262379851926,1
-0.8963268440397603,2.2513902028279884,1.7281604521459877,1.2565917836365652,0.6686385705110801,-1.8875735932543156,-0.24447298078321245,-1.9976818094079278,-0.9159464044947607,-0.29932697329588437,2.2413869925407868,-1.9329640619491775,-0.6075442791267771,-0.17248688417393548,0.4269954627607673,1
-3.1224373515878137,-5.443886143446037,2.4642529732765577,3.672450279093444,1.0346996960872819,-1.6665807548661136,0.03036706482818552,2.0167386301550847,1.3669155122968897,1.2668036084433343,-3.359963912559704,0.075757741777291,-3.27327642901393,2.038641925048266,-0.3129108534372673,0
-3.308634048649866,5.220690614660809,0.8683546184011991,1.8488914298604238,-1.9038038674812663,-1.1048501776570485,-4.08923037154198,0.17070630417148558,-0.5593079360799512,0.21101703022228158,2.534368777944532,-0.6944683925488443,1.987679594975437,1.5127960688147262,-2.4942264385649926,1
4.274068861694569,1.3408322935190888,-7.607943118786617,-1.9816461628620905,-0.7609429805669716,-2.2891759025642235,-0.4484467789063262,2.27102023630896,4.256295596103795,0.11437976070263597,2.7999866072882753,0.11341995462822063,4.28102699463915,-0.0970718201485539,2.627741625661667,0
-4.442431493503333,5.83484624118042,-0.39894882800800824,2.9695202016165805,0.36661224429402106,-2.25752637676029,-2.037978760633461,0.45755542692525664,-3.1935371145221993,-0.9483541066216746,0.8240698404466726,2.1480147697984,2.3774223698333437,0.7713944348903161,0.2991694019795996,0
0.2707578893267266,5.518992348759306,1.8162988259926935,-1.839988115559347,-0.24809704963181028,2.4190372802304565,0.5235375343806599,-1.7537618924784586,-5.2299676861584965,0.08164273442115923,1.8362449836896282,-1.8962879963753416,1.6360642385691673,-2.419129138075756,3.097866447393449,1
0.32404195571561045,1.4140573043487297,-0.681473454026568,1.022557974188153,0.08722989241942036,-4.212841787205498,-2.1867992623717085,1.057413365706878,1.6120423600421678,0.6886622951464159,1.6932138613097227,0.6046881966368668,0.6484749515822987,0.23723487563101686,2.545380117184677,0
-0.03820099869339666,4.008072919583222,-5.927729220228187,-0.7925389049051081,-0.27384163031262815,-2.4455615181000123,0.8701181101488378,-2.0297059760581377,0.1418700933310226,-0.9019681383783537,1.3587879799792173,-0.30857536529473717,1.5136339876215823,-1.1556415146228087,0.22557296609819333,0
-2.0520528991750395,-7.524916520554645,0.6655050833494787,1.6537901084399727,-2.2071865179343146,0.4361997917752689,2.0955359618084177,4.089151806323915,2.407538690689244,-1.968682138083387,-2.4102855447430245,0.2807419704114855,-0.7161920117473941,0.7508321093468155,-2.6987294335678067,0
-2.166507465470341,-2.5140358223076507,0.4629144044109308,0.09737328775186116,-0.7497758750318108,-2.4723676604745815,2.1298830419026507,1.3392821904966583,-1.0322816019252805,1.1721263095893824,-1.014533338078435,-0.13467476882491014,1.1818617106472287,2.1145434623013015,-0.3575184166093328,0
-3.457642517714601,-0.6513459176855055,0.36800924596796114,-2.1242041396358906,0.5282607606644375,-0.5050270593030026,1.9352514087012345,1.818627060781493,-1.3964234400192677,1.3386779742330543,0.8114910460617781,-0.7057782750824197,-0.006030766135500576,0.90371836104992,-2.3284957122326038,0
-2.59371732009817,-7.493387460583489,3.4346396911223396,2.1373540988125397,0.5680874206116735,-1.79429050236135,1.2880268984360197,0.9290587683683107,3.6780469298543497,0.1015559856102445,-0.8958519139818403,-2.884199172645154,-6.07143341329824,0.9231533505050442,-2.7628981723797708,0
-1.0608913399953854,-6.078592892413256,1.6060171874730398,1.1919954113512925,1.3616234583088176,-1.7602494656561856,2.33223498753423,0.23262686912482833,1.6471973893451497,-0.4192313788989148,-1.5473152741231426,-3.5829273840694467,-1.3041220422686057,-0.19377632021569816,-1.3957787588538542,0
-0.6974782298950606,0.4895066238591402,2.5257360356182104,0.5717044433359355,0.9277159187500846,-1.1348142817841333,-1.0472424317775098,-1.2717931431332414,0.1451040406253152,0.2682932189565357,1.6338114030371933,-1.6476969917959512,0.5013052890511196,0.20003416213017194,-2.3049907924262993,1
1.9406554542038932,-6.928566115819883,-2.0122437030176075,2.010044000418824,-0.5471746041437677,-0.9199896747314018,0.2667146834879619,3.487986935212567,5.283530709269557,1.7021079341016403,-2.0351695080501813,1.2408450921199172,0.4161824155038838,-0.1376568784726773,-0.4023811308565981,0
-0.6975409289760908,2.462830444907726,-1.5630780563248057,-2.2638107977106574,1.3283318063843528,-2.0902633319124435,-1.4706746558187171,0.45023822392335755,-1.7742847695028923,-0.7054237140024512,-1.6800797730470984,2.461916286500172,1.7103508357500403,0.34741047769510236,1.4183452213504368,0
1.006907886289111,-9.861816584282877,1.5279090470516312,2.046070173833414,-0.2070239606860313,-2.1875262151889787,1.076999609461957,2.3107906902388056,4.989499331026985,-0.18142386111809947,-2.788634770164655,-2.503995267951177,-1.2467357864425699,-1.8929710769218067,-0.8974742331760249,0
-3.603245997535409,-2.6857630321816632,3.213300252840553,0.27186318161030965,0.9183631149338709,-0.5910089267477127,2.8265883642589245,-0.8816783032949047,-3.868946413200171,-0.10798346674527037,-3.3848351943216577,-3.2061647569262535,-1.0373392868949831,0.557738828932371,0.23118736056133304,0
-1.2686029783093349,2.3023505151484986,1.3510174807649218,1.6054944628621788,0.05649634141848441,-0.8149554962167124,0.06771204620198779,-1.509986448756568,-1.9551342602040962,-1.5637410876713795,1.2777656597273612,-0.41780814317336423,1.8176262207858445,2.491248330007266,-0.9313463989028005,1
1.0838115602704113,2.237464042364291,0.5535538857964033,-0.5999983758338088,-0.8092759193872399,-1.2629463724912844,-2.6976764742669417,1.6786675207604462,-1.6383868332247504,0.2143522082769957,-1.044720319011983,4.199298026603618,3.3487253931458207,-1.779823175323434,2.8606560021188816,0
0.45340580864029434,1.1873825701036076,-3.118941812646643,1.5741764243246639,-1.056638214705522,-0.3308546652319653,0.4280847571336239,2.5320235240113704,3.1154747688072066,0.056824062149305965,4.8946318713462835,-2.1822086612959937,0.05584816573600082,0.7454614547455006,1.5930032297123526,0
-1.608282335426747,6.73007290553074,-4.366210277476302,3.0280921186060104,-0.48633387724302024,-2.7896744173409314,-2.031913359318698,1.7428219450909614,-0.36884151893432005,-0.7957550770614096,3.2890756831771433,2.2465086143846844,3.094456087195722,-1.0524259602426724,3.002414011945705,0
1.2633448203989772,1.5309898395744679,1.0382445766787223,-3.739742573849332,-1.7072411352053674,4.262416453805104,0.43233039890880365,-1.6544197987180305,-5.1076826403242075,-0.327368690943752,-3.8722563672581387,-4.353092430209786,2.5251091735798994,2.7427966043700196,3.0735678425191653,1
-1.520109798646367,5.373381144751226,-0.2421185144626965,2.835776741976027,0.0124049831465862,-0.2929312745028785,-1.891233881189894,1.3261093761882803,-2.127597073919849,1.4840605532206974,2.0984561819521295,0.975851502090905,1.5762549202693448,0.579976576957259,3.582666324884934,0
0.2973206235274295,0.6100301873169409,-2.5953049199779716,-2.232483746173305,0.9153183002721513,-2.1047270134941867,-0.42000951875780124,0.5637693833922871,0.3407718790643335,0.7344816559779378,-0.6143082743281685,2.0691390325268486,1.8576330027541708,-0.051560318322649144,-0.32096219956957595,0
2.53023391713279,-3.788585129067435,1.8965681046160834,-3.661963299311826,-1.258870556370253,2.0111393698880518,4.172935774544214,2.532751859644322,-1.5410728467448587,0.8306556912954083,0.842858205954411,-0.4941866743364758,1.899404084715235,0.35566987283862367,2.0478247681233204,1
0.055570320481195035,1.4428310028836409,-0.4069120647050546,1.0834464244001312,-0.012195566593894366,-1.3396842709363586,-0.3377109831177776,1.1472979821963747,1.185727457095524,-0.896084697880049,3.240130912569652,0.3698347258948431,-0.47924647829934686,-0.7461360206959045,1.3481826273881157,0
-2.040462062730633,2.9553596479516275,-0.4655394824380099,2.8642176782261473,0.24330822528875026,-0.42471566593972976,-1.4177673205398993,-1.5939175799586025,0.23508966042111765,-0.06074065688710121,1.4563294353233796,-2.7463296078091104,-0.6030880150100217,-0.30957627357975087,-0.9608816184152201,1
1.5209088239481452,-1.4227198120936035,2.2505688742697005,0.5044311540182749,0.9348016626956545,0.8441693808618659,1.2856827257582282,-2.016649283950714,-2.9423833216154627,-1.080252561578079,-3.816752221502011,-1.1101811420456702,-0.9627857840235103,1.6391321279295334,4.504253763423177,1
3.359787872332766,-0.1975484666235779,1.497363966770035,-2.9416259927362285,-0.507345195984036,0.9696466230546749,0.5650741508030661,-2.9054575618457337,-1.7839835524445578,-0.1575619555537773,-1.1928299011372716,-1.1804693916617257,2.5761186052647806,1.5622442106382912,0.07937374108840545,1
0.05971725097749103,4.809653205165635,-1.893014668477667,1.7368491243941366,0.48342823064746115,-2.5236266402698533,-2.0326403646652293,1.197351789880373,0.296869907528515,0.8025011536933694,3.257378539948368,2.2972070241164353,0.6534005026041334,-0.6110143517605632,3.657709676496824,0
-2.6967889253386366,4.0231238516826515,1.391557587276449,2.9649866285608937,0.8117403137671578,-3.1838834638211306,-4.748048156380943,-2.624229680986624,-0.407649262955126,0.7238796866005448,0.03983070731048821,-2.540796746588552,2.869409418483368,-0.06140855086615696,-2.8866268431876074,1
2.95841824791972,-6.272954830902731,0.900083615664282,-2.532850251990708,-0.7138541602930133,-0.7675102846567339,3.8282678023395964,0.8818931633676317,-0.7628379463968895,-0.5323556702661748,-3.20999643030218,0.5237795389366533,2.4290921791245976,0.2973525428275529,1.7681853172238036,1
-3.302817628466374,3.8111833291314623,1.5971290929557367,3.2523903269871344,-1.5118047446784004,-0.7573626912436371,-1.0602328575918787,0.459895712489212,-1.5530082962222695,-0.5316381701269749,2.610639601531589,-0.6020288300827032,-1.8668254325374543,-1.112101893948008,1.7647557905875375,0
0.7270248547532985,-1.1378631610534649,-0.07033108924654718,-0.10737157891462812,-1.5195133382410844,-0.6164184724781474,0.9837217319035583,0.8418856613124034,1.6322301033657192,0.4584725691988813,2.136918661072124,-3.1228903313525347,-1.9426827658454662,-0.21980270560773324,2.23687688957655,0
-0.3830044890840034,4.449091583300428,-4.039634320873104,0.15588768751385151,-0.13397847400879806,-2.558111374144615,-1.780918659012811,1.0878334899518116,-0.5351551610194332,0.5096672754635975,0.874669353954499,2.6326101014522845,4.7294265460093,0.001734935873873215,0.9159934465371826,0
-1.100357833590699,0.5895370585624672,1.295383546943708,3.3906853636433802,1.8476397080256943,-2.0580798729262617,-0.48051357231318126,-3.1882573767102143,-0.32947778526353716,-0.17530181643194626,-0.1409414567818128,-1.8650900806430766,1.1853120768064063,0.267968799210738,-2.1019593424131724,1
2.324919424602078,1.7012372788620944,1.2929848992536934,-4.116992800445999,0.6063215333663162,4.382544118522941,1.6732202239816683,-1.2624576523310929,-5.3387322763248894,-0.6144154802612122,-2.100134455612337,-2.404928261622659,2.930680344394848,-1.4320196312208788,3.4440653753159367,1
-2.804451551201986,2.8154020573206107,1.2836503225839038,3.183631881680982,-0.37660474394153076,-1.2448360086503343,-1.6111990206459241,-1.7568109458134127,-1.8837547591020634,1.0626274973879888,-0.05278993789111408,-1.2217414918030727,2.537698307401391,-0.08740170969117815,-2.1060603091031687,1
1.2824531706852547,-0.9612254311158193,1.3066877969589752,0.6118777442834449,0.029104067148411294,-3.2491948659679526,3.7759055047249914,-4.985142989833156,-4.089381443030093,1.2511489130189024,-2.9134263856445246,1.3320348362732508,2.2819447171208993,-0.5099145018382725,1.3259853049129755,1
-1.6580167443759641,-10.849378459359853,2.9123600065808697,-0.002369234725070557,-0.7054337240572864,-0.3289787137909721,3.577786816993913,4.054398335830976,2.673777945741252,0.20252088273393662,-2.6618313154517357,-1.5907479335196246,-1.9343931120196605,0.08918769723854421,-2.8879758408716976,0
-0.7872675165339267,1.91136120603329,4.69086658151282,-3.51286827716319,-1.019426733775593,4.5521171139094605,2.399534221276518,-0.3779440333776485,-7.484162135861837,1.9743731550892953,-0.5341448070638302,-5.778800448227866,3.232076440963777,-0.772517475684394,2.721173142815803,1
1.6937413528843805,-2.962573776474955,-1.0612230333517298,-1.3299455229271553,0.7888946307844868,-0.20805373207000755,-0.5261659623568313,2.9339074389011737,2.851456404790005,-1.223669272060771,0.6487584822005861,-1.1114017922890433,4.0229926012707224,1.2154705420797873,-1.7758676666437383,0
-0.007593514321875716,-4.296225303150242,3.1735688447141808,2.102355847505799,0.36939486101994184,0.9851491414223353,2.842050506427441,-0.08767960365848215,-1.354492682297028,1.0917634909166438,-1.856108692447335,-1.6703560069592516,0.057014673021888784,0.6819811693226466,0.7206217577892601,1
0.8267942076646536,-4.870291959645359,4.095235227035898,0.15418701589476647,-0.7942818471350348,1.330042999943042,-0.6794417968115884,1.2275867778293095,1.5766078492437459,0.014033733881851279,-0.9789053145393469,-4.386360230460024,-0.01296429676997568,1.0949695696960795,-0.7998242807043443,1
-2.5471503391640535,-9.313210731787388,1.6769432077581077,3.878249058439396,1.263189123018033,-1.3359090833362557,0.9637205637216624,3.895009405387573,4.774762517352087,-0.35870624076616664,-2.799285117847126,0.7225653597666075,-4.584875315274822,1.4425916214453727,-2.3835537465396595,0
-0.5637523076112032,-1.1042703674274779,4.968677920165125,-0.8507877297452124,0.6560435672029604,1.0778267884616373,4.393063554114969,-0.3503847485280567,-5.467952553347933,1.245725077602997,0.42371319996623047,-2.1886318613383953,1.33453134471387,-1.2301921166964744,2.5264849892220043,1
2.474289886709034,-4.539598593370185,1.1354988238806327,-3.177852076001299,0.8728789499187865,0.11047689342476619,4.650550622890794,-1.0084916357650187,-3.5193160063991775,-0.711058356600492,-4.407003891049305,-0.07782999033082905,2.192638963424862,0.37681507104077705,2.754384149391658,1
0.1985636945009115,1.2756291559144837,-1.5323457229678943,-1.6627122346532843,0.20143654391728583,0.33678230876443527,-1.5570749182695358,3.5724225294249017,0.8792674178326911,0.05472642511002143,1.1715486418723544,0.8140537444123193,-0.019644529809548672,0.16377687119285475,2.629079590091603,0
-2.488443475980058,5.089221358211294,-2.8196538379074885,1.1382310216033007,-0.05112178873304408,-0.6688611560307225,-2.0123204824714227,2.5772752681131674,-1.3643206709029991,-0.7018583902422526,1.2897354668613246,1.785811689058813,2.6811309888847736,0.19860295018044843,1.6091834235762956,0
0.5386824896621891,-1.2970644823182038,1.3660456616662908,-0.1242355811308562,0.7069289851361691,0.11259666078200326,2.5083626336366307,-1.9245635213840988,-3.606023437221368,0.9839269092062237,-3.398775460985231,-1.2632474272943706,0.6441066463602033,0.6506108961061356,3.096101474244876,1
-1.7176158847584995,4.385018906191201,-0.8742947392749731,2.3593931580542615,1.392864689751377,0.9691196324784923,-1.2971535675027885,0.4380957652909332,-0.8757245273570566,-1.262850240148433,2.5797451858883935,-1.7346611497835145,1.5048930303240522,2.4737591571125623,0.4379823740258928,1
0.993327995893555,0.41289669694304804,-0.4264136981224429,2.901842332613359,1.3242777631296714,-1.0266343057744203,-0.9464757270898618,-2.0700680733406065,1.9398289377091742,-0.3615904658640628,1.3449599805576886,-2.9519914318471026,1.493641077440168,-1.2199308999902159,-1.2093812064022922,1
0.31499318906466267,-0.3287930704733036,-3.622390926395509,-0.5924080744688389,0.4295913033140909,-0.056146591857091144,-1.6490192466474343,5.263905706883415,2.8124746225623056,0.9294790620935388,0.9349696643101518,1.687139784271361,2.916020821842006,-0.44131900440009764,0.5180879839241509,0
-1.2085001735798682,3.2391777747834665,-3.117799545407242,1.8136419488984847,0.5017163242341968,-5.9970017286202975,-3.1967167792493747,2.5987812512648825,2.089124594885555,-0.5503535878198212,2.4559085948660906,1.4485761921429572,2.5286320858074305,-1.0103297875965338,2.3825193212054314,0
-4.756917958772317,4.331673594007064,-0.37066617353299147,4.113612031653913,0.1856695590444871,-0.5622880744663057,-1.1316465532439781,1.6191997940254472,-1.5800134146829505,0.012943980145232497,2.326567398900411,-0.29972159627847983,0.9198936595210899,-0.039360624810149646,-0.185620746567577,0
1.114428130871668,1.4449613203019558,-3.8353732447307882,-1.6210110755690796,0.7776404379759422,-2.034486660558135,-0.8083317169244639,0.8796265646693103,0.5928270167472887,1.1682325990194617,-0.28481397525235597,3.1916749772748796,4.0484059336860625,0.7760028599347263,-0.3985835178436472,0
-1.4556759021812107,3.1069260884727816,0.2912107934597661,3.42014784029557,0.37815593560696337,-2.484622014082478,-3.5019058969958845,-3.047297654946207,1.5185740814509283,-1.094247826361592,1.3868200510641793,-1.9212297062629526,0.2940320266484209,0.13622316237666343,-2.9514991915859112,1
-5.122095900702407,7.53567299220786,-1.2393922704146692,3.978409473008754,1.0765753152442592,0.003335484192823701,-1.7646239348139134,0.8234277872503148,-3.551755687729736,-0.15134573464928072,1.7762358825822668,2.6199938958618616,0.985918536575756,0.9279735374200438,0.6586386614622368,0
0.639681459223576,2.8473832400577415,-3.4730793479032647,0.001652507577801332,2.0551927425907137,-0.37176713002501693,1.1862843068894837,-0.9505831654513481,0.38254101726962164,0.3939632237346047,2.5211276950831802,0.31185685753829495,0.11834317027051733,-0.8748412772332184,0.6327017905370318,0
-0.36709555223405754,3.8150479201779803,-4.756371168263893,0.8841290506014767,-0.4110558072784743,-2.4096329275237305,-0.8033177494825026,0.3346805888853497,1.01252838892503,0.2290329605981383,2.194139829988681,1.2379539111123508,2.7000949209185707,0.7201634327682686,0.08946347405405897,0
-3.197645394349114,0.4693031943822113,3.584991704411006,3.337909085715516,-0.7527574968571061,2.7973596436935955,-0.8944813126807736,-0.7260757785050047,-2.851610634733884,-0.2540205661706743,-2.416261214730332,-2.826581791480466,-1.323312692507136,0.810530762789549,0.030637042875151232,0
-3.109108946585306,3.0728278895899526,2.5620905263889364,2.66296463965678,-0.875781275052755,-4.507736443376224,-2.849359585803088,-0.007298999956036889,-2.453045568205899,0.4450972578421455,-0.4442323304144733,3.8278967557277186,1.7085405932000564,-0.4024836828238803,0.4432574303858765,0
1.3688431218763817,1.613704479194696,-0.8321745904056392,-1.657038820256177,-0.2550217387812019,2.2138687846725933,-1.6467542492141805,-0.5338009318938047,-0.29901529702000057,1.1258321790117507,-0.9426334989872939,-2.118949872068927,0.7498268228721464,0.08688513987781159,0.9932944565787478,1
1.119274251115355,0.4100684685827967,2.8002867013033628,0.3728180983272973,0.17695924973983332,2.613425571489619,1.6152859606131693,-1.9563330725559864,-3.697345843783087,1.2708122296569129,-1.4571700615653922,-2.0469234726285688,-0.47684746462747785,2.350339120154303,3.602128635163206,1
-0.4632929339121352,4.63786324538294,-3.1021145354292976,1.7966291800997103,0.08059582402974991,-1.7504076804584483,-1.2872734806852872,1.0268414956961163,0.29134861669560874,1.504112837700796,2.7676565967280458,0.6212979408866212,0.3472199799890132,-0.8537863800280407,3.557203175614683,0
0.8008862651481984,-2.2663049136550213,4.499582823918528,-1.264144629521141,-1.5330015786034301,3.11792544416559,3.275558495919495,0.855488236989971,-3.5023507973904566,-0.8826788221605966,0.45660194295994416,-2.6785840196731714,2.104149018150546,-0.9561680602506695,1.2662578941049418,1
-2.2687450029448497,-0.6239063110723149,0.6863291928735663,-0.6821038755052378,-0.2265991640145975,1.7419663238762713,2.3932849422778024,1.2365207855432039,-2.928340127809617,-1.508848683629496,-0.4941246125628662,-2.3639835863543976,3.0057608038686787,0.10933690359734571,-1.3316769820665793,0
-2.1237496882441147,5.8633686015640105,1.0512657373265555,1.202075531242911,0.7184797386806455,-0.44513030682320953,-1.0641701012464206,-2.7847202205081176,-2.435558351663044,-0.6640097777224797,3.12393443571519,1.606402243944991,1.0031263162377009,-0.30581946332629767,-2.924874822283388,1
-1.6862016477490338,3.712153059296761,3.4192602601930364,-0.38505738501168474,0.6549244483515344,-2.19014882290173,-1.6991550205868944,-0.6604913593820783,-2.3154083568532964,-1.5069871846261038,2.9567609320319574,-0.5272034472240703,1.5839933711687058,0.4461709444432463,-0.4252482249698093,1
-1.2125613975342715,4.402263144765408,-3.1121517835693675,1.346731717577232,-0.8544665062670321,-1.0613110432917123,-0.6385651309485045,0.34076542561466905,-0.8835193042800692,-1.3929326375886175,1.6370890793238067,2.0271933968151075,2.5676172732385814,-0.04839905062857898,0.27442306509895786,0
2.264841479904989,-1.1283832407369239,0.6406873084830457,-1.6853462644364539,0.630665409887673,-0.6683147153750202,1.0476248229289464,-3.0128627883339165,-2.3671971965268503,-0.6065820191190638,-3.625172949977901,-0.7305108005291716,2.3962716639018726,-0.04303993223658949,1.2800871970658425,1
1.3212119960865096,1.4651179655043731,-3.436321882773938,-1.0673271865611782,-0.8212867957201709,-0.7166383596242631,-2.4409388461171515,3.733430327684071,1.105948323313666,-0.9890044382860126,-0.059362905706974445,2.807699203731712,5.141171407608379,1.910435632133414,1.2856867752279575,0
-1.9855426481914809,-5.986367696341142,1.1573815263454117,0.5084888216881802,-1.8046029093892233,-1.3319537912968735,2.6864126945334386,2.8525891113247415,0.8068155943163376,-0.6391392177850403,-1.4664449060682774,-0.32613928645727297,0.3539401623528238,0.7311108396894743,-1.8378263117635343,0
1.895100670974507,-5.63740054151551,2.6646695009918973,-0.6322350379332579,-0.2508841795823693,0.322129557353094,4.013182002041459,-1.5355163293120468,-1.9517647593147418,0.48398016196619054,-3.566460640568751,-1.180167057117348,1.387324875494645,0.23785793402800734,0.4798398404737876,1
-1.0580414331660606,-4.564344186596951,3.076594864392768,0.2512608668049685,1.805354459125924,-3.3456962198025986,-0.9302866753941461,1.2518998274731048,1.6628187753541412,-0.9234156249903548,-1.7486317955755954,-1.4594820506884805,-1.6674977260877712,0.5864090099699019,0.026862901991626664,0
-2.0161983656249136,-1.4482419109769138,1.669016872225328,0.8325529104885065,2.4504557341315008,2.1900027447781083,0.9164640109930486,0.6529570817497473,-1.87562316333766,0.17044705041296596,-1.7704492892887165,-2.942422877486228,1.11216324243849,-1.0152542733462815,-0.9594221665949753,0
2.137101011029221,6.623700082882303,-0.7146538825183213,-4.362813109265698,-0.5562790648704103,4.84864552882264,-1.0083850222356432,-3.04956050488772,-4.147611166936223,-1.1373402006101545,0.6998210429486309,-2.3233901978358715,2.801976738762038,1.4344253164448015,0.8022497586575748,1
1.1505652545028369,3.3550020945716836,-2.996357300406442,0.146993332060952,1.1716821972228113,-2.7610744326726344,-2.1416775697065207,1.71946111354177,-0.19416507673991673,1.5964645248001856,0.4867823082593701,4.467871846620783,4.8321142271894715,-0.3701116034225179,2.2051857096447303,0
-0.5109217273183418,0.10562742691222787,4.750703550940724,-0.728718632588139,0.16931372385385732,-2.903788321773357,-0.23538319907065053,-1.6150365386665113,-2.663934988109302,0.7834311866438803,0.4534190837788501,-1.5983079444813093,2.650173312124497,-0.4039010833862068,-0.45830275579463486,1
-0.36536323357220835,3.445452112368063,-3.9547218463297797,0.23087356961986472,-0.3454069518325343,-2.821046733062623,-2.523183256669234,1.9487722812100814,0.4540647443122186,0.4832904964290231,0.46757405078076264,2.7687980758526303,4.813554021884405,0.5959633088310913,0.5228882493014723,0
-1.2998986893271145,2.4306688883718133,-2.563430759526697,0.8597354068680123,-0.3277876896242152,-1.7077370135968368,-1.0046021492832198,1.6716315849674854,0.7263001506406479,1.1847555034110568,1.7597431882977728,1.2272778372016215,1.3391936059596867,-0.5348428545247115,0.24182258212171104,0
1.5075185521316872,-5.634366138359291,2.2202113275115414,0.18260318405582532,-0.4206193424560216,-3.057834941146882,0.993151567891757,0.5721867062905802,2.388294723702164,0.06816710038658609,-0.36798261533897536,-2.782046289023566,0.42916667190091284,-0.219107162333627,0.2780587281951796,0
-1.1321246161971155,5.303441704876805,-3.1125053611230507,2.0947579116472976,-0.20066314311180655,-6.436993361103481,-2.1685055052915634,-0.8604544194576653,-0.16059295440440868,0.48693655739992736,1.8256484736127265,1.7471471027566576,1.9929751691416788,-1.9309082005201545,2.894509939111649,0
3.5248445762773657,3.913370635429071,0.3873645947113231,-6.367683302167576,-1.7869890098107923,4.07701353067668,2.2329852353508293,-1.6840405030408385,-5.272485580923151,-0.025733794839247516,1.098212694281147,-0.7583297300806578,3.6798274814814538,0.7789321805205109,2.54866125919861,1
-2.052921554910281,4.933143997558022,-4.4323392842901805,2.331989456959326,-0.632000604604313,-2.7887333591133316,-2.102902225887656,2.4053862073099745,0.8286860756019409,1.1405163348462193,2.5296171171426987,1.743919245842048,1.5903629953664618,-1.1666921959392664,2.1752575200487185,0
-0.6980727744926281,-1.9995312692889884,4.3763155770478654,-2.2827513316734818,0.6907823264806331,0.3913713279395654,3.812564456531183,-0.596163905096256,-4.423689492079503,-0.26064884989492215,0.4156622091939015,-4.197825649964559,4.565309631927738,0.05139196897484001,-1.3787654853855194,1
-2.183791795377858,-2.9117505274369266,2.2605992285214587,0.3636372545483524,1.118169414895207,-0.7958861681140297,0.8575362917040147,1.0156044992668445,-1.0973545218676317,0.0839815774947546,-2.1779065969741875,-1.277973907495958,-0.5571866208601821,-0.040244274692185604,-0.0762315963414395,0
1.1023313333962284,1.475638983081208,-4.247588015940627,-0.7285578405475515,0.5404568047891768,-3.7923253174562372,0.014139632258916235,-0.5337223924665326,1.6167587277763518,-2.4292929676734887,1.0128758214502227,-1.6268716808464245,0.658870294430905,-1.0495464594818074,2.7396413671783773,0
-3.5117714799852484,11.718459974075763,-1.6932778243599187,0.23405485300513784,-0.9453500733072364,-2.897238513967257,-5.161868111946518,-3.2973838057036122,-4.337856989960278,-0.24594978454560504,1.763581212271772,-4.023364754295142,3.6866989243548685,0.15927197216700772,1.819989112747698,1
-1.8002004513940382,-2.3680362937766155,4.362172377957502,-0.004015146151856497,1.5676503597875036,-0.6825335523927957,0.36148345106563173,1.020579991358057,-2.252948740120735,1.1806432316604467,-1.547798149579149,-2.5763978207447416,0.7359400531436044,-1.014477491016303,0.7703868543391117,0
0.7540421429939248,0.7233761867723358,-3.4888587141304948,0.1531612330300396,-1.2224792253175578,0.19186388720396086,-0.46533186476018273,3.004048829108858,2.663215066860181,1.5106929323381741,2.644110750454927,0.4081895465277614,1.740547904061518,0.5276965033001229,0.22212066260977226,0
-0.9221773290959723,2.698518767355308,3.298454320360044,0.2759019676157375,1.0965937891821234,2.0134177651787173,0.40997683559975573,-1.7691731762652474,-4.725420333647422,0.029183758055412807,-0.24670417603498462,-4.044929481375839,1.310338109502834,0.0008213367794600936,2.329815123030673,1
-0.3067820610322869,2.3910736539145434,-3.679186021907569,-0.3857719045574084,-0.3908914202104039,-3.992058124935452,0.19498001215522076,-1.1859601699174593,0.7071533588744553,0.7591391989201097,1.163389059618648,-1.007196163451101,-0.4793292548311894,0.28848984426624635,2.0597214830238206,0
0.3404180960163967,-3.3969100153566925,2.405747571862114,-2.663751315988487,-0.9334212667102668,-1.9005236443508822,3.882205515976927,-2.107767575334539,-5.431648165107725,0.6069137102870481,-5.231286667610978,-2.105051971402481,4.326845702099936,1.5686819188413577,1.8541280752056282,1
2.609303902646559,-0.8933767876539724,1.5997299598811385,-4.326744476145928,-2.058680686205292,1.4382898276352039,3.6088062070973024,-3.4488722410394974,-6.090729444671811,-0.8580870493455784,-4.740632415366768,-1.473596908710683,2.9206086303108543,1.8218953159260207,3.289868607615721,1
2.3897894439187595,-0.7227532358119759,1.3498284271272396,-0.5777549167552916,-0.2402568398344221,2.98069063035891,1.8333722473224896,0.242273668400955,-1.2650954380820538,-1.1586550973229164,0.7631185891162433,-0.22931851588839303,1.535706224652569,-0.8937452821176533,1.247976689044933,1
-2.4418273034639655,-7.7621797177745115,4.1035955318890345,-1.15596859946237,0.2984278994828184,1.1881634770532292,2.332861445398504,4.617772115773894,0.7662498626060683,0.061770871376545564,-1.1598386587486906,-2.133115323218221,-0.40405288937423545,0.508368676721951,-3.052698791665846,0
-3.641516054000228,6.362888978412852,-0.5140561925562395,5.090483841163867,2.0523954921212058,-3.246457536264961,-2.653847851757211,1.4179998054299217,-0.9236054361097996,-1.2344221720663362,3.9360316882919517,0.6961804820574528,0.5670684430586221,0.678377199644627,2.933200271166746,0
0.9575790240177418,4.475688510172573,1.0970882792650805,0.5824714725062465,1.0216508350576774,3.2328366471333476,1.6311266580148227,-4.915492117639805,-5.617146396063087,-1.5459547779230411,-1.2811815826434374,-0.8243372400099725,0.2828441425218007,-1.7762989615657787,2.786117723610585,1
-0.3554362741376562,1.4135515116300656,-1.2719386857564736,1.0842309030671007,-0.745763744110666,1.0186202118174084,-0.46964859110299595,2.833284279406863,1.2224594031546647,-1.687741408124364,2.783214904183283,2.2876824665602715,0.08734664729632446,0.2343139886115539,0.18889799994615308,0
1.1085496917531916,-4.771914881667581,4.062477750712068,1.2802838875362226,-0.1277072071486352,0.053729773169168826,3.593406733771274,-0.4893735495742315,-1.043246808825377,-2.2176465207197604,-0.09178648731519723,-1.19267628883475,1.352170340474892,-0.3053737360936483,-0.44334096253349387,1
-1.0166032855369034,-3.6233409235543927,3.6580759624690558,1.879418680485107,-0.30659452464225245,-2.8883639763199795,-0.5841025746691102,0.9085764437606234,1.1281676920144437,0.5859841797505183,0.17088090268958456,-2.6802607406355543,2.1318754732489342,0.6639103275668566,-1.8640519143240675,1
-1.0959266468592554,-0.7933375581324564,2.572496246137184,1.517646625137153,-0.18478083264279324,-1.5175842113545155,-1.4966770473628046,1.3745660386396823,0.7822164786047275,0.5952383640551641,1.5436985885918468,-1.7646629507394274,2.2823074236752237,-0.9281862007635379,-1.6045469008722837,1
-2.081937567324094,5.618840982644667,-1.6310240339983952,1.2301573583738779,-1.2425321147227057,-0.17481837258812072,-4.679377679268056,4.776539180876946,-2.4847970000462882,-0.3919479071942671,-0.647227394934137,5.204563304155943,6.163599265470873,-0.33685834928947517,2.2703518747064635,0
-3.7397281194101497,6.167502413869149,1.1148727974831694,2.0672970220245084,-0.24113494438790298,-3.3992089497330857,-2.974661545037085,-0.7911396848485657,-3.773650688650917,-0.17995554918037482,-0.12696570596457302,3.9317265460328277,0.5682726737840159,1.5169053533358814,1.5213564548014125,0
-1.1539649994488739,1.5499568647984805,2.4600417665315812,0.4960323493198915,0.7777947517214098,-2.017475097553845,-1.767296673744829,0.1545770269394131,-2.758355232372127,0.8643070588515412,-1.6535067002342227,3.0751000653347513,1.6306874285903856,1.0939069516324653,1.3678762439541465,0
0.5284663987740591,-1.5544639454092906,1.1551141665825875,1.1712173159692885,0.5170276448247577,-1.4454197481726654,4.000888341300149,-2.0843895354939974,-2.7781819233030753,0.1613870496345091,-1.0587486925730019,1.4521317035995898,0.7949671970202634,0.8585514701033784,1.4603781306464412,1
